customer_id,base_value,Final_Value,discount_amount,discount_percentage,Discount Exposure,Conversion,Profit / Margin,dwell_time_seconds,price_comparison_tabs,product_views,cart_added,ground_truth_persona
CUST_25795,1316.0,0.0,0.0,0.0,1,0,0.0,41,1,5,0,Lost Cause
CUST_10860,1162.0,0.0,0.0,0.0,0,0,0.0,207,2,5,0,Lost Cause
CUST_86820,1252.0,1064.2,187.8,0.15,1,1,473.17,17,3,4,0,Persuadable
CUST_64886,1331.0,0.0,0.0,0.0,1,0,0.0,284,1,3,0,Lost Cause
CUST_16265,1319.0,0.0,0.0,0.0,0,0,0.0,136,1,3,0,Lost Cause
CUST_92386,1702.0,0.0,0.0,0.0,0,0,0.0,258,0,1,1,Persuadable
CUST_47194,1199.0,0.0,0.0,0.0,0,0,0.0,10,2,4,0,Lost Cause
CUST_97498,1062.0,0.0,0.0,0.0,1,0,0.0,32,1,3,0,Lost Cause
CUST_54131,1746.0,1746.0,0.0,0.0,0,1,1020.43,69,1,8,1,Sure Thing
CUST_70263,3614.0,3252.6,361.4,0.1,1,1,1688.16,67,3,1,1,Persuadable
CUST_26023,4666.0,4666.0,0.0,0.0,0,1,2478.35,40,1,1,1,Sure Thing
CUST_51090,2515.0,0.0,0.0,0.0,0,0,0.0,67,2,6,1,Lost Cause
CUST_77221,3568.0,0.0,0.0,0.0,0,0,0.0,26,1,2,0,Lost Cause
CUST_74820,1683.0,0.0,0.0,0.0,1,0,0.0,73,1,6,0,Sleeping Dog
CUST_10769,1661.0,1411.85,249.15,0.15,1,1,644.96,204,1,7,1,Persuadable
CUST_69735,1742.0,1742.0,0.0,0.0,0,1,991.04,88,1,5,1,Sure Thing
CUST_72955,1059.0,900.15,158.85,0.15,1,1,463.1,12,4,4,1,Persuadable
CUST_74925,3628.0,0.0,0.0,0.0,0,0,0.0,75,2,4,0,Lost Cause
CUST_77969,1834.0,0.0,0.0,0.0,1,0,0.0,13,1,4,0,Lost Cause
CUST_15311,1708.0,1451.8,256.2,0.15,1,1,705.39,416,2,2,1,Persuadable
CUST_93104,1831.0,1647.9,183.1,0.1,1,1,781.78,26,3,2,0,Persuadable
CUST_63707,4892.0,0.0,0.0,0.0,1,0,0.0,157,2,1,1,Lost Cause
CUST_95305,3355.0,0.0,0.0,0.0,0,0,0.0,442,1,6,1,Persuadable
CUST_38693,3476.0,2954.6,521.4,0.15,1,1,1434.56,219,3,5,1,Persuadable
CUST_81932,4770.0,0.0,0.0,0.0,0,0,0.0,154,3,4,0,Persuadable
CUST_35658,1238.0,0.0,0.0,0.0,1,0,0.0,229,2,4,0,Lost Cause
CUST_94478,4727.0,0.0,0.0,0.0,1,0,0.0,490,0,5,0,Lost Cause
CUST_28431,1230.0,0.0,0.0,0.0,1,0,0.0,126,2,4,1,Lost Cause
CUST_12747,2553.0,0.0,0.0,0.0,1,0,0.0,108,0,4,1,Lost Cause
CUST_69150,1296.0,0.0,0.0,0.0,0,0,0.0,128,0,4,0,Lost Cause
CUST_75725,2649.0,0.0,0.0,0.0,0,0,0.0,101,2,3,0,Lost Cause
CUST_94654,3360.0,3360.0,0.0,0.0,0,1,1748.63,130,3,4,0,Persuadable
CUST_45773,2354.0,2354.0,0.0,0.0,0,1,1264.3,81,0,5,1,Sure Thing
CUST_77435,1294.0,1294.0,0.0,0.0,0,1,687.88,39,3,4,1,Persuadable
CUST_66886,2454.0,0.0,0.0,0.0,0,0,0.0,25,0,5,0,Lost Cause
CUST_76803,3356.0,3356.0,0.0,0.0,0,1,1920.11,18,0,7,1,Sure Thing
CUST_41551,1693.0,0.0,0.0,0.0,0,0,0.0,46,2,5,1,Lost Cause
CUST_21394,1830.0,1830.0,0.0,0.0,0,1,1062.28,15,1,4,1,Sure Thing
CUST_79092,4917.0,0.0,0.0,0.0,0,0,0.0,110,0,7,1,Lost Cause
CUST_13890,9500.0,9500.0,0.0,0.0,0,1,5007.41,50,1,7,1,Sure Thing
CUST_51606,6444.0,0.0,0.0,0.0,0,0,0.0,218,2,5,0,Lost Cause
CUST_90038,2352.0,2352.0,0.0,0.0,0,1,1389.73,19,0,5,1,Sure Thing
CUST_97313,6451.0,0.0,0.0,0.0,0,0,0.0,40,3,5,1,Persuadable
CUST_20627,3548.0,0.0,0.0,0.0,1,0,0.0,167,0,3,0,Lost Cause
CUST_18792,2594.0,0.0,0.0,0.0,0,0,0.0,119,0,3,0,Lost Cause
CUST_83969,1227.0,0.0,0.0,0.0,1,0,0.0,17,0,6,0,Sleeping Dog
CUST_53001,1670.0,0.0,0.0,0.0,0,0,0.0,261,2,3,0,Lost Cause
CUST_86552,2376.0,0.0,0.0,0.0,1,0,0.0,261,1,4,0,Lost Cause
CUST_33897,1667.0,1500.3,166.7,0.1,1,1,756.83,58,0,7,1,Sure Thing
CUST_78148,1282.0,0.0,0.0,0.0,0,0,0.0,59,4,5,0,Persuadable
CUST_33483,1840.0,0.0,0.0,0.0,0,0,0.0,551,3,7,0,Persuadable
CUST_58555,1205.0,0.0,0.0,0.0,1,0,0.0,128,1,3,1,Lost Cause
CUST_27159,2488.0,0.0,0.0,0.0,1,0,0.0,100,1,2,1,Lost Cause
CUST_90077,4791.0,0.0,0.0,0.0,0,0,0.0,228,2,5,0,Lost Cause
CUST_45920,2608.0,0.0,0.0,0.0,1,0,0.0,50,1,4,0,Lost Cause
CUST_77121,2356.0,2002.6,353.4,0.15,1,1,936.02,77,5,6,1,Persuadable
CUST_79479,1234.0,0.0,0.0,0.0,0,0,0.0,47,2,4,1,Lost Cause
CUST_99475,4714.0,0.0,0.0,0.0,0,0,0.0,196,0,3,0,Lost Cause
CUST_29457,1680.0,0.0,0.0,0.0,0,0,0.0,112,0,2,1,Lost Cause
CUST_76557,1126.0,0.0,0.0,0.0,0,0,0.0,139,0,3,1,Lost Cause
CUST_87189,6471.0,6471.0,0.0,0.0,0,1,3756.75,44,3,6,1,Persuadable
CUST_88953,1146.0,0.0,0.0,0.0,0,0,0.0,39,1,3,0,Lost Cause
CUST_62995,1935.0,0.0,0.0,0.0,0,0,0.0,90,4,6,0,Persuadable
CUST_50757,1096.0,822.0,274.0,0.25,1,1,304.63,170,3,5,0,Persuadable
CUST_19692,3439.0,2923.15,515.85,0.15,1,1,1322.91,99,3,2,0,Persuadable
CUST_55758,1211.0,0.0,0.0,0.0,0,0,0.0,13,2,4,0,Lost Cause
CUST_82409,1050.0,0.0,0.0,0.0,0,0,0.0,253,1,3,0,Lost Cause
CUST_81211,3510.0,2632.5,877.5,0.25,1,1,1085.31,18,0,3,1,Sure Thing
CUST_75697,4935.0,0.0,0.0,0.0,0,0,0.0,384,0,5,0,Lost Cause
CUST_47065,1918.0,0.0,0.0,0.0,0,0,0.0,13,0,4,0,Lost Cause
CUST_42606,1173.0,0.0,0.0,0.0,1,0,0.0,152,1,7,1,Lost Cause
CUST_21534,1851.0,1851.0,0.0,0.0,0,1,965.75,20,1,7,0,Sleeping Dog
CUST_50397,3456.0,0.0,0.0,0.0,0,0,0.0,299,1,3,1,Persuadable
CUST_11016,4940.0,3952.0,988.0,0.2,1,1,1816.09,84,1,5,1,Sure Thing
CUST_99789,4736.0,0.0,0.0,0.0,0,0,0.0,27,2,6,1,Lost Cause
CUST_65591,3470.0,2949.5,520.5,0.15,1,1,1490.78,60,1,4,1,Sure Thing
CUST_99812,1747.0,1747.0,0.0,0.0,0,1,927.97,31,1,4,1,Sure Thing
CUST_33247,9356.0,0.0,0.0,0.0,0,0,0.0,32,1,4,1,Sure Thing
CUST_34300,4681.0,0.0,0.0,0.0,0,0,0.0,365,2,6,1,Persuadable
CUST_84065,4909.0,4172.65,736.35,0.15,1,1,1969.59,80,0,3,1,Sure Thing
CUST_92798,1313.0,0.0,0.0,0.0,1,0,0.0,196,1,4,0,Lost Cause
CUST_19268,1779.0,0.0,0.0,0.0,0,0,0.0,132,0,4,1,Lost Cause
CUST_96807,2468.0,0.0,0.0,0.0,1,0,0.0,145,0,4,1,Lost Cause
CUST_22185,2419.0,1935.2,483.8,0.2,1,1,856.42,26,0,3,1,Sure Thing
CUST_73704,1169.0,0.0,0.0,0.0,1,0,0.0,42,2,4,1,Lost Cause
CUST_96779,1256.0,0.0,0.0,0.0,0,0,0.0,195,3,3,0,Persuadable
CUST_49099,2384.0,0.0,0.0,0.0,0,0,0.0,433,3,6,0,Persuadable
CUST_18571,3556.0,3556.0,0.0,0.0,0,1,2112.73,46,0,5,1,Sure Thing
CUST_48044,6543.0,0.0,0.0,0.0,1,0,0.0,48,1,5,0,Lost Cause
CUST_61214,1781.0,0.0,0.0,0.0,1,0,0.0,86,1,3,0,Lost Cause
CUST_71228,1753.0,0.0,0.0,0.0,0,0,0.0,505,2,4,1,Persuadable
CUST_58984,2599.0,0.0,0.0,0.0,0,0,0.0,47,2,6,1,Lost Cause
CUST_50774,4776.0,0.0,0.0,0.0,1,0,0.0,72,1,3,0,Lost Cause
CUST_12568,1798.0,1528.3,269.7,0.15,1,1,674.21,276,0,7,1,Persuadable
CUST_72592,1733.0,0.0,0.0,0.0,1,0,0.0,10,1,3,0,Lost Cause
CUST_77563,9614.0,0.0,0.0,0.0,0,0,0.0,14,1,2,0,Lost Cause
CUST_12695,1293.0,0.0,0.0,0.0,1,0,0.0,121,1,3,0,Lost Cause
CUST_58190,2367.0,0.0,0.0,0.0,0,0,0.0,295,1,6,1,Persuadable
CUST_15258,4673.0,0.0,0.0,0.0,0,0,0.0,42,2,5,1,Lost Cause
CUST_97538,1327.0,1194.3,132.7,0.1,1,1,652.26,86,3,7,0,Persuadable
CUST_49504,1926.0,0.0,0.0,0.0,1,0,0.0,81,2,5,1,Lost Cause
CUST_43159,2361.0,2006.85,354.15,0.15,1,1,914.05,86,0,4,1,Sure Thing
CUST_23986,1899.0,0.0,0.0,0.0,0,0,0.0,126,2,5,0,Lost Cause
CUST_71858,6384.0,0.0,0.0,0.0,0,0,0.0,86,0,6,1,Sure Thing
CUST_22666,1669.0,0.0,0.0,0.0,1,0,0.0,81,2,2,0,Lost Cause
CUST_48660,1317.0,0.0,0.0,0.0,0,0,0.0,87,2,5,0,Lost Cause
CUST_13561,1667.0,0.0,0.0,0.0,0,0,0.0,117,1,4,1,Lost Cause
CUST_36854,1214.0,0.0,0.0,0.0,1,0,0.0,102,2,4,1,Lost Cause
CUST_74505,1133.0,849.75,283.25,0.25,1,1,364.8,241,0,7,1,Persuadable
CUST_62251,3386.0,0.0,0.0,0.0,1,0,0.0,16,1,5,0,Lost Cause
CUST_32662,3501.0,0.0,0.0,0.0,1,0,0.0,224,1,6,0,Sleeping Dog
CUST_18392,2557.0,2045.6,511.4,0.2,1,1,873.5,232,0,5,1,Persuadable
CUST_40535,1096.0,0.0,0.0,0.0,1,0,0.0,50,1,4,0,Lost Cause
CUST_88603,6471.0,0.0,0.0,0.0,1,0,0.0,84,2,4,1,Lost Cause
CUST_62256,3469.0,3469.0,0.0,0.0,0,1,1940.12,79,1,3,1,Sure Thing
CUST_99135,2648.0,2383.2,264.8,0.1,1,1,1262.28,39,3,3,1,Persuadable
CUST_45222,4948.0,0.0,0.0,0.0,1,0,0.0,70,1,5,0,Lost Cause
CUST_87373,3356.0,3356.0,0.0,0.0,0,1,1910.09,15,1,4,1,Sure Thing
CUST_89575,4861.0,4131.85,729.15,0.15,1,1,2138.07,49,1,3,1,Sure Thing
CUST_94651,2567.0,0.0,0.0,0.0,1,0,0.0,213,1,5,1,Persuadable
CUST_73335,2530.0,2150.5,379.5,0.15,1,1,962.35,50,1,2,1,Sure Thing
CUST_20965,3639.0,0.0,0.0,0.0,0,0,0.0,214,1,4,0,Lost Cause
CUST_34538,9546.0,0.0,0.0,0.0,1,0,0.0,101,2,4,0,Lost Cause
CUST_80592,3447.0,0.0,0.0,0.0,0,0,0.0,264,0,5,1,Persuadable
CUST_18110,1673.0,0.0,0.0,0.0,0,0,0.0,112,2,5,0,Lost Cause
CUST_89309,1294.0,0.0,0.0,0.0,0,0,0.0,13,5,4,1,Persuadable
CUST_37266,3615.0,0.0,0.0,0.0,0,0,0.0,145,0,3,1,Lost Cause
CUST_62992,1872.0,0.0,0.0,0.0,1,0,0.0,15,2,8,0,Sleeping Dog
CUST_92948,3459.0,3113.1,345.9,0.1,1,1,1540.71,81,1,3,1,Sure Thing
CUST_16910,6362.0,5407.7,954.3,0.15,1,1,2369.66,328,1,3,1,Persuadable
CUST_10206,2516.0,0.0,0.0,0.0,1,0,0.0,31,1,4,0,Lost Cause
CUST_97054,2625.0,2625.0,0.0,0.0,0,1,1449.56,69,1,6,1,Sure Thing
CUST_97897,6359.0,0.0,0.0,0.0,0,0,0.0,167,2,5,1,Lost Cause
CUST_33419,1167.0,1050.3,116.7,0.1,1,1,554.45,266,0,4,1,Persuadable
CUST_60636,1667.0,1667.0,0.0,0.0,0,1,949.33,143,1,5,0,Lost Cause
CUST_60015,1761.0,1761.0,0.0,0.0,0,1,925.22,45,1,7,1,Sure Thing
CUST_64268,1153.0,0.0,0.0,0.0,0,0,0.0,144,1,6,1,Lost Cause
CUST_97939,6426.0,0.0,0.0,0.0,0,0,0.0,52,2,5,0,Lost Cause
CUST_28141,4842.0,0.0,0.0,0.0,1,0,0.0,162,1,4,1,Lost Cause
CUST_90356,4854.0,0.0,0.0,0.0,1,0,0.0,379,1,4,1,Persuadable
CUST_81910,2582.0,0.0,0.0,0.0,1,0,0.0,163,2,2,1,Lost Cause
CUST_66044,2480.0,2232.0,248.0,0.1,1,1,1227.6,248,1,3,1,Persuadable
CUST_77214,3551.0,0.0,0.0,0.0,1,0,0.0,10,2,6,1,Lost Cause
CUST_43827,1195.0,0.0,0.0,0.0,0,0,0.0,161,1,4,0,Lost Cause
CUST_65820,2453.0,0.0,0.0,0.0,0,0,0.0,222,1,5,1,Persuadable
CUST_72623,1248.0,0.0,0.0,0.0,0,0,0.0,14,2,6,1,Lost Cause
CUST_91734,3628.0,0.0,0.0,0.0,0,0,0.0,256,1,3,0,Lost Cause
CUST_85450,3462.0,3462.0,0.0,0.0,0,1,2050.95,45,1,6,1,Sure Thing
CUST_32299,1748.0,0.0,0.0,0.0,1,0,0.0,141,0,6,0,Sleeping Dog
CUST_53585,1785.0,0.0,0.0,0.0,0,0,0.0,203,2,3,0,Lost Cause
CUST_74044,6476.0,0.0,0.0,0.0,1,0,0.0,140,1,5,0,Lost Cause
CUST_52557,2639.0,0.0,0.0,0.0,0,0,0.0,21,2,2,0,Lost Cause
CUST_59080,1838.0,0.0,0.0,0.0,1,0,0.0,118,2,4,0,Lost Cause
CUST_12693,3614.0,0.0,0.0,0.0,0,0,0.0,105,1,7,1,Lost Cause
CUST_79163,4738.0,0.0,0.0,0.0,0,0,0.0,286,2,5,0,Lost Cause
CUST_35939,1828.0,0.0,0.0,0.0,0,0,0.0,72,3,3,1,Persuadable
CUST_58925,9369.0,8432.1,936.9,0.1,1,1,4031.18,56,4,8,1,Persuadable
CUST_52941,9591.0,0.0,0.0,0.0,1,0,0.0,176,1,7,0,Sleeping Dog
CUST_31834,1894.0,0.0,0.0,0.0,0,0,0.0,73,4,5,1,Persuadable
CUST_28047,1081.0,0.0,0.0,0.0,1,0,0.0,134,0,8,1,Lost Cause
CUST_36105,6409.0,0.0,0.0,0.0,0,0,0.0,134,1,4,0,Lost Cause
CUST_85766,1861.0,1861.0,0.0,0.0,0,1,1018.21,272,0,5,1,Persuadable
CUST_25707,1760.0,0.0,0.0,0.0,1,0,0.0,119,0,5,1,Lost Cause
CUST_31976,1900.0,1520.0,380.0,0.2,1,1,670.7,93,3,3,0,Persuadable
CUST_54262,3350.0,3350.0,0.0,0.0,0,1,1876.97,27,1,5,1,Sure Thing
CUST_33776,2632.0,0.0,0.0,0.0,1,0,0.0,24,2,3,1,Lost Cause
CUST_40080,3611.0,3249.9,361.1,0.1,1,1,1651.97,30,0,5,1,Sure Thing
CUST_76842,1816.0,1543.6,272.4,0.15,1,1,723.69,32,0,3,1,Sure Thing
CUST_71373,2563.0,2050.4,512.6,0.2,1,1,977.52,131,3,7,0,Persuadable
CUST_16776,1780.0,0.0,0.0,0.0,1,0,0.0,172,2,4,1,Lost Cause
CUST_65016,1056.0,0.0,0.0,0.0,1,0,0.0,100,2,5,1,Lost Cause
CUST_19474,6435.0,0.0,0.0,0.0,0,0,0.0,221,6,1,1,Persuadable
CUST_68053,4889.0,0.0,0.0,0.0,0,0,0.0,578,0,3,0,Lost Cause
CUST_31959,1907.0,0.0,0.0,0.0,0,0,0.0,215,2,3,1,Persuadable
CUST_15530,4924.0,0.0,0.0,0.0,1,0,0.0,152,0,2,1,Lost Cause
CUST_13748,1099.0,0.0,0.0,0.0,0,0,0.0,101,0,5,1,Lost Cause
CUST_23545,1744.0,0.0,0.0,0.0,0,0,0.0,81,5,5,1,Persuadable
CUST_76199,2609.0,0.0,0.0,0.0,1,0,0.0,20,2,2,1,Lost Cause
CUST_44766,2532.0,2532.0,0.0,0.0,0,1,1458.02,71,2,5,1,Lost Cause
CUST_83530,3589.0,3230.1,358.9,0.1,1,1,1602.03,299,2,3,1,Persuadable
CUST_71087,1754.0,0.0,0.0,0.0,1,0,0.0,208,1,6,0,Sleeping Dog
CUST_78840,6489.0,0.0,0.0,0.0,0,0,0.0,39,3,7,0,Persuadable
CUST_64384,4779.0,0.0,0.0,0.0,1,0,0.0,85,2,1,0,Lost Cause
CUST_61005,1861.0,0.0,0.0,0.0,0,0,0.0,213,3,7,1,Persuadable
CUST_56576,4854.0,0.0,0.0,0.0,1,0,0.0,18,2,3,1,Lost Cause
CUST_49353,3531.0,0.0,0.0,0.0,0,0,0.0,68,0,3,0,Lost Cause
CUST_72003,3363.0,0.0,0.0,0.0,1,0,0.0,239,1,4,0,Lost Cause
CUST_93211,6486.0,5513.1,972.9,0.15,1,1,2564.67,72,0,8,1,Sure Thing
CUST_62733,3617.0,0.0,0.0,0.0,0,0,0.0,19,2,4,1,Lost Cause
CUST_75318,2488.0,0.0,0.0,0.0,0,0,0.0,103,3,6,1,Persuadable
CUST_99474,4882.0,0.0,0.0,0.0,0,0,0.0,247,5,2,1,Persuadable
CUST_33664,3369.0,0.0,0.0,0.0,0,0,0.0,117,1,2,1,Lost Cause
CUST_77172,4913.0,0.0,0.0,0.0,1,0,0.0,40,2,8,1,Lost Cause
CUST_95616,1713.0,0.0,0.0,0.0,1,0,0.0,68,1,5,0,Lost Cause
CUST_36736,6361.0,6361.0,0.0,0.0,0,1,3595.04,81,1,4,0,Lost Cause
CUST_10854,6645.0,0.0,0.0,0.0,0,0,0.0,113,2,5,0,Lost Cause
CUST_48623,2606.0,2345.4,260.6,0.1,1,1,1122.85,180,3,6,0,Persuadable
CUST_17392,3596.0,0.0,0.0,0.0,0,0,0.0,22,2,6,1,Lost Cause
CUST_65680,1230.0,0.0,0.0,0.0,0,0,0.0,274,1,3,1,Persuadable
CUST_56717,1202.0,1202.0,0.0,0.0,0,1,656.18,11,1,7,1,Sure Thing
CUST_97092,2447.0,0.0,0.0,0.0,1,0,0.0,65,2,3,1,Lost Cause
CUST_60859,9430.0,7544.0,1886.0,0.2,1,1,3302.29,13,1,5,1,Sure Thing
CUST_36309,1125.0,956.25,168.75,0.15,1,1,495.14,69,1,4,1,Sure Thing
CUST_97455,9412.0,0.0,0.0,0.0,1,0,0.0,99,2,2,1,Lost Cause
CUST_73734,6604.0,0.0,0.0,0.0,1,0,0.0,96,0,4,1,Lost Cause
CUST_80467,4725.0,0.0,0.0,0.0,1,0,0.0,31,1,5,0,Lost Cause
CUST_62662,6427.0,0.0,0.0,0.0,1,0,0.0,134,2,9,1,Lost Cause
CUST_22688,4661.0,3728.8,932.2,0.2,1,1,1548.71,15,4,2,1,Persuadable
CUST_35342,4702.0,4231.8,470.2,0.1,1,1,2229.24,182,0,6,1,Persuadable
CUST_47157,3583.0,0.0,0.0,0.0,1,0,0.0,361,2,2,1,Persuadable
CUST_77863,1724.0,0.0,0.0,0.0,1,0,0.0,59,2,4,0,Lost Cause
CUST_62083,2428.0,0.0,0.0,0.0,1,0,0.0,97,1,7,1,Lost Cause
CUST_75733,1072.0,0.0,0.0,0.0,1,0,0.0,67,1,3,0,Lost Cause
CUST_99045,2579.0,0.0,0.0,0.0,0,0,0.0,10,1,3,0,Lost Cause
CUST_44698,1184.0,0.0,0.0,0.0,0,0,0.0,68,2,4,1,Lost Cause
CUST_90623,4687.0,0.0,0.0,0.0,1,0,0.0,198,2,4,0,Lost Cause
CUST_32671,4817.0,0.0,0.0,0.0,0,0,0.0,118,2,6,1,Lost Cause
CUST_35184,1794.0,0.0,0.0,0.0,1,0,0.0,22,2,3,0,Lost Cause
CUST_52107,3497.0,0.0,0.0,0.0,0,0,0.0,235,1,1,1,Persuadable
CUST_96202,1344.0,1142.4,201.6,0.15,1,1,549.02,100,3,4,1,Persuadable
CUST_61663,1732.0,0.0,0.0,0.0,0,0,0.0,231,1,4,0,Lost Cause
CUST_25708,6633.0,0.0,0.0,0.0,1,0,0.0,114,0,6,1,Lost Cause
CUST_59811,2617.0,0.0,0.0,0.0,1,0,0.0,108,1,3,1,Lost Cause
CUST_12811,3428.0,0.0,0.0,0.0,1,0,0.0,23,0,2,0,Lost Cause
CUST_66250,1134.0,0.0,0.0,0.0,0,0,0.0,31,0,4,0,Lost Cause
CUST_82082,3593.0,2874.4,718.6,0.2,1,1,1374.62,439,0,1,1,Persuadable
CUST_44754,4750.0,0.0,0.0,0.0,1,0,0.0,41,0,5,0,Lost Cause
CUST_21411,2384.0,2145.6,238.4,0.1,1,1,1155.75,465,0,6,1,Persuadable
CUST_12911,1932.0,0.0,0.0,0.0,0,0,0.0,101,1,3,1,Lost Cause
CUST_77270,1810.0,0.0,0.0,0.0,1,0,0.0,27,0,6,0,Sleeping Dog
CUST_93763,1307.0,1307.0,0.0,0.0,0,1,707.34,22,1,4,1,Sure Thing
CUST_18680,2463.0,2093.55,369.45,0.15,1,1,927.18,38,0,4,1,Sure Thing
CUST_94896,4923.0,0.0,0.0,0.0,0,0,0.0,321,0,5,1,Persuadable
CUST_93879,2407.0,0.0,0.0,0.0,1,0,0.0,74,2,4,0,Lost Cause
CUST_81295,1253.0,1127.7,125.3,0.1,1,1,584.19,70,0,4,1,Sure Thing
CUST_98614,9612.0,0.0,0.0,0.0,0,0,0.0,55,2,4,0,Lost Cause
CUST_21111,1758.0,0.0,0.0,0.0,0,0,0.0,29,3,3,0,Persuadable
CUST_47504,6405.0,0.0,0.0,0.0,0,0,0.0,90,0,3,1,Lost Cause
CUST_11802,3649.0,0.0,0.0,0.0,0,0,0.0,26,0,5,0,Lost Cause
CUST_18155,2529.0,0.0,0.0,0.0,1,0,0.0,226,1,6,0,Sleeping Dog
CUST_83656,6459.0,0.0,0.0,0.0,0,0,0.0,65,3,5,0,Persuadable
CUST_49384,2606.0,0.0,0.0,0.0,0,0,0.0,66,3,3,0,Persuadable
CUST_57254,1270.0,0.0,0.0,0.0,1,0,0.0,87,0,3,0,Lost Cause
CUST_31918,2546.0,0.0,0.0,0.0,1,0,0.0,80,0,4,0,Lost Cause
CUST_95981,2547.0,0.0,0.0,0.0,1,0,0.0,600,1,4,0,Lost Cause
CUST_70713,3548.0,0.0,0.0,0.0,1,0,0.0,104,2,5,1,Lost Cause
CUST_40306,1786.0,0.0,0.0,0.0,1,0,0.0,21,1,3,0,Lost Cause
CUST_26646,1224.0,0.0,0.0,0.0,0,0,0.0,122,4,3,1,Persuadable
CUST_56843,2482.0,0.0,0.0,0.0,0,0,0.0,29,0,4,0,Lost Cause
CUST_26371,1306.0,0.0,0.0,0.0,0,0,0.0,13,2,7,1,Lost Cause
CUST_87371,9585.0,0.0,0.0,0.0,1,0,0.0,433,0,6,0,Sleeping Dog
CUST_12049,1320.0,1122.0,198.0,0.15,1,1,517.48,188,1,6,1,Persuadable
CUST_41616,1266.0,0.0,0.0,0.0,0,0,0.0,480,2,1,1,Persuadable
CUST_30932,1725.0,0.0,0.0,0.0,0,0,0.0,87,0,5,0,Lost Cause
CUST_39855,1937.0,0.0,0.0,0.0,0,0,0.0,101,3,5,0,Persuadable
CUST_71434,2566.0,2566.0,0.0,0.0,0,1,1494.87,32,0,4,1,Sure Thing
CUST_82694,1334.0,0.0,0.0,0.0,1,0,0.0,44,2,5,1,Lost Cause
CUST_53016,2513.0,2010.4,502.6,0.2,1,1,855.52,228,1,3,1,Persuadable
CUST_17400,1863.0,1583.55,279.45,0.15,1,1,808.28,62,1,3,1,Sure Thing
CUST_52642,1734.0,0.0,0.0,0.0,1,0,0.0,220,1,2,0,Lost Cause
CUST_25151,1125.0,1012.5,112.5,0.1,1,1,514.78,158,3,6,0,Persuadable
CUST_61407,2635.0,0.0,0.0,0.0,0,0,0.0,33,0,3,0,Lost Cause
CUST_76690,4756.0,0.0,0.0,0.0,0,0,0.0,94,0,1,0,Lost Cause
CUST_14499,2551.0,0.0,0.0,0.0,0,0,0.0,145,0,4,0,Lost Cause
CUST_16295,1876.0,0.0,0.0,0.0,0,0,0.0,42,3,4,0,Persuadable
CUST_69040,1227.0,0.0,0.0,0.0,0,0,0.0,223,1,6,1,Persuadable
CUST_22183,3429.0,0.0,0.0,0.0,0,0,0.0,104,0,2,1,Lost Cause
CUST_39299,1723.0,1723.0,0.0,0.0,0,1,1000.35,31,2,7,0,Sleeping Dog
CUST_22874,4791.0,0.0,0.0,0.0,1,0,0.0,114,2,4,1,Lost Cause
CUST_42711,1199.0,0.0,0.0,0.0,1,0,0.0,600,1,2,0,Lost Cause
CUST_15539,1211.0,0.0,0.0,0.0,1,0,0.0,29,0,5,0,Lost Cause
CUST_63351,1777.0,1332.75,444.25,0.25,1,1,496.83,213,2,4,1,Persuadable
CUST_71267,1131.0,0.0,0.0,0.0,0,0,0.0,37,3,3,1,Persuadable
CUST_58354,1283.0,962.25,320.75,0.25,1,1,446.24,193,2,5,1,Persuadable
CUST_12557,3391.0,0.0,0.0,0.0,1,0,0.0,169,1,2,0,Lost Cause
CUST_48360,1734.0,0.0,0.0,0.0,1,0,0.0,52,1,1,0,Lost Cause
CUST_92018,1915.0,1627.75,287.25,0.15,1,1,794.23,57,1,6,1,Sure Thing
CUST_12200,1725.0,0.0,0.0,0.0,1,0,0.0,198,0,2,0,Lost Cause
CUST_78497,1817.0,1544.45,272.55,0.15,1,1,810.03,84,3,3,0,Persuadable
CUST_56975,1889.0,0.0,0.0,0.0,1,0,0.0,167,2,3,1,Lost Cause
CUST_31357,2432.0,2188.8,243.2,0.1,1,1,1172.34,29,0,6,0,Sleeping Dog
CUST_87505,1739.0,1739.0,0.0,0.0,0,1,1013.65,239,3,4,0,Persuadable
CUST_12869,2506.0,0.0,0.0,0.0,1,0,0.0,158,1,4,0,Lost Cause
CUST_71135,2503.0,0.0,0.0,0.0,0,0,0.0,294,2,4,0,Lost Cause
CUST_60108,9467.0,8520.3,946.7,0.1,1,1,4661.75,27,3,7,0,Persuadable
CUST_48467,1724.0,0.0,0.0,0.0,1,0,0.0,117,0,2,1,Lost Cause
CUST_33328,2624.0,0.0,0.0,0.0,0,0,0.0,119,1,4,0,Lost Cause
CUST_96831,1293.0,969.75,323.25,0.25,1,1,419.83,62,0,6,1,Sure Thing
CUST_13987,2640.0,0.0,0.0,0.0,1,0,0.0,83,3,5,0,Persuadable
CUST_68871,1823.0,1823.0,0.0,0.0,0,1,988.53,14,1,1,1,Sure Thing
CUST_32399,2449.0,0.0,0.0,0.0,0,0,0.0,174,1,5,1,Lost Cause
CUST_56214,1145.0,973.25,171.75,0.15,1,1,509.34,105,3,2,0,Persuadable
CUST_96416,1716.0,0.0,0.0,0.0,0,0,0.0,17,0,4,0,Lost Cause
CUST_80271,3368.0,0.0,0.0,0.0,0,0,0.0,147,3,4,0,Persuadable
CUST_54064,1256.0,942.0,314.0,0.25,1,1,422.03,85,3,6,1,Persuadable
CUST_80091,1808.0,0.0,0.0,0.0,0,0,0.0,14,0,3,0,Lost Cause
CUST_50818,1273.0,0.0,0.0,0.0,0,0,0.0,429,1,7,1,Persuadable
CUST_55525,1804.0,1353.0,451.0,0.25,1,1,498.86,367,2,1,1,Persuadable
CUST_29830,1948.0,1948.0,0.0,0.0,0,1,1016.18,96,3,3,1,Persuadable
CUST_27429,9575.0,0.0,0.0,0.0,1,0,0.0,21,2,4,1,Lost Cause
CUST_16893,3420.0,0.0,0.0,0.0,0,0,0.0,178,1,5,0,Lost Cause
CUST_89909,4752.0,0.0,0.0,0.0,0,0,0.0,91,4,1,1,Persuadable
CUST_57333,1929.0,1639.65,289.35,0.15,1,1,758.64,53,1,3,1,Sure Thing
CUST_13436,1892.0,0.0,0.0,0.0,0,0,0.0,91,2,2,1,Lost Cause
CUST_84290,2406.0,0.0,0.0,0.0,0,0,0.0,98,2,3,0,Lost Cause
CUST_86213,1245.0,0.0,0.0,0.0,0,0,0.0,109,3,5,1,Persuadable
CUST_15895,1080.0,0.0,0.0,0.0,1,0,0.0,79,1,2,1,Sure Thing
CUST_29738,6462.0,0.0,0.0,0.0,1,0,0.0,121,1,9,1,Lost Cause
CUST_40746,1821.0,0.0,0.0,0.0,0,0,0.0,311,1,7,1,Persuadable
CUST_59377,2625.0,2362.5,262.5,0.1,1,1,1251.03,63,1,5,1,Sure Thing
CUST_58404,2361.0,2006.85,354.15,0.15,1,1,947.01,165,5,5,1,Persuadable
CUST_64045,4871.0,0.0,0.0,0.0,0,0,0.0,279,0,3,1,Persuadable
CUST_49790,2359.0,0.0,0.0,0.0,1,0,0.0,83,2,4,0,Lost Cause
CUST_15600,1235.0,1111.5,123.5,0.1,1,1,587.28,80,1,6,1,Sure Thing
CUST_50764,4807.0,4085.95,721.05,0.15,1,1,1931.9,120,3,5,0,Persuadable
CUST_84543,1670.0,1503.0,167.0,0.1,1,1,767.76,117,3,4,0,Persuadable
CUST_55714,1332.0,1065.6,266.4,0.2,1,1,507.54,207,0,1,1,Persuadable
CUST_66835,2647.0,2249.95,397.05,0.15,1,1,1180.8,87,3,4,1,Persuadable
CUST_83744,3608.0,3247.2,360.8,0.1,1,1,1798.35,600,0,5,1,Persuadable
CUST_66491,4925.0,4925.0,0.0,0.0,0,1,2840.94,17,1,4,1,Sure Thing
CUST_28589,1142.0,1027.8,114.2,0.1,1,1,490.01,10,1,3,1,Sure Thing
CUST_53484,2370.0,0.0,0.0,0.0,0,0,0.0,132,0,3,1,Lost Cause
CUST_92989,2360.0,0.0,0.0,0.0,1,0,0.0,52,2,4,0,Lost Cause
CUST_46212,3399.0,3399.0,0.0,0.0,0,1,1854.75,42,0,4,1,Sure Thing
CUST_53525,2394.0,2394.0,0.0,0.0,0,1,1357.54,54,1,6,1,Sure Thing
CUST_57202,4920.0,0.0,0.0,0.0,0,0,0.0,45,2,2,0,Lost Cause
CUST_42635,6384.0,0.0,0.0,0.0,0,0,0.0,13,1,4,0,Lost Cause
CUST_73208,1790.0,0.0,0.0,0.0,1,0,0.0,437,1,6,0,Sleeping Dog
CUST_43828,6594.0,0.0,0.0,0.0,1,0,0.0,39,2,4,1,Lost Cause
CUST_28711,1242.0,0.0,0.0,0.0,0,0,0.0,168,3,2,0,Persuadable
CUST_13420,6527.0,0.0,0.0,0.0,0,0,0.0,182,1,3,1,Persuadable
CUST_10301,3500.0,0.0,0.0,0.0,0,0,0.0,327,0,4,1,Persuadable
CUST_55236,3378.0,3378.0,0.0,0.0,0,1,1812.25,13,1,3,1,Sure Thing
CUST_76235,6611.0,5619.35,991.65,0.15,1,1,2703.37,256,5,2,0,Persuadable
CUST_64240,4738.0,0.0,0.0,0.0,0,0,0.0,99,1,2,1,Lost Cause
CUST_75726,1907.0,0.0,0.0,0.0,1,0,0.0,130,2,3,0,Lost Cause
CUST_20492,1145.0,0.0,0.0,0.0,0,0,0.0,134,1,3,0,Lost Cause
CUST_16102,1086.0,0.0,0.0,0.0,1,0,0.0,215,1,4,0,Lost Cause
CUST_60336,6529.0,0.0,0.0,0.0,0,0,0.0,58,3,3,1,Persuadable
CUST_95314,2456.0,0.0,0.0,0.0,0,0,0.0,168,0,3,0,Lost Cause
CUST_36641,2396.0,0.0,0.0,0.0,1,0,0.0,100,0,2,0,Lost Cause
CUST_44584,1157.0,0.0,0.0,0.0,0,0,0.0,199,2,5,0,Lost Cause
CUST_42745,1051.0,0.0,0.0,0.0,0,0,0.0,569,3,4,1,Persuadable
CUST_33093,6582.0,5265.6,1316.4,0.2,1,1,2361.48,36,1,4,1,Sure Thing
CUST_76105,3471.0,0.0,0.0,0.0,1,0,0.0,600,1,2,0,Lost Cause
CUST_61885,2498.0,2123.3,374.7,0.15,1,1,1104.21,21,3,8,0,Persuadable
CUST_46631,6416.0,4812.0,1604.0,0.25,1,1,2117.2,10,1,6,1,Sure Thing
CUST_82991,1108.0,0.0,0.0,0.0,0,0,0.0,15,0,3,0,Lost Cause
CUST_14014,3586.0,2689.5,896.5,0.25,1,1,1241.4,60,4,6,0,Persuadable
CUST_21093,3623.0,0.0,0.0,0.0,1,0,0.0,130,1,3,0,Lost Cause
CUST_28070,1329.0,0.0,0.0,0.0,0,0,0.0,18,3,8,1,Persuadable
CUST_45777,1211.0,1211.0,0.0,0.0,0,1,664.41,10,0,3,1,Sure Thing
CUST_66958,4793.0,0.0,0.0,0.0,0,0,0.0,341,1,3,0,Lost Cause
CUST_92074,2365.0,0.0,0.0,0.0,0,0,0.0,217,0,4,0,Lost Cause
CUST_20729,2519.0,2141.15,377.85,0.15,1,1,993.79,208,3,3,1,Persuadable
CUST_55017,1809.0,1537.65,271.35,0.15,1,1,676.01,268,0,4,1,Persuadable
CUST_76320,2586.0,0.0,0.0,0.0,1,0,0.0,154,1,3,1,Lost Cause
CUST_37751,2421.0,0.0,0.0,0.0,0,0,0.0,23,1,3,0,Lost Cause
CUST_88069,1776.0,1509.6,266.4,0.15,1,1,796.59,71,2,3,1,Lost Cause
CUST_64748,4834.0,0.0,0.0,0.0,1,0,0.0,164,2,4,0,Lost Cause
CUST_15801,1143.0,0.0,0.0,0.0,0,0,0.0,49,3,9,1,Persuadable
CUST_29190,6568.0,0.0,0.0,0.0,1,0,0.0,149,4,6,0,Persuadable
CUST_59689,1932.0,0.0,0.0,0.0,0,0,0.0,12,2,5,0,Lost Cause
CUST_60993,1189.0,1189.0,0.0,0.0,0,1,630.9,53,1,7,1,Sure Thing
CUST_39592,3468.0,0.0,0.0,0.0,1,0,0.0,105,1,3,1,Lost Cause
CUST_20647,9446.0,0.0,0.0,0.0,0,0,0.0,129,2,3,0,Lost Cause
CUST_18716,3501.0,0.0,0.0,0.0,1,0,0.0,113,0,6,0,Sleeping Dog
CUST_98891,1924.0,0.0,0.0,0.0,0,0,0.0,153,1,4,1,Lost Cause
CUST_97545,2380.0,2023.0,357.0,0.15,1,1,895.06,10,1,4,1,Sure Thing
CUST_99912,9427.0,9427.0,0.0,0.0,0,1,5556.23,22,0,2,1,Sure Thing
CUST_80316,1795.0,0.0,0.0,0.0,0,0,0.0,253,1,4,1,Persuadable
CUST_12368,4897.0,0.0,0.0,0.0,0,0,0.0,147,1,7,0,Sleeping Dog
CUST_87575,3528.0,3528.0,0.0,0.0,0,1,2102.15,24,1,4,1,Sure Thing
CUST_16655,1270.0,0.0,0.0,0.0,0,0,0.0,231,1,1,0,Lost Cause
CUST_80031,2517.0,0.0,0.0,0.0,0,0,0.0,43,4,4,1,Persuadable
CUST_86429,2419.0,0.0,0.0,0.0,0,0,0.0,88,2,5,1,Lost Cause
CUST_97922,1309.0,0.0,0.0,0.0,0,0,0.0,28,2,3,1,Lost Cause
CUST_65766,1295.0,0.0,0.0,0.0,1,0,0.0,158,1,2,0,Lost Cause
CUST_23403,3635.0,0.0,0.0,0.0,0,0,0.0,141,1,4,0,Lost Cause
CUST_42097,1665.0,1665.0,0.0,0.0,0,1,876.36,38,0,3,1,Sure Thing
CUST_88657,1931.0,0.0,0.0,0.0,0,0,0.0,248,0,9,0,Sleeping Dog
CUST_20966,6400.0,0.0,0.0,0.0,0,0,0.0,71,2,3,1,Lost Cause
CUST_62921,6484.0,5511.4,972.6,0.15,1,1,2484.9,51,0,4,1,Sure Thing
CUST_59726,9540.0,0.0,0.0,0.0,1,0,0.0,29,0,7,0,Sleeping Dog
CUST_60300,1325.0,0.0,0.0,0.0,1,0,0.0,47,2,7,0,Sleeping Dog
CUST_32677,3422.0,3422.0,0.0,0.0,0,1,1907.01,12,0,5,1,Sure Thing
CUST_65609,4719.0,0.0,0.0,0.0,1,0,0.0,115,2,7,0,Sleeping Dog
CUST_66661,1897.0,0.0,0.0,0.0,0,0,0.0,231,0,8,1,Persuadable
CUST_41024,3490.0,3141.0,349.0,0.1,1,1,1707.1,105,3,3,1,Persuadable
CUST_80313,3596.0,0.0,0.0,0.0,1,0,0.0,39,1,3,0,Lost Cause
CUST_63006,1875.0,0.0,0.0,0.0,1,0,0.0,14,2,1,1,Lost Cause
CUST_25338,2625.0,2231.25,393.75,0.15,1,1,1138.22,38,1,6,1,Sure Thing
CUST_78027,1929.0,0.0,0.0,0.0,1,0,0.0,74,1,6,1,Sure Thing
CUST_90135,1928.0,0.0,0.0,0.0,0,0,0.0,181,2,4,1,Persuadable
CUST_29508,2464.0,0.0,0.0,0.0,1,0,0.0,34,2,4,1,Lost Cause
CUST_13051,1323.0,0.0,0.0,0.0,1,0,0.0,162,2,4,0,Lost Cause
CUST_58747,2466.0,2466.0,0.0,0.0,0,1,1373.8,252,1,8,0,Sleeping Dog
CUST_97142,1155.0,0.0,0.0,0.0,1,0,0.0,82,0,1,0,Lost Cause
CUST_97235,1790.0,0.0,0.0,0.0,0,0,0.0,216,2,3,1,Persuadable
CUST_64021,2644.0,0.0,0.0,0.0,0,0,0.0,107,1,5,0,Lost Cause
CUST_76412,3605.0,0.0,0.0,0.0,0,0,0.0,131,3,4,1,Persuadable
CUST_68335,1867.0,0.0,0.0,0.0,0,0,0.0,99,5,3,0,Persuadable
CUST_66179,2640.0,2244.0,396.0,0.15,1,1,1161.15,84,2,4,1,Lost Cause
CUST_42093,3406.0,2895.1,510.9,0.15,1,1,1472.34,42,1,3,1,Sure Thing
CUST_79678,6499.0,0.0,0.0,0.0,1,0,0.0,53,2,3,1,Lost Cause
CUST_90738,1248.0,998.4,249.6,0.2,1,1,425.97,51,1,4,1,Sure Thing
CUST_49734,3589.0,0.0,0.0,0.0,1,0,0.0,109,1,4,1,Lost Cause
CUST_82615,2415.0,0.0,0.0,0.0,0,0,0.0,25,1,3,0,Lost Cause
CUST_83523,6430.0,5465.5,964.5,0.15,1,1,2829.52,308,2,4,1,Persuadable
CUST_27019,1712.0,0.0,0.0,0.0,0,0,0.0,163,2,2,1,Lost Cause
CUST_93613,2421.0,2421.0,0.0,0.0,0,1,1310.26,71,0,3,1,Sure Thing
CUST_96672,1265.0,1075.25,189.75,0.15,1,1,562.15,30,1,6,1,Sure Thing
CUST_83847,2507.0,0.0,0.0,0.0,1,0,0.0,266,0,5,0,Lost Cause
CUST_92750,1753.0,1490.05,262.95,0.15,1,1,712.64,218,1,4,1,Persuadable
CUST_89634,1156.0,1156.0,0.0,0.0,0,1,606.03,163,1,6,0,Sleeping Dog
CUST_38251,2585.0,2197.25,387.75,0.15,1,1,1107.17,48,0,3,1,Sure Thing
CUST_35945,3454.0,3454.0,0.0,0.0,0,1,2062.71,71,0,7,0,Sleeping Dog
CUST_42217,1669.0,0.0,0.0,0.0,0,0,0.0,23,1,3,0,Lost Cause
CUST_18308,1121.0,0.0,0.0,0.0,0,0,0.0,35,1,4,1,Sure Thing
CUST_15949,1779.0,1512.15,266.85,0.15,1,1,736.66,193,1,5,1,Persuadable
CUST_61990,9469.0,0.0,0.0,0.0,0,0,0.0,160,2,2,1,Lost Cause
CUST_11150,3532.0,0.0,0.0,0.0,1,0,0.0,118,2,6,0,Sleeping Dog
CUST_99480,2580.0,2193.0,387.0,0.15,1,1,1152.57,281,3,3,1,Persuadable
CUST_84740,1895.0,1516.0,379.0,0.2,1,1,662.31,115,4,4,1,Persuadable
CUST_76617,1301.0,0.0,0.0,0.0,0,0,0.0,85,1,6,0,Sleeping Dog
CUST_26896,4768.0,0.0,0.0,0.0,0,0,0.0,59,1,2,0,Lost Cause
CUST_56175,2535.0,0.0,0.0,0.0,1,0,0.0,348,1,4,0,Lost Cause
CUST_17805,1234.0,0.0,0.0,0.0,0,0,0.0,20,2,5,1,Lost Cause
CUST_15237,1879.0,1597.15,281.85,0.15,1,1,734.72,330,2,4,1,Persuadable
CUST_30056,1807.0,0.0,0.0,0.0,0,0,0.0,220,0,3,0,Lost Cause
CUST_55543,1731.0,0.0,0.0,0.0,1,0,0.0,26,1,4,0,Lost Cause
CUST_66556,1845.0,0.0,0.0,0.0,1,0,0.0,109,1,6,0,Sleeping Dog
CUST_13343,4710.0,0.0,0.0,0.0,0,0,0.0,251,1,3,1,Persuadable
CUST_23500,1088.0,0.0,0.0,0.0,0,0,0.0,111,1,6,1,Lost Cause
CUST_63222,1155.0,1039.5,115.5,0.1,1,1,569.0,295,1,6,1,Persuadable
CUST_39375,1219.0,0.0,0.0,0.0,0,0,0.0,353,1,5,0,Lost Cause
CUST_19662,1063.0,0.0,0.0,0.0,1,0,0.0,75,2,8,1,Lost Cause
CUST_26964,4868.0,4137.8,730.2,0.15,1,1,2166.85,66,0,6,1,Sure Thing
CUST_69638,1218.0,1035.3,182.7,0.15,1,1,517.44,340,2,4,1,Persuadable
CUST_83666,3592.0,0.0,0.0,0.0,0,0,0.0,144,0,6,1,Lost Cause
CUST_95067,3357.0,0.0,0.0,0.0,0,0,0.0,24,0,3,0,Lost Cause
CUST_77215,2389.0,2030.65,358.35,0.15,1,1,964.88,15,0,2,1,Sure Thing
CUST_79042,1172.0,0.0,0.0,0.0,0,0,0.0,109,0,2,1,Lost Cause
CUST_23284,2552.0,0.0,0.0,0.0,0,0,0.0,329,2,5,1,Persuadable
CUST_82789,2501.0,2501.0,0.0,0.0,0,1,1435.19,233,1,5,1,Persuadable
CUST_94664,1195.0,0.0,0.0,0.0,0,0,0.0,145,1,6,0,Sleeping Dog
CUST_71389,1052.0,0.0,0.0,0.0,0,0,0.0,27,5,3,0,Persuadable
CUST_19435,1269.0,1078.65,190.35,0.15,1,1,539.09,45,0,3,1,Sure Thing
CUST_64340,1277.0,0.0,0.0,0.0,1,0,0.0,260,2,4,0,Lost Cause
CUST_54078,9616.0,0.0,0.0,0.0,0,0,0.0,34,4,4,1,Persuadable
CUST_88832,3609.0,0.0,0.0,0.0,0,0,0.0,49,4,4,1,Persuadable
CUST_61293,1833.0,1558.05,274.95,0.15,1,1,684.38,26,3,1,1,Persuadable
CUST_88781,6490.0,0.0,0.0,0.0,0,0,0.0,145,2,4,1,Lost Cause
CUST_70403,1242.0,0.0,0.0,0.0,0,0,0.0,355,1,4,1,Persuadable
CUST_39124,2490.0,2116.5,373.5,0.15,1,1,1074.24,47,0,2,1,Sure Thing
CUST_53919,1896.0,0.0,0.0,0.0,0,0,0.0,87,0,2,0,Lost Cause
CUST_45247,2647.0,0.0,0.0,0.0,1,0,0.0,130,1,3,1,Lost Cause
CUST_72752,1086.0,0.0,0.0,0.0,0,0,0.0,600,2,5,1,Persuadable
CUST_66573,4747.0,0.0,0.0,0.0,0,0,0.0,23,3,5,1,Persuadable
CUST_69101,1679.0,0.0,0.0,0.0,0,0,0.0,92,2,6,1,Lost Cause
CUST_36646,1840.0,0.0,0.0,0.0,0,0,0.0,68,0,5,0,Lost Cause
CUST_33049,1850.0,1572.5,277.5,0.15,1,1,698.14,251,1,4,1,Persuadable
CUST_89605,1907.0,0.0,0.0,0.0,1,0,0.0,87,1,1,0,Lost Cause
CUST_78385,4877.0,0.0,0.0,0.0,0,0,0.0,24,2,4,0,Lost Cause
CUST_50158,1123.0,0.0,0.0,0.0,0,0,0.0,130,1,5,0,Lost Cause
CUST_75417,3628.0,0.0,0.0,0.0,0,0,0.0,186,4,4,0,Persuadable
CUST_33289,1738.0,1390.4,347.6,0.2,1,1,642.39,10,1,4,1,Sure Thing
CUST_19823,1093.0,0.0,0.0,0.0,0,0,0.0,245,1,3,0,Lost Cause
CUST_70160,3629.0,0.0,0.0,0.0,1,0,0.0,34,0,3,0,Lost Cause
CUST_51975,3419.0,0.0,0.0,0.0,1,0,0.0,106,2,2,0,Lost Cause
CUST_19540,3556.0,3022.6,533.4,0.15,1,1,1434.59,74,0,5,1,Sure Thing
CUST_26364,1229.0,0.0,0.0,0.0,0,0,0.0,162,1,5,1,Lost Cause
CUST_14611,2544.0,2544.0,0.0,0.0,0,1,1325.75,65,1,5,1,Sure Thing
CUST_37663,1288.0,0.0,0.0,0.0,0,0,0.0,254,2,3,1,Persuadable
CUST_61991,1679.0,0.0,0.0,0.0,0,0,0.0,167,2,5,1,Lost Cause
CUST_67679,2589.0,0.0,0.0,0.0,1,0,0.0,135,1,3,0,Lost Cause
CUST_40977,2528.0,0.0,0.0,0.0,0,0,0.0,200,0,9,1,Persuadable
CUST_59115,3586.0,2689.5,896.5,0.25,1,1,1042.49,178,3,6,0,Persuadable
CUST_98223,1767.0,0.0,0.0,0.0,0,0,0.0,14,0,4,0,Lost Cause
CUST_70890,3395.0,0.0,0.0,0.0,1,0,0.0,70,5,3,1,Persuadable
CUST_76387,1119.0,0.0,0.0,0.0,0,0,0.0,330,1,4,1,Persuadable
CUST_28071,1138.0,1138.0,0.0,0.0,0,1,634.94,26,1,4,1,Sure Thing
CUST_69275,1652.0,0.0,0.0,0.0,1,0,0.0,170,0,3,0,Lost Cause
CUST_82369,2580.0,2064.0,516.0,0.2,1,1,997.01,450,0,10,1,Persuadable
CUST_21938,1767.0,0.0,0.0,0.0,1,0,0.0,16,2,4,1,Lost Cause
CUST_45195,3463.0,0.0,0.0,0.0,0,0,0.0,147,3,5,0,Persuadable
CUST_14000,1079.0,917.15,161.85,0.15,1,1,428.75,85,4,2,0,Persuadable
CUST_80588,3430.0,0.0,0.0,0.0,0,0,0.0,113,3,7,1,Persuadable
CUST_48304,4922.0,0.0,0.0,0.0,1,0,0.0,20,2,5,0,Lost Cause
CUST_79449,1326.0,0.0,0.0,0.0,1,0,0.0,15,2,10,0,Sleeping Dog
CUST_92986,2555.0,0.0,0.0,0.0,0,0,0.0,141,3,6,0,Persuadable
CUST_99643,3564.0,0.0,0.0,0.0,0,0,0.0,218,0,4,0,Lost Cause
CUST_30764,1727.0,1727.0,0.0,0.0,0,1,953.72,192,0,6,0,Sleeping Dog
CUST_96027,2401.0,0.0,0.0,0.0,0,0,0.0,104,4,5,0,Persuadable
CUST_48494,2524.0,0.0,0.0,0.0,0,0,0.0,22,2,1,0,Lost Cause
CUST_13373,1848.0,0.0,0.0,0.0,1,0,0.0,149,2,3,1,Lost Cause
CUST_22161,6386.0,0.0,0.0,0.0,1,0,0.0,43,1,3,0,Lost Cause
CUST_37350,6413.0,5130.4,1282.6,0.2,1,1,2550.69,300,2,3,1,Persuadable
CUST_35351,2537.0,2156.45,380.55,0.15,1,1,1052.16,228,2,5,1,Persuadable
CUST_98668,1892.0,1892.0,0.0,0.0,0,1,1039.2,158,4,7,1,Persuadable
CUST_25305,9473.0,9473.0,0.0,0.0,0,1,5475.86,366,1,6,0,Sleeping Dog
CUST_85353,3385.0,0.0,0.0,0.0,1,0,0.0,13,1,8,0,Sleeping Dog
CUST_86797,1684.0,0.0,0.0,0.0,0,0,0.0,169,1,5,1,Lost Cause
CUST_75953,1082.0,1082.0,0.0,0.0,0,1,638.99,58,0,3,1,Sure Thing
CUST_67458,1903.0,0.0,0.0,0.0,1,0,0.0,293,0,3,0,Lost Cause
CUST_30358,4662.0,0.0,0.0,0.0,0,0,0.0,47,0,5,0,Lost Cause
CUST_13267,1882.0,0.0,0.0,0.0,1,0,0.0,164,2,4,1,Lost Cause
CUST_92745,1077.0,0.0,0.0,0.0,0,0,0.0,262,2,3,1,Persuadable
CUST_99588,2445.0,2200.5,244.5,0.1,1,1,1077.23,15,1,5,1,Sure Thing
CUST_48513,4842.0,4842.0,0.0,0.0,0,1,2638.16,70,1,1,1,Sure Thing
CUST_36092,1774.0,0.0,0.0,0.0,1,0,0.0,182,0,3,0,Lost Cause
CUST_21338,1732.0,0.0,0.0,0.0,0,0,0.0,82,2,5,1,Lost Cause
CUST_10412,1163.0,988.55,174.45,0.15,1,1,447.29,47,1,5,1,Sure Thing
CUST_17543,3599.0,3239.1,359.9,0.1,1,1,1521.05,39,1,3,1,Sure Thing
CUST_43496,3368.0,3368.0,0.0,0.0,0,1,1891.15,26,1,4,1,Sure Thing
CUST_70692,6534.0,0.0,0.0,0.0,0,0,0.0,243,2,3,1,Persuadable
CUST_99084,1783.0,0.0,0.0,0.0,0,0,0.0,112,4,4,0,Persuadable
CUST_54425,1198.0,1198.0,0.0,0.0,0,1,641.63,19,1,4,1,Sure Thing
CUST_48756,3639.0,0.0,0.0,0.0,0,0,0.0,67,0,4,1,Sure Thing
CUST_28888,2611.0,0.0,0.0,0.0,1,0,0.0,65,3,4,1,Persuadable
CUST_45735,1837.0,0.0,0.0,0.0,1,0,0.0,34,1,3,0,Lost Cause
CUST_57295,6496.0,4872.0,1624.0,0.25,1,1,1921.81,78,0,5,1,Sure Thing
CUST_93042,9358.0,9358.0,0.0,0.0,0,1,5424.49,58,0,5,1,Sure Thing
CUST_95999,9525.0,8096.25,1428.75,0.15,1,1,3592.37,60,2,2,1,Lost Cause
CUST_27955,2516.0,0.0,0.0,0.0,1,0,0.0,171,1,2,1,Lost Cause
CUST_47841,1272.0,0.0,0.0,0.0,0,0,0.0,40,5,3,0,Persuadable
CUST_80640,4938.0,0.0,0.0,0.0,1,0,0.0,133,2,9,0,Sleeping Dog
CUST_75510,3522.0,0.0,0.0,0.0,1,0,0.0,111,2,3,1,Lost Cause
CUST_44911,4726.0,0.0,0.0,0.0,0,0,0.0,110,0,9,1,Lost Cause
CUST_69031,6575.0,0.0,0.0,0.0,1,0,0.0,140,2,1,0,Lost Cause
CUST_98726,3425.0,0.0,0.0,0.0,0,0,0.0,105,3,5,0,Persuadable
CUST_17357,1718.0,1460.3,257.7,0.15,1,1,748.82,263,3,4,1,Persuadable
CUST_42479,1268.0,0.0,0.0,0.0,1,0,0.0,145,2,5,1,Lost Cause
CUST_71476,1169.0,0.0,0.0,0.0,0,0,0.0,105,1,8,1,Lost Cause
CUST_54811,4734.0,0.0,0.0,0.0,1,0,0.0,222,1,6,0,Sleeping Dog
CUST_46208,1325.0,0.0,0.0,0.0,1,0,0.0,121,1,5,1,Lost Cause
CUST_30150,1254.0,1254.0,0.0,0.0,0,1,703.13,51,1,4,1,Sure Thing
CUST_81180,2428.0,2063.8,364.2,0.15,1,1,1034.89,37,1,5,1,Sure Thing
CUST_53286,1818.0,0.0,0.0,0.0,1,0,0.0,29,2,4,0,Lost Cause
CUST_78450,2541.0,2159.85,381.15,0.15,1,1,964.6,285,5,5,1,Persuadable
CUST_31352,2532.0,2532.0,0.0,0.0,0,1,1403.17,158,1,6,0,Sleeping Dog
CUST_65069,2580.0,0.0,0.0,0.0,1,0,0.0,342,1,6,0,Sleeping Dog
CUST_24397,1242.0,0.0,0.0,0.0,0,0,0.0,120,2,1,1,Lost Cause
CUST_51555,1103.0,0.0,0.0,0.0,1,0,0.0,86,1,7,0,Sleeping Dog
CUST_56959,2353.0,0.0,0.0,0.0,1,0,0.0,17,0,4,0,Lost Cause
CUST_10728,6589.0,0.0,0.0,0.0,0,0,0.0,143,3,3,0,Persuadable
CUST_60517,2487.0,0.0,0.0,0.0,1,0,0.0,114,3,7,1,Persuadable
CUST_76234,1278.0,1022.4,255.6,0.2,1,1,430.96,565,5,2,0,Persuadable
CUST_49954,4842.0,0.0,0.0,0.0,0,0,0.0,42,2,5,1,Lost Cause
CUST_57280,2644.0,0.0,0.0,0.0,0,0,0.0,100,0,3,1,Lost Cause
CUST_89459,1870.0,0.0,0.0,0.0,1,0,0.0,136,1,6,1,Lost Cause
CUST_26779,1821.0,1638.9,182.1,0.1,1,1,874.32,134,3,2,1,Persuadable
CUST_73932,4714.0,4006.9,707.1,0.15,1,1,1950.29,108,4,2,1,Persuadable
CUST_82936,1296.0,0.0,0.0,0.0,0,0,0.0,190,4,4,0,Persuadable
CUST_34466,3607.0,0.0,0.0,0.0,0,0,0.0,37,2,2,0,Lost Cause
CUST_46939,6537.0,0.0,0.0,0.0,0,0,0.0,165,1,6,1,Lost Cause
CUST_79896,6577.0,5590.45,986.55,0.15,1,1,2800.78,126,1,4,1,Lost Cause
CUST_45270,2457.0,0.0,0.0,0.0,1,0,0.0,281,1,4,0,Lost Cause
CUST_69163,3371.0,2865.35,505.65,0.15,1,1,1414.04,235,0,3,1,Persuadable
CUST_92637,4705.0,0.0,0.0,0.0,1,0,0.0,55,2,6,1,Lost Cause
CUST_61934,1689.0,0.0,0.0,0.0,0,0,0.0,48,2,3,1,Lost Cause
CUST_74895,1770.0,0.0,0.0,0.0,1,0,0.0,489,0,4,0,Lost Cause
CUST_42307,1761.0,0.0,0.0,0.0,0,0,0.0,99,1,5,1,Lost Cause
CUST_64098,2372.0,0.0,0.0,0.0,0,0,0.0,294,2,5,0,Lost Cause
CUST_70921,1313.0,0.0,0.0,0.0,1,0,0.0,31,2,3,1,Lost Cause
CUST_15486,2580.0,0.0,0.0,0.0,0,0,0.0,133,3,3,0,Persuadable
CUST_18335,6606.0,5284.8,1321.2,0.2,1,1,2121.91,209,2,3,1,Persuadable
CUST_96900,1922.0,0.0,0.0,0.0,1,0,0.0,363,4,5,1,Persuadable
CUST_99112,3501.0,0.0,0.0,0.0,1,0,0.0,59,2,3,1,Lost Cause
CUST_21130,4895.0,0.0,0.0,0.0,1,0,0.0,164,1,3,1,Lost Cause
CUST_97508,2642.0,0.0,0.0,0.0,1,0,0.0,102,0,3,0,Lost Cause
CUST_70566,1234.0,0.0,0.0,0.0,0,0,0.0,17,2,6,0,Sleeping Dog
CUST_76703,1925.0,0.0,0.0,0.0,0,0,0.0,150,2,7,1,Lost Cause
CUST_37192,1909.0,1431.75,477.25,0.25,1,1,642.34,150,3,4,1,Persuadable
CUST_11062,4699.0,0.0,0.0,0.0,0,0,0.0,330,1,4,0,Lost Cause
CUST_94076,1121.0,0.0,0.0,0.0,0,0,0.0,92,2,1,0,Lost Cause
CUST_99780,6429.0,6429.0,0.0,0.0,0,1,3363.86,41,3,2,1,Persuadable
CUST_31545,3447.0,3102.3,344.7,0.1,1,1,1620.11,15,0,3,1,Sure Thing
CUST_31689,1674.0,0.0,0.0,0.0,1,0,0.0,74,1,5,0,Lost Cause
CUST_21174,6604.0,0.0,0.0,0.0,0,0,0.0,53,3,6,0,Persuadable
CUST_98461,3510.0,0.0,0.0,0.0,0,0,0.0,181,1,4,1,Persuadable
CUST_19348,1317.0,1119.45,197.55,0.15,1,1,528.17,62,1,7,1,Sure Thing
CUST_33714,1085.0,0.0,0.0,0.0,0,0,0.0,367,4,3,1,Persuadable
CUST_48102,3486.0,3137.4,348.6,0.1,1,1,1540.8,403,0,4,1,Persuadable
CUST_84460,6422.0,0.0,0.0,0.0,0,0,0.0,126,2,3,1,Lost Cause
CUST_99930,1294.0,0.0,0.0,0.0,1,0,0.0,326,4,2,1,Persuadable
CUST_16801,1844.0,0.0,0.0,0.0,0,0,0.0,181,2,4,1,Persuadable
CUST_82267,9438.0,0.0,0.0,0.0,0,0,0.0,104,2,3,1,Lost Cause
CUST_58136,1188.0,0.0,0.0,0.0,1,0,0.0,33,2,7,1,Lost Cause
CUST_33625,4891.0,0.0,0.0,0.0,1,0,0.0,83,1,1,0,Lost Cause
CUST_92873,3581.0,0.0,0.0,0.0,0,0,0.0,108,1,1,0,Lost Cause
CUST_82592,1257.0,1257.0,0.0,0.0,0,1,721.7,249,2,3,1,Persuadable
CUST_87052,1204.0,0.0,0.0,0.0,0,0,0.0,88,1,5,0,Lost Cause
CUST_54261,1741.0,0.0,0.0,0.0,0,0,0.0,283,2,6,1,Persuadable
CUST_11542,2362.0,0.0,0.0,0.0,0,0,0.0,144,0,3,1,Lost Cause
CUST_31677,2537.0,2283.3,253.7,0.1,1,1,1215.53,27,0,7,1,Sure Thing
CUST_56732,1349.0,0.0,0.0,0.0,0,0,0.0,600,2,2,0,Lost Cause
CUST_60343,1677.0,1341.6,335.4,0.2,1,1,625.96,99,3,5,1,Persuadable
CUST_49081,3499.0,2974.15,524.85,0.15,1,1,1525.76,69,0,13,1,Sure Thing
CUST_72856,3563.0,0.0,0.0,0.0,0,0,0.0,139,3,5,0,Persuadable
CUST_98858,1289.0,0.0,0.0,0.0,0,0,0.0,23,2,6,1,Lost Cause
CUST_29065,6611.0,5288.8,1322.2,0.2,1,1,2538.3,131,3,4,1,Persuadable
CUST_93460,2479.0,0.0,0.0,0.0,1,0,0.0,92,1,5,1,Lost Cause
CUST_98092,3640.0,0.0,0.0,0.0,0,0,0.0,72,2,4,0,Lost Cause
CUST_64693,2438.0,0.0,0.0,0.0,1,0,0.0,376,0,6,0,Sleeping Dog
CUST_36962,6467.0,0.0,0.0,0.0,0,0,0.0,98,2,3,1,Lost Cause
CUST_38295,2556.0,2556.0,0.0,0.0,0,1,1384.2,39,1,4,1,Sure Thing
CUST_23807,9445.0,0.0,0.0,0.0,0,0,0.0,83,0,3,0,Lost Cause
CUST_52348,4794.0,4074.9,719.1,0.15,1,1,1813.9,312,3,6,1,Persuadable
CUST_36432,2371.0,2015.35,355.65,0.15,1,1,976.98,33,1,5,1,Sure Thing
CUST_93285,1334.0,0.0,0.0,0.0,0,0,0.0,38,2,8,1,Lost Cause
CUST_67854,1307.0,1110.95,196.05,0.15,1,1,527.73,11,1,4,1,Sure Thing
CUST_50262,3401.0,0.0,0.0,0.0,0,0,0.0,11,0,3,0,Lost Cause
CUST_47080,1802.0,1441.6,360.4,0.2,1,1,665.73,222,0,4,1,Persuadable
CUST_11324,6572.0,0.0,0.0,0.0,1,0,0.0,168,1,1,1,Lost Cause
CUST_45909,1154.0,0.0,0.0,0.0,0,0,0.0,62,2,5,0,Lost Cause
CUST_99339,1291.0,0.0,0.0,0.0,0,0,0.0,153,1,4,0,Lost Cause
CUST_29870,1163.0,988.55,174.45,0.15,1,1,467.46,70,1,4,1,Sure Thing
CUST_44578,2393.0,0.0,0.0,0.0,0,0,0.0,376,1,5,0,Lost Cause
CUST_82124,1325.0,0.0,0.0,0.0,0,0,0.0,419,0,2,1,Persuadable
CUST_36790,1816.0,1816.0,0.0,0.0,0,1,1081.97,69,0,4,1,Sure Thing
CUST_35289,2458.0,2212.2,245.8,0.1,1,1,1175.91,241,0,1,1,Persuadable
CUST_65129,2357.0,2003.45,353.55,0.15,1,1,1040.51,187,1,2,1,Persuadable
CUST_25485,1346.0,0.0,0.0,0.0,0,0,0.0,54,3,2,1,Persuadable
CUST_54482,3629.0,0.0,0.0,0.0,1,0,0.0,41,1,5,0,Lost Cause
CUST_96188,3395.0,0.0,0.0,0.0,1,0,0.0,83,2,5,1,Lost Cause
CUST_14748,2470.0,2223.0,247.0,0.1,1,1,1060.7,192,3,4,0,Persuadable
CUST_96769,1938.0,1744.2,193.8,0.1,1,1,921.06,396,0,6,1,Persuadable
CUST_19435,1202.0,0.0,0.0,0.0,0,0,0.0,183,1,4,0,Lost Cause
CUST_13709,1856.0,0.0,0.0,0.0,1,0,0.0,241,2,6,0,Sleeping Dog
CUST_40355,4807.0,4085.95,721.05,0.15,1,1,1950.71,120,2,6,0,Sleeping Dog
CUST_65771,3417.0,3417.0,0.0,0.0,0,1,2007.33,226,5,6,1,Persuadable
CUST_67799,2352.0,0.0,0.0,0.0,0,0,0.0,194,4,4,1,Persuadable
CUST_23116,3481.0,0.0,0.0,0.0,1,0,0.0,66,2,3,0,Lost Cause
CUST_35470,1138.0,0.0,0.0,0.0,0,0,0.0,106,1,4,1,Lost Cause
CUST_52344,1116.0,0.0,0.0,0.0,1,0,0.0,206,0,2,0,Lost Cause
CUST_52918,2393.0,0.0,0.0,0.0,1,0,0.0,15,2,5,1,Lost Cause
CUST_62224,6597.0,0.0,0.0,0.0,0,0,0.0,208,2,4,1,Persuadable
CUST_49298,2374.0,0.0,0.0,0.0,0,0,0.0,33,3,2,0,Persuadable
CUST_90219,6545.0,0.0,0.0,0.0,0,0,0.0,96,1,2,0,Lost Cause
CUST_71629,2471.0,0.0,0.0,0.0,0,0,0.0,208,1,2,1,Persuadable
CUST_76040,6396.0,6396.0,0.0,0.0,0,1,3713.1,45,1,2,1,Sure Thing
CUST_38016,2438.0,0.0,0.0,0.0,0,0,0.0,43,2,3,0,Lost Cause
CUST_33960,1794.0,1794.0,0.0,0.0,0,1,1040.14,71,0,3,1,Sure Thing
CUST_43591,9388.0,0.0,0.0,0.0,0,0,0.0,280,1,3,0,Lost Cause
CUST_92848,2456.0,0.0,0.0,0.0,0,0,0.0,10,0,4,0,Lost Cause
CUST_77641,2621.0,2227.85,393.15,0.15,1,1,1063.0,287,2,4,1,Persuadable
CUST_46395,6634.0,0.0,0.0,0.0,1,0,0.0,30,1,7,0,Sleeping Dog
CUST_32700,1720.0,1462.0,258.0,0.15,1,1,670.36,563,4,3,1,Persuadable
CUST_44620,3557.0,3557.0,0.0,0.0,0,1,1908.42,381,1,4,1,Persuadable
CUST_30559,2620.0,0.0,0.0,0.0,0,0,0.0,91,0,5,0,Lost Cause
CUST_71642,1784.0,0.0,0.0,0.0,0,0,0.0,96,1,3,1,Lost Cause
CUST_86539,3498.0,0.0,0.0,0.0,1,0,0.0,88,2,6,0,Sleeping Dog
CUST_31732,3536.0,0.0,0.0,0.0,1,0,0.0,131,0,9,1,Lost Cause
CUST_40354,2593.0,2204.05,388.95,0.15,1,1,1081.72,21,0,5,1,Sure Thing
CUST_23843,4711.0,0.0,0.0,0.0,0,0,0.0,13,2,4,1,Lost Cause
CUST_81726,2459.0,2459.0,0.0,0.0,0,1,1334.09,17,5,2,0,Persuadable
CUST_27640,6613.0,0.0,0.0,0.0,0,0,0.0,80,0,2,0,Lost Cause
CUST_62528,4661.0,4194.9,466.1,0.1,1,1,2081.84,48,0,3,1,Sure Thing
CUST_48413,1676.0,0.0,0.0,0.0,1,0,0.0,126,0,7,0,Sleeping Dog
CUST_62638,6576.0,5589.6,986.4,0.15,1,1,2658.05,596,3,3,1,Persuadable
CUST_62736,1069.0,0.0,0.0,0.0,1,0,0.0,68,4,4,0,Persuadable
CUST_78866,1208.0,0.0,0.0,0.0,0,0,0.0,112,3,5,1,Persuadable
CUST_29087,2375.0,1900.0,475.0,0.2,1,1,768.34,74,0,4,0,Lost Cause
CUST_51430,9367.0,0.0,0.0,0.0,0,0,0.0,235,1,3,1,Persuadable
CUST_34504,3479.0,0.0,0.0,0.0,0,0,0.0,289,3,5,1,Persuadable
CUST_17114,1267.0,0.0,0.0,0.0,1,0,0.0,261,2,4,0,Lost Cause
CUST_88859,2364.0,2127.6,236.4,0.1,1,1,1076.47,449,1,5,1,Persuadable
CUST_20975,2535.0,2535.0,0.0,0.0,0,1,1435.08,13,1,7,0,Sleeping Dog
CUST_21023,3544.0,2658.0,886.0,0.25,1,1,1025.54,229,3,5,0,Persuadable
CUST_31447,2415.0,0.0,0.0,0.0,0,0,0.0,177,1,7,0,Sleeping Dog
CUST_33959,1085.0,0.0,0.0,0.0,1,0,0.0,41,2,3,1,Lost Cause
CUST_76203,1651.0,0.0,0.0,0.0,0,0,0.0,385,2,7,1,Persuadable
CUST_39703,1183.0,0.0,0.0,0.0,1,0,0.0,29,2,4,0,Lost Cause
CUST_19337,1316.0,0.0,0.0,0.0,0,0,0.0,146,0,5,1,Lost Cause
CUST_56427,4740.0,0.0,0.0,0.0,0,0,0.0,40,4,5,0,Persuadable
CUST_71529,1767.0,1590.3,176.7,0.1,1,1,816.26,77,1,5,1,Sure Thing
CUST_94665,1110.0,0.0,0.0,0.0,1,0,0.0,162,1,2,0,Lost Cause
CUST_41921,2458.0,0.0,0.0,0.0,0,0,0.0,109,0,5,1,Lost Cause
CUST_43307,2559.0,0.0,0.0,0.0,1,0,0.0,76,2,5,1,Lost Cause
CUST_37355,4691.0,4691.0,0.0,0.0,0,1,2697.49,57,0,1,1,Sure Thing
CUST_14835,2362.0,0.0,0.0,0.0,0,0,0.0,229,1,2,1,Persuadable
CUST_30159,2536.0,0.0,0.0,0.0,1,0,0.0,28,2,2,1,Lost Cause
CUST_57605,1092.0,982.8,109.2,0.1,1,1,500.51,77,1,3,1,Sure Thing
CUST_48088,4724.0,4015.4,708.6,0.15,1,1,1832.89,290,0,6,1,Persuadable
CUST_88752,2498.0,0.0,0.0,0.0,0,0,0.0,234,2,2,1,Persuadable
CUST_65284,3556.0,0.0,0.0,0.0,0,0,0.0,71,0,4,0,Lost Cause
CUST_67043,1290.0,0.0,0.0,0.0,0,0,0.0,182,0,9,1,Persuadable
CUST_45547,2584.0,0.0,0.0,0.0,0,0,0.0,217,2,4,1,Persuadable
CUST_92844,6441.0,6441.0,0.0,0.0,0,1,3517.09,273,1,7,0,Sleeping Dog
CUST_37532,1256.0,1067.6,188.4,0.15,1,1,545.98,104,3,4,1,Persuadable
CUST_44349,3564.0,0.0,0.0,0.0,0,0,0.0,37,3,4,1,Persuadable
CUST_55445,1931.0,1448.25,482.75,0.25,1,1,621.7,45,0,4,1,Sure Thing
CUST_15713,6410.0,5128.0,1282.0,0.2,1,1,2513.91,52,0,3,1,Sure Thing
CUST_66178,1250.0,0.0,0.0,0.0,0,0,0.0,118,2,6,0,Sleeping Dog
CUST_59407,9412.0,0.0,0.0,0.0,0,0,0.0,14,4,2,1,Persuadable
CUST_80340,1301.0,0.0,0.0,0.0,1,0,0.0,131,1,4,1,Lost Cause
CUST_60990,2370.0,2370.0,0.0,0.0,0,1,1360.24,64,3,3,0,Persuadable
CUST_85672,2640.0,2244.0,396.0,0.15,1,1,1023.93,51,0,4,1,Sure Thing
CUST_75545,2543.0,0.0,0.0,0.0,0,0,0.0,263,3,5,0,Persuadable
CUST_94791,6584.0,0.0,0.0,0.0,1,0,0.0,83,2,6,0,Sleeping Dog
CUST_68141,1782.0,0.0,0.0,0.0,1,0,0.0,21,2,5,1,Lost Cause
CUST_33793,1199.0,0.0,0.0,0.0,0,0,0.0,220,4,2,0,Persuadable
CUST_66570,1771.0,1771.0,0.0,0.0,0,1,963.98,15,1,3,1,Sure Thing
CUST_47892,1262.0,0.0,0.0,0.0,0,0,0.0,165,3,5,1,Persuadable
CUST_11015,2489.0,2489.0,0.0,0.0,0,1,1386.67,188,0,6,0,Sleeping Dog
CUST_71813,1676.0,1676.0,0.0,0.0,0,1,873.06,62,1,4,1,Sure Thing
CUST_37712,4767.0,0.0,0.0,0.0,0,0,0.0,219,1,1,1,Persuadable
CUST_18415,9424.0,0.0,0.0,0.0,0,0,0.0,96,2,3,0,Lost Cause
CUST_72292,2464.0,2464.0,0.0,0.0,0,1,1376.81,84,1,6,1,Sure Thing
CUST_33833,1762.0,1762.0,0.0,0.0,0,1,933.51,15,0,4,1,Sure Thing
CUST_14158,3631.0,0.0,0.0,0.0,1,0,0.0,51,2,4,1,Lost Cause
CUST_72680,9394.0,0.0,0.0,0.0,0,0,0.0,330,3,6,1,Persuadable
CUST_30309,2546.0,0.0,0.0,0.0,0,0,0.0,69,1,7,0,Sleeping Dog
CUST_16970,2420.0,0.0,0.0,0.0,1,0,0.0,104,3,3,0,Persuadable
CUST_82474,1816.0,0.0,0.0,0.0,0,0,0.0,101,1,5,0,Lost Cause
CUST_96704,4844.0,4117.4,726.6,0.15,1,1,2064.96,117,1,5,1,Lost Cause
CUST_56540,2572.0,2186.2,385.8,0.15,1,1,985.7,17,5,5,0,Persuadable
CUST_30384,2428.0,0.0,0.0,0.0,0,0,0.0,63,2,3,1,Lost Cause
CUST_28017,1244.0,0.0,0.0,0.0,1,0,0.0,164,0,5,1,Lost Cause
CUST_85880,4937.0,0.0,0.0,0.0,0,0,0.0,36,3,8,0,Persuadable
CUST_18702,3622.0,0.0,0.0,0.0,1,0,0.0,37,0,7,0,Sleeping Dog
CUST_10384,4671.0,4671.0,0.0,0.0,0,1,2667.72,11,1,2,1,Sure Thing
CUST_10404,2564.0,0.0,0.0,0.0,1,0,0.0,79,0,4,0,Lost Cause
CUST_50943,6615.0,5622.75,992.25,0.15,1,1,2922.78,267,3,5,1,Persuadable
CUST_57926,1704.0,1704.0,0.0,0.0,0,1,911.85,16,1,6,1,Sure Thing
CUST_39189,1932.0,1449.0,483.0,0.25,1,1,635.7,35,1,5,1,Sure Thing
CUST_22763,3475.0,2953.75,521.25,0.15,1,1,1395.94,54,3,7,1,Persuadable
CUST_28384,1699.0,0.0,0.0,0.0,1,0,0.0,167,2,6,1,Lost Cause
CUST_70100,2631.0,0.0,0.0,0.0,1,0,0.0,132,2,4,1,Lost Cause
CUST_19860,6394.0,0.0,0.0,0.0,1,0,0.0,74,2,8,1,Lost Cause
CUST_90642,3583.0,3045.55,537.45,0.15,1,1,1384.03,180,2,4,1,Persuadable
CUST_60612,1884.0,1884.0,0.0,0.0,0,1,1024.59,122,2,6,0,Sleeping Dog
CUST_33574,1653.0,0.0,0.0,0.0,0,0,0.0,281,1,3,0,Lost Cause
CUST_33524,2421.0,0.0,0.0,0.0,0,0,0.0,214,1,7,1,Persuadable
CUST_79172,2371.0,2371.0,0.0,0.0,0,1,1236.52,44,0,3,1,Sure Thing
CUST_20916,1100.0,990.0,110.0,0.1,1,1,513.87,48,0,4,1,Sure Thing
CUST_14809,1321.0,0.0,0.0,0.0,0,0,0.0,26,2,2,1,Lost Cause
CUST_42201,6393.0,5434.05,958.95,0.15,1,1,2800.32,59,0,1,1,Sure Thing
CUST_63330,1799.0,0.0,0.0,0.0,0,0,0.0,600,1,4,1,Persuadable
CUST_23456,6459.0,5813.1,645.9,0.1,1,1,3137.42,72,1,4,1,Sure Thing
CUST_66397,1888.0,0.0,0.0,0.0,0,0,0.0,39,2,2,1,Lost Cause
CUST_48765,3580.0,0.0,0.0,0.0,0,0,0.0,182,2,7,1,Persuadable
CUST_44816,1343.0,0.0,0.0,0.0,1,0,0.0,103,2,4,0,Lost Cause
CUST_55106,9430.0,9430.0,0.0,0.0,0,1,4941.78,29,0,3,1,Sure Thing
CUST_63932,1258.0,0.0,0.0,0.0,1,0,0.0,67,1,4,0,Lost Cause
CUST_27100,4947.0,0.0,0.0,0.0,0,0,0.0,74,5,7,1,Persuadable
CUST_67091,2370.0,0.0,0.0,0.0,0,0,0.0,178,2,3,1,Lost Cause
CUST_31949,6610.0,5618.5,991.5,0.15,1,1,2969.02,12,1,3,1,Sure Thing
CUST_80080,1799.0,0.0,0.0,0.0,1,0,0.0,47,1,3,0,Lost Cause
CUST_47744,1331.0,0.0,0.0,0.0,0,0,0.0,97,3,6,0,Persuadable
CUST_55543,1661.0,1661.0,0.0,0.0,0,1,963.31,47,2,3,0,Lost Cause
CUST_46187,2379.0,0.0,0.0,0.0,0,0,0.0,128,1,5,1,Lost Cause
CUST_17239,1936.0,0.0,0.0,0.0,0,0,0.0,88,2,2,0,Lost Cause
CUST_24489,3376.0,0.0,0.0,0.0,1,0,0.0,63,2,4,1,Lost Cause
CUST_68017,6646.0,0.0,0.0,0.0,0,0,0.0,367,0,1,1,Persuadable
CUST_71877,1723.0,0.0,0.0,0.0,0,0,0.0,130,1,4,0,Lost Cause
CUST_53125,3548.0,0.0,0.0,0.0,1,0,0.0,26,2,3,1,Lost Cause
CUST_59922,1749.0,0.0,0.0,0.0,1,0,0.0,108,1,2,1,Lost Cause
CUST_42049,1840.0,1656.0,184.0,0.1,1,1,798.56,192,2,4,1,Persuadable
CUST_47131,2455.0,0.0,0.0,0.0,0,0,0.0,157,0,3,1,Lost Cause
CUST_52944,2356.0,2120.4,235.6,0.1,1,1,1143.0,32,1,3,1,Sure Thing
CUST_83963,1789.0,0.0,0.0,0.0,0,0,0.0,440,1,3,1,Persuadable
CUST_34285,4656.0,0.0,0.0,0.0,0,0,0.0,81,3,5,1,Persuadable
CUST_47626,1175.0,0.0,0.0,0.0,1,0,0.0,30,1,4,0,Lost Cause
CUST_52808,1931.0,0.0,0.0,0.0,1,0,0.0,33,1,3,0,Lost Cause
CUST_98464,1094.0,0.0,0.0,0.0,1,0,0.0,22,0,1,0,Lost Cause
CUST_63871,2513.0,0.0,0.0,0.0,1,0,0.0,205,2,4,0,Lost Cause
CUST_29198,2412.0,2170.8,241.2,0.1,1,1,1177.18,25,0,2,1,Sure Thing
CUST_29758,4741.0,0.0,0.0,0.0,0,0,0.0,26,3,3,1,Persuadable
CUST_25254,1691.0,0.0,0.0,0.0,0,0,0.0,238,0,2,1,Persuadable
CUST_54238,4904.0,0.0,0.0,0.0,0,0,0.0,60,1,6,0,Sleeping Dog
CUST_11252,4948.0,0.0,0.0,0.0,1,0,0.0,13,2,4,0,Lost Cause
CUST_49764,1705.0,0.0,0.0,0.0,0,0,0.0,16,4,4,1,Persuadable
CUST_87709,3470.0,0.0,0.0,0.0,0,0,0.0,28,1,1,0,Lost Cause
CUST_47441,2606.0,2215.1,390.9,0.15,1,1,1126.86,38,4,4,1,Persuadable
CUST_63682,1691.0,0.0,0.0,0.0,1,0,0.0,141,0,2,1,Lost Cause
CUST_69494,1658.0,1658.0,0.0,0.0,0,1,867.81,30,1,6,1,Sure Thing
CUST_91317,1745.0,0.0,0.0,0.0,0,0,0.0,25,2,4,0,Lost Cause
CUST_75215,1878.0,0.0,0.0,0.0,1,0,0.0,183,0,2,0,Lost Cause
CUST_88587,2547.0,0.0,0.0,0.0,0,0,0.0,143,1,5,0,Lost Cause
CUST_16949,3581.0,0.0,0.0,0.0,0,0,0.0,78,3,8,1,Persuadable
CUST_65393,2648.0,0.0,0.0,0.0,1,0,0.0,105,0,3,1,Lost Cause
CUST_83553,6523.0,0.0,0.0,0.0,1,0,0.0,54,1,6,0,Sleeping Dog
CUST_16941,2350.0,0.0,0.0,0.0,0,0,0.0,89,1,4,0,Lost Cause
CUST_35934,2466.0,0.0,0.0,0.0,1,0,0.0,94,3,2,1,Persuadable
CUST_33386,6582.0,0.0,0.0,0.0,0,0,0.0,68,1,3,0,Lost Cause
CUST_71886,2412.0,1809.0,603.0,0.25,1,1,809.16,294,1,2,1,Persuadable
CUST_85745,1279.0,0.0,0.0,0.0,0,0,0.0,11,4,5,0,Persuadable
CUST_93251,6517.0,0.0,0.0,0.0,0,0,0.0,192,1,3,1,Persuadable
CUST_63413,1940.0,0.0,0.0,0.0,1,0,0.0,25,3,7,1,Persuadable
CUST_66800,1188.0,1069.2,118.8,0.1,1,1,548.12,201,0,1,1,Persuadable
CUST_52318,1705.0,0.0,0.0,0.0,0,0,0.0,124,1,3,0,Lost Cause
CUST_80173,6388.0,0.0,0.0,0.0,1,0,0.0,232,1,2,0,Lost Cause
CUST_80390,3605.0,0.0,0.0,0.0,0,0,0.0,22,3,4,1,Persuadable
CUST_62329,4798.0,0.0,0.0,0.0,1,0,0.0,108,1,5,1,Lost Cause
CUST_53088,2472.0,0.0,0.0,0.0,1,0,0.0,93,1,2,1,Lost Cause
CUST_49811,1929.0,0.0,0.0,0.0,1,0,0.0,156,2,5,1,Lost Cause
CUST_65479,3355.0,0.0,0.0,0.0,1,0,0.0,101,2,7,0,Sleeping Dog
CUST_95392,9546.0,0.0,0.0,0.0,1,0,0.0,103,1,4,1,Lost Cause
CUST_97369,1285.0,0.0,0.0,0.0,0,0,0.0,77,3,6,0,Persuadable
CUST_29963,2421.0,0.0,0.0,0.0,0,0,0.0,54,1,4,0,Lost Cause
CUST_65123,2482.0,0.0,0.0,0.0,0,0,0.0,88,3,4,0,Persuadable
CUST_83477,1208.0,0.0,0.0,0.0,1,0,0.0,25,2,8,1,Lost Cause
CUST_24388,1311.0,0.0,0.0,0.0,1,0,0.0,400,1,4,0,Lost Cause
CUST_15569,4729.0,0.0,0.0,0.0,1,0,0.0,160,2,4,1,Lost Cause
CUST_79836,3413.0,0.0,0.0,0.0,1,0,0.0,375,0,4,0,Lost Cause
CUST_46586,2462.0,2462.0,0.0,0.0,0,1,1313.19,40,2,6,0,Sleeping Dog
CUST_22015,1857.0,0.0,0.0,0.0,0,0,0.0,263,4,6,1,Persuadable
CUST_55002,2627.0,0.0,0.0,0.0,1,0,0.0,208,1,4,0,Lost Cause
CUST_16254,4929.0,4929.0,0.0,0.0,0,1,2938.62,145,1,6,0,Sleeping Dog
CUST_27144,1863.0,1583.55,279.45,0.15,1,1,803.93,127,2,2,1,Lost Cause
CUST_34214,1074.0,0.0,0.0,0.0,0,0,0.0,55,2,5,1,Lost Cause
CUST_90719,1136.0,1136.0,0.0,0.0,0,1,607.55,213,2,3,0,Lost Cause
CUST_81774,2550.0,2040.0,510.0,0.2,1,1,865.53,93,3,5,1,Persuadable
CUST_16090,1664.0,0.0,0.0,0.0,0,0,0.0,18,2,1,1,Lost Cause
CUST_21637,1760.0,1760.0,0.0,0.0,0,1,948.61,55,0,4,1,Sure Thing
CUST_32415,3477.0,0.0,0.0,0.0,1,0,0.0,338,0,4,0,Lost Cause
CUST_34071,1663.0,0.0,0.0,0.0,0,0,0.0,238,0,4,0,Lost Cause
CUST_68243,1653.0,0.0,0.0,0.0,0,0,0.0,491,3,2,1,Persuadable
CUST_51240,1868.0,0.0,0.0,0.0,0,0,0.0,128,2,5,1,Lost Cause
CUST_93807,1265.0,0.0,0.0,0.0,0,0,0.0,44,2,1,0,Lost Cause
CUST_43434,1716.0,1458.6,257.4,0.15,1,1,727.06,31,1,5,1,Sure Thing
CUST_79724,1268.0,1077.8,190.2,0.15,1,1,488.11,34,1,4,1,Sure Thing
CUST_85697,1156.0,0.0,0.0,0.0,1,0,0.0,12,2,7,1,Lost Cause
CUST_38732,1276.0,0.0,0.0,0.0,1,0,0.0,69,1,2,0,Lost Cause
CUST_21314,3616.0,0.0,0.0,0.0,0,0,0.0,35,3,5,0,Persuadable
CUST_33954,6583.0,4937.25,1645.75,0.25,1,1,2057.61,73,3,4,1,Persuadable
CUST_67108,2509.0,0.0,0.0,0.0,0,0,0.0,337,2,7,1,Persuadable
CUST_97044,6534.0,0.0,0.0,0.0,0,0,0.0,77,1,5,0,Lost Cause
CUST_97505,4812.0,0.0,0.0,0.0,0,0,0.0,262,3,4,1,Persuadable
CUST_46668,1287.0,1093.95,193.05,0.15,1,1,495.94,121,4,4,1,Persuadable
CUST_33061,1881.0,0.0,0.0,0.0,1,0,0.0,44,2,3,0,Lost Cause
CUST_89252,2567.0,0.0,0.0,0.0,1,0,0.0,62,2,1,1,Lost Cause
CUST_49749,1285.0,1285.0,0.0,0.0,0,1,673.1,20,0,3,1,Sure Thing
CUST_26907,1226.0,1226.0,0.0,0.0,0,1,648.68,58,1,6,0,Sleeping Dog
CUST_28777,1168.0,0.0,0.0,0.0,1,0,0.0,145,1,4,0,Lost Cause
CUST_61745,2428.0,0.0,0.0,0.0,1,0,0.0,18,0,7,0,Sleeping Dog
CUST_91818,1875.0,1875.0,0.0,0.0,0,1,1067.07,37,0,7,1,Sure Thing
CUST_33624,1273.0,1145.7,127.3,0.1,1,1,561.02,67,0,5,1,Sure Thing
CUST_33321,3397.0,0.0,0.0,0.0,0,0,0.0,492,0,5,0,Lost Cause
CUST_20488,6357.0,6357.0,0.0,0.0,0,1,3340.11,194,2,4,1,Persuadable
CUST_32574,3593.0,0.0,0.0,0.0,0,0,0.0,168,2,4,0,Lost Cause
CUST_15240,1836.0,1836.0,0.0,0.0,0,1,1061.96,24,0,6,1,Sure Thing
CUST_53221,4737.0,0.0,0.0,0.0,0,0,0.0,192,6,2,0,Persuadable
CUST_20478,3631.0,2904.8,726.2,0.2,1,1,1368.57,194,2,6,1,Persuadable
CUST_65645,2567.0,0.0,0.0,0.0,0,0,0.0,120,0,3,1,Lost Cause
CUST_29262,1905.0,0.0,0.0,0.0,0,0,0.0,567,3,9,1,Persuadable
CUST_62796,1264.0,1074.4,189.6,0.15,1,1,553.73,57,3,7,1,Persuadable
CUST_14432,4941.0,0.0,0.0,0.0,1,0,0.0,350,1,3,0,Lost Cause
CUST_74291,4824.0,3859.2,964.8,0.2,1,1,1913.08,305,1,4,1,Persuadable
CUST_89104,9389.0,9389.0,0.0,0.0,0,1,5311.65,11,1,3,1,Sure Thing
CUST_69399,4833.0,4108.05,724.95,0.15,1,1,2067.9,81,1,3,1,Sure Thing
CUST_89714,1120.0,0.0,0.0,0.0,0,0,0.0,463,0,3,1,Persuadable
CUST_60428,1820.0,0.0,0.0,0.0,1,0,0.0,23,2,7,0,Sleeping Dog
CUST_97731,3523.0,0.0,0.0,0.0,0,0,0.0,105,0,2,0,Lost Cause
CUST_10302,6564.0,0.0,0.0,0.0,0,0,0.0,473,3,1,1,Persuadable
CUST_92558,1780.0,0.0,0.0,0.0,1,0,0.0,107,2,6,1,Lost Cause
CUST_10055,2635.0,0.0,0.0,0.0,1,0,0.0,35,2,5,0,Lost Cause
CUST_18717,3498.0,2798.4,699.6,0.2,1,1,1299.91,114,3,4,1,Persuadable
CUST_38699,4778.0,4778.0,0.0,0.0,0,1,2593.38,37,0,6,1,Sure Thing
CUST_83686,1736.0,0.0,0.0,0.0,0,0,0.0,98,2,1,1,Lost Cause
CUST_77661,2392.0,1794.0,598.0,0.25,1,1,815.03,19,0,5,0,Lost Cause
CUST_54247,3390.0,0.0,0.0,0.0,1,0,0.0,121,0,3,0,Lost Cause
CUST_26748,2629.0,0.0,0.0,0.0,1,0,0.0,97,3,6,0,Persuadable
CUST_14621,2373.0,0.0,0.0,0.0,0,0,0.0,171,1,4,1,Lost Cause
CUST_25034,2645.0,0.0,0.0,0.0,1,0,0.0,129,2,3,1,Lost Cause
CUST_15126,1158.0,0.0,0.0,0.0,0,0,0.0,105,1,6,1,Lost Cause
CUST_15122,1938.0,0.0,0.0,0.0,0,0,0.0,150,0,2,1,Lost Cause
CUST_28030,1676.0,0.0,0.0,0.0,0,0,0.0,28,3,4,1,Persuadable
CUST_92838,1219.0,0.0,0.0,0.0,1,0,0.0,118,1,2,1,Lost Cause
CUST_94717,1830.0,0.0,0.0,0.0,1,0,0.0,32,0,5,0,Lost Cause
CUST_65658,1722.0,0.0,0.0,0.0,0,0,0.0,321,1,3,0,Lost Cause
CUST_48638,1835.0,0.0,0.0,0.0,1,0,0.0,18,1,4,0,Lost Cause
CUST_77067,1131.0,0.0,0.0,0.0,1,0,0.0,77,2,5,0,Lost Cause
CUST_98869,4930.0,0.0,0.0,0.0,0,0,0.0,152,1,2,0,Lost Cause
CUST_44674,1155.0,0.0,0.0,0.0,1,0,0.0,83,1,5,0,Lost Cause
CUST_45854,9479.0,8531.1,947.9,0.1,1,1,4629.31,21,1,2,1,Sure Thing
CUST_56271,3646.0,0.0,0.0,0.0,0,0,0.0,106,2,5,1,Lost Cause
CUST_83688,1264.0,0.0,0.0,0.0,0,0,0.0,133,2,3,0,Lost Cause
CUST_48518,6607.0,0.0,0.0,0.0,1,0,0.0,156,1,4,1,Lost Cause
CUST_20267,2427.0,2427.0,0.0,0.0,0,1,1405.07,66,1,8,1,Sure Thing
CUST_11062,2534.0,0.0,0.0,0.0,0,0,0.0,109,1,2,1,Lost Cause
CUST_60448,3350.0,0.0,0.0,0.0,0,0,0.0,81,3,3,1,Persuadable
CUST_16229,2398.0,2158.2,239.8,0.1,1,1,1144.59,143,3,7,1,Persuadable
CUST_66793,6620.0,0.0,0.0,0.0,0,0,0.0,115,1,6,1,Lost Cause
CUST_57915,1754.0,0.0,0.0,0.0,1,0,0.0,99,2,2,0,Lost Cause
CUST_14632,2541.0,0.0,0.0,0.0,1,0,0.0,44,0,3,0,Lost Cause
CUST_13596,3530.0,3000.5,529.5,0.15,1,1,1530.9,10,3,2,0,Persuadable
CUST_16168,4883.0,4394.7,488.3,0.1,1,1,2220.03,32,0,4,1,Sure Thing
CUST_17561,1267.0,0.0,0.0,0.0,0,0,0.0,24,0,4,0,Lost Cause
CUST_83794,9458.0,9458.0,0.0,0.0,0,1,5586.29,81,1,4,1,Sure Thing
CUST_92152,2602.0,0.0,0.0,0.0,1,0,0.0,123,1,4,0,Lost Cause
CUST_36734,1167.0,0.0,0.0,0.0,1,0,0.0,38,2,8,1,Lost Cause
CUST_16371,1858.0,1672.2,185.8,0.1,1,1,787.28,345,2,3,1,Persuadable
CUST_36069,1779.0,0.0,0.0,0.0,1,0,0.0,10,0,1,0,Lost Cause
CUST_89905,1732.0,1558.8,173.2,0.1,1,1,763.04,187,0,8,1,Persuadable
CUST_22910,1054.0,0.0,0.0,0.0,1,0,0.0,127,1,1,1,Lost Cause
CUST_83479,2373.0,2017.05,355.95,0.15,1,1,977.9,66,1,4,1,Sure Thing
CUST_87735,1273.0,0.0,0.0,0.0,1,0,0.0,16,2,2,0,Lost Cause
CUST_91264,4791.0,0.0,0.0,0.0,0,0,0.0,128,0,8,1,Lost Cause
CUST_33275,1794.0,0.0,0.0,0.0,1,0,0.0,68,0,5,0,Lost Cause
CUST_82274,3401.0,2890.85,510.15,0.15,1,1,1277.27,340,2,3,1,Persuadable
CUST_91449,1744.0,0.0,0.0,0.0,1,0,0.0,103,1,3,0,Lost Cause
CUST_70004,4660.0,4194.0,466.0,0.1,1,1,2040.25,346,2,4,1,Persuadable
CUST_72981,1141.0,0.0,0.0,0.0,0,0,0.0,39,0,5,0,Lost Cause
CUST_94659,3472.0,0.0,0.0,0.0,0,0,0.0,165,2,3,0,Lost Cause
CUST_64553,1768.0,0.0,0.0,0.0,0,0,0.0,125,0,3,1,Lost Cause
CUST_58447,2628.0,0.0,0.0,0.0,0,0,0.0,171,3,7,1,Persuadable
CUST_44529,6545.0,5236.0,1309.0,0.2,1,1,2117.85,38,1,5,1,Sure Thing
CUST_85703,3372.0,0.0,0.0,0.0,1,0,0.0,141,0,5,0,Lost Cause
CUST_86090,1909.0,0.0,0.0,0.0,0,0,0.0,92,5,4,1,Persuadable
CUST_27260,1859.0,0.0,0.0,0.0,0,0,0.0,172,2,5,1,Lost Cause
CUST_13812,3519.0,3519.0,0.0,0.0,0,1,1981.98,57,1,2,1,Sure Thing
CUST_38024,1939.0,1648.15,290.85,0.15,1,1,772.63,274,3,4,1,Persuadable
CUST_68656,2392.0,1913.6,478.4,0.2,1,1,835.45,20,0,2,1,Sure Thing
CUST_37285,1661.0,1494.9,166.1,0.1,1,1,808.47,207,3,4,1,Persuadable
CUST_11605,2621.0,1965.75,655.25,0.25,1,1,812.82,247,3,1,0,Persuadable
CUST_81158,1320.0,0.0,0.0,0.0,0,0,0.0,213,5,5,0,Persuadable
CUST_82303,2494.0,0.0,0.0,0.0,1,0,0.0,96,1,6,0,Sleeping Dog
CUST_37139,3635.0,3271.5,363.5,0.1,1,1,1536.09,79,1,3,1,Sure Thing
CUST_87149,1349.0,1349.0,0.0,0.0,0,1,713.24,600,3,3,1,Persuadable
CUST_66138,1306.0,1110.1,195.9,0.15,1,1,586.89,41,1,2,1,Sure Thing
CUST_86125,9440.0,0.0,0.0,0.0,1,0,0.0,104,0,3,1,Lost Cause
CUST_23918,3587.0,0.0,0.0,0.0,1,0,0.0,143,0,9,1,Lost Cause
CUST_95655,1276.0,0.0,0.0,0.0,1,0,0.0,154,1,6,1,Lost Cause
CUST_37446,4914.0,4176.9,737.1,0.15,1,1,2047.0,37,1,2,1,Sure Thing
CUST_23046,1749.0,0.0,0.0,0.0,0,0,0.0,137,7,3,1,Persuadable
CUST_34818,3506.0,0.0,0.0,0.0,0,0,0.0,214,1,3,1,Persuadable
CUST_14324,1916.0,0.0,0.0,0.0,0,0,0.0,16,4,6,1,Persuadable
CUST_86323,6606.0,0.0,0.0,0.0,0,0,0.0,300,2,4,1,Persuadable
CUST_19111,6449.0,6449.0,0.0,0.0,0,1,3632.64,13,1,4,1,Sure Thing
CUST_48110,1782.0,1425.6,356.4,0.2,1,1,710.61,62,1,3,1,Sure Thing
CUST_26389,1914.0,1914.0,0.0,0.0,0,1,1134.31,11,2,4,0,Lost Cause
CUST_51427,3542.0,2833.6,708.4,0.2,1,1,1389.95,19,1,3,1,Sure Thing
CUST_89579,2611.0,2219.35,391.65,0.15,1,1,1089.46,300,3,1,0,Persuadable
CUST_38746,6412.0,5450.2,961.8,0.15,1,1,2445.36,62,3,5,0,Persuadable
CUST_97886,4894.0,4404.6,489.4,0.1,1,1,2344.6,76,6,6,1,Persuadable
CUST_10117,2485.0,0.0,0.0,0.0,0,0,0.0,39,2,4,1,Lost Cause
CUST_94471,2357.0,0.0,0.0,0.0,1,0,0.0,119,2,6,1,Lost Cause
CUST_23234,2541.0,0.0,0.0,0.0,1,0,0.0,118,2,4,0,Lost Cause
CUST_63441,2374.0,2374.0,0.0,0.0,0,1,1364.17,65,0,2,1,Sure Thing
CUST_10846,6436.0,0.0,0.0,0.0,1,0,0.0,58,2,7,1,Lost Cause
CUST_20954,9405.0,0.0,0.0,0.0,0,0,0.0,269,3,8,1,Persuadable
CUST_89239,6378.0,0.0,0.0,0.0,0,0,0.0,68,2,6,1,Lost Cause
CUST_56514,1328.0,0.0,0.0,0.0,1,0,0.0,91,2,4,0,Lost Cause
CUST_98236,4948.0,3958.4,989.6,0.2,1,1,1852.65,49,3,7,0,Persuadable
CUST_16469,1785.0,1338.75,446.25,0.25,1,1,593.96,195,1,3,1,Persuadable
CUST_40105,6434.0,0.0,0.0,0.0,1,0,0.0,70,1,2,0,Lost Cause
CUST_52101,1707.0,0.0,0.0,0.0,1,0,0.0,96,2,4,0,Lost Cause
CUST_74323,2449.0,2081.65,367.35,0.15,1,1,917.29,45,1,4,1,Sure Thing
CUST_68067,2627.0,0.0,0.0,0.0,0,0,0.0,537,1,5,1,Persuadable
CUST_59376,2438.0,0.0,0.0,0.0,1,0,0.0,51,2,7,0,Sleeping Dog
CUST_55587,1654.0,0.0,0.0,0.0,1,0,0.0,186,1,5,0,Lost Cause
CUST_46976,6620.0,5958.0,662.0,0.1,1,1,2937.35,76,3,5,0,Persuadable
CUST_77584,4724.0,4724.0,0.0,0.0,0,1,2618.81,37,1,6,0,Sleeping Dog
CUST_88477,6566.0,5909.4,656.6,0.1,1,1,2918.71,202,3,3,1,Persuadable
CUST_52533,6481.0,0.0,0.0,0.0,1,0,0.0,58,2,6,0,Sleeping Dog
CUST_11828,6461.0,0.0,0.0,0.0,1,0,0.0,250,2,2,1,Persuadable
CUST_11917,4765.0,3573.75,1191.25,0.25,1,1,1573.62,306,0,3,1,Persuadable
CUST_30618,2635.0,0.0,0.0,0.0,1,0,0.0,245,2,7,1,Persuadable
CUST_42254,1255.0,1255.0,0.0,0.0,0,1,670.08,14,1,2,1,Sure Thing
CUST_57362,3597.0,0.0,0.0,0.0,0,0,0.0,195,5,5,0,Persuadable
CUST_30128,2514.0,0.0,0.0,0.0,0,0,0.0,73,2,5,1,Lost Cause
CUST_69383,2353.0,0.0,0.0,0.0,0,0,0.0,258,3,5,1,Persuadable
CUST_75545,9455.0,0.0,0.0,0.0,0,0,0.0,131,5,5,1,Persuadable
CUST_92180,1316.0,0.0,0.0,0.0,0,0,0.0,225,3,4,0,Persuadable
CUST_97958,3515.0,0.0,0.0,0.0,1,0,0.0,93,1,4,0,Lost Cause
CUST_19865,1203.0,0.0,0.0,0.0,0,0,0.0,101,2,3,0,Lost Cause
CUST_12219,1725.0,1466.25,258.75,0.15,1,1,730.38,28,1,5,1,Sure Thing
CUST_49809,3619.0,2895.2,723.8,0.2,1,1,1380.35,193,2,3,1,Persuadable
CUST_15287,6374.0,5736.6,637.4,0.1,1,1,2835.86,75,1,3,1,Sure Thing
CUST_44387,1755.0,0.0,0.0,0.0,0,0,0.0,93,1,4,1,Lost Cause
CUST_18512,1315.0,0.0,0.0,0.0,1,0,0.0,194,1,6,0,Sleeping Dog
CUST_11342,2371.0,0.0,0.0,0.0,0,0,0.0,119,5,8,1,Persuadable
CUST_73076,1293.0,0.0,0.0,0.0,0,0,0.0,36,0,5,1,Sure Thing
CUST_29216,3561.0,3026.85,534.15,0.15,1,1,1586.87,117,3,5,0,Persuadable
CUST_89767,4902.0,4166.7,735.3,0.15,1,1,2019.5,72,1,3,1,Sure Thing
CUST_36614,2635.0,0.0,0.0,0.0,1,0,0.0,86,2,6,1,Lost Cause
CUST_46258,3559.0,0.0,0.0,0.0,1,0,0.0,13,3,3,0,Persuadable
CUST_52078,3491.0,0.0,0.0,0.0,0,0,0.0,38,4,3,1,Persuadable
CUST_93524,3489.0,3489.0,0.0,0.0,0,1,1940.18,49,0,3,1,Sure Thing
CUST_22219,3375.0,0.0,0.0,0.0,1,0,0.0,159,1,3,0,Lost Cause
CUST_10235,9464.0,9464.0,0.0,0.0,0,1,5014.54,11,3,6,1,Persuadable
CUST_52929,2496.0,0.0,0.0,0.0,0,0,0.0,73,1,4,0,Lost Cause
CUST_77444,1264.0,1074.4,189.6,0.15,1,1,493.78,319,0,3,1,Persuadable
CUST_18567,3444.0,0.0,0.0,0.0,0,0,0.0,24,3,8,0,Persuadable
CUST_80792,4867.0,0.0,0.0,0.0,1,0,0.0,97,0,2,0,Lost Cause
CUST_75441,1101.0,0.0,0.0,0.0,0,0,0.0,195,3,7,1,Persuadable
CUST_94555,1224.0,0.0,0.0,0.0,1,0,0.0,352,2,8,0,Sleeping Dog
CUST_83698,2481.0,0.0,0.0,0.0,0,0,0.0,174,2,7,0,Sleeping Dog
CUST_15415,2356.0,2120.4,235.6,0.1,1,1,1056.76,162,3,6,0,Persuadable
CUST_46159,2604.0,0.0,0.0,0.0,0,0,0.0,220,1,4,0,Lost Cause
CUST_53925,1233.0,1048.05,184.95,0.15,1,1,536.64,80,3,4,0,Persuadable
CUST_15951,3485.0,3136.5,348.5,0.1,1,1,1647.32,206,0,4,1,Persuadable
CUST_97388,2639.0,0.0,0.0,0.0,1,0,0.0,10,2,1,1,Lost Cause
CUST_18007,4704.0,0.0,0.0,0.0,0,0,0.0,320,3,2,1,Persuadable
CUST_51832,1899.0,1899.0,0.0,0.0,0,1,1077.41,80,1,2,1,Sure Thing
CUST_68596,1854.0,0.0,0.0,0.0,0,0,0.0,106,0,4,1,Lost Cause
CUST_40523,1051.0,0.0,0.0,0.0,0,0,0.0,45,3,9,0,Persuadable
CUST_98861,6398.0,0.0,0.0,0.0,0,0,0.0,172,0,3,0,Lost Cause
CUST_96740,1300.0,975.0,325.0,0.25,1,1,406.91,19,1,4,1,Sure Thing
CUST_25524,1883.0,0.0,0.0,0.0,1,0,0.0,257,0,3,0,Lost Cause
CUST_29282,2512.0,0.0,0.0,0.0,0,0,0.0,221,1,4,1,Persuadable
CUST_33930,3593.0,0.0,0.0,0.0,0,0,0.0,39,1,6,1,Sure Thing
CUST_10077,2508.0,2257.2,250.8,0.1,1,1,1082.81,208,0,8,1,Persuadable
CUST_30611,1237.0,0.0,0.0,0.0,0,0,0.0,195,0,3,1,Persuadable
CUST_26984,2488.0,0.0,0.0,0.0,0,0,0.0,130,1,5,1,Lost Cause
CUST_24060,6428.0,0.0,0.0,0.0,0,0,0.0,66,1,4,1,Sure Thing
CUST_92985,1729.0,1729.0,0.0,0.0,0,1,998.84,48,1,3,1,Sure Thing
CUST_94056,2574.0,0.0,0.0,0.0,1,0,0.0,41,0,3,0,Lost Cause
CUST_53303,3529.0,0.0,0.0,0.0,0,0,0.0,56,2,1,1,Lost Cause
CUST_69207,6619.0,5295.2,1323.8,0.2,1,1,2172.58,290,2,5,1,Persuadable
CUST_85046,1329.0,1129.65,199.35,0.15,1,1,495.23,19,1,2,1,Sure Thing
CUST_39287,1196.0,1076.4,119.6,0.1,1,1,549.15,221,2,4,1,Persuadable
CUST_49711,2351.0,0.0,0.0,0.0,0,0,0.0,61,3,2,0,Persuadable
CUST_21954,6385.0,0.0,0.0,0.0,0,0,0.0,98,1,4,1,Lost Cause
CUST_83340,1100.0,0.0,0.0,0.0,0,0,0.0,199,1,1,1,Persuadable
CUST_82101,1066.0,1066.0,0.0,0.0,0,1,569.45,268,3,5,1,Persuadable
CUST_81520,4927.0,0.0,0.0,0.0,0,0,0.0,60,0,4,0,Lost Cause
CUST_97062,4823.0,3858.4,964.6,0.2,1,1,1654.31,84,0,2,1,Sure Thing
CUST_28574,6620.0,6620.0,0.0,0.0,0,1,3773.5,74,1,1,1,Sure Thing
CUST_19184,2645.0,2248.25,396.75,0.15,1,1,1043.07,11,3,6,0,Persuadable
CUST_29096,1793.0,0.0,0.0,0.0,0,0,0.0,52,3,4,1,Persuadable
CUST_77728,3594.0,3054.9,539.1,0.15,1,1,1615.38,83,1,6,1,Sure Thing
CUST_44016,4853.0,0.0,0.0,0.0,1,0,0.0,73,0,4,0,Lost Cause
CUST_21246,1103.0,0.0,0.0,0.0,1,0,0.0,163,5,5,1,Persuadable
CUST_55558,9492.0,0.0,0.0,0.0,0,0,0.0,68,2,5,1,Lost Cause
CUST_28381,3357.0,0.0,0.0,0.0,1,0,0.0,90,2,6,1,Lost Cause
CUST_46455,2449.0,0.0,0.0,0.0,1,0,0.0,77,1,3,0,Lost Cause
CUST_14018,9485.0,0.0,0.0,0.0,0,0,0.0,171,3,3,0,Persuadable
CUST_21302,1699.0,0.0,0.0,0.0,1,0,0.0,248,2,4,0,Lost Cause
CUST_77506,1245.0,1245.0,0.0,0.0,0,1,742.77,101,1,6,0,Sleeping Dog
CUST_51157,1943.0,0.0,0.0,0.0,0,0,0.0,196,1,3,0,Lost Cause
CUST_64917,6567.0,0.0,0.0,0.0,0,0,0.0,52,3,3,1,Persuadable
CUST_93122,6531.0,0.0,0.0,0.0,1,0,0.0,103,2,2,0,Lost Cause
CUST_34519,1193.0,0.0,0.0,0.0,1,0,0.0,60,1,4,0,Lost Cause
CUST_97487,4755.0,0.0,0.0,0.0,1,0,0.0,74,0,1,0,Lost Cause
CUST_66819,2629.0,0.0,0.0,0.0,1,0,0.0,168,2,2,0,Lost Cause
CUST_90910,6351.0,5715.9,635.1,0.1,1,1,3025.85,266,1,7,1,Persuadable
CUST_81324,1140.0,0.0,0.0,0.0,0,0,0.0,25,2,2,1,Lost Cause
CUST_15408,1911.0,1911.0,0.0,0.0,0,1,1057.69,130,2,6,0,Sleeping Dog
CUST_69379,1237.0,0.0,0.0,0.0,1,0,0.0,114,2,3,0,Lost Cause
CUST_35053,6429.0,0.0,0.0,0.0,1,0,0.0,25,2,6,1,Lost Cause
CUST_19446,4740.0,0.0,0.0,0.0,0,0,0.0,38,1,4,0,Lost Cause
CUST_10922,2538.0,2284.2,253.8,0.1,1,1,1076.53,54,3,1,1,Persuadable
CUST_61356,4741.0,0.0,0.0,0.0,0,0,0.0,31,4,2,1,Persuadable
CUST_20789,4818.0,0.0,0.0,0.0,1,0,0.0,43,2,4,0,Lost Cause
CUST_76656,1215.0,1215.0,0.0,0.0,0,1,694.5,47,1,1,1,Sure Thing
CUST_54028,4801.0,4801.0,0.0,0.0,0,1,2651.93,59,1,2,1,Sure Thing
CUST_74484,4741.0,0.0,0.0,0.0,0,0,0.0,176,1,1,0,Lost Cause
CUST_42154,2568.0,0.0,0.0,0.0,1,0,0.0,111,2,5,0,Lost Cause
CUST_92870,6518.0,4888.5,1629.5,0.25,1,1,2254.68,524,3,3,1,Persuadable
CUST_12336,1937.0,1937.0,0.0,0.0,0,1,1082.08,74,1,3,1,Sure Thing
CUST_77779,3381.0,0.0,0.0,0.0,0,0,0.0,178,0,5,0,Lost Cause
CUST_29029,1785.0,0.0,0.0,0.0,0,0,0.0,256,2,5,1,Persuadable
CUST_69201,1745.0,0.0,0.0,0.0,0,0,0.0,146,1,5,0,Lost Cause
CUST_42265,4695.0,3990.75,704.25,0.15,1,1,1820.76,73,1,2,1,Sure Thing
CUST_53872,1934.0,0.0,0.0,0.0,1,0,0.0,178,1,4,1,Lost Cause
CUST_56197,2586.0,0.0,0.0,0.0,1,0,0.0,37,2,3,1,Lost Cause
CUST_65180,1794.0,0.0,0.0,0.0,0,0,0.0,57,2,2,1,Lost Cause
CUST_33710,1663.0,0.0,0.0,0.0,1,0,0.0,104,2,1,0,Lost Cause
CUST_39486,4696.0,0.0,0.0,0.0,1,0,0.0,112,0,6,1,Lost Cause
CUST_81907,9493.0,0.0,0.0,0.0,0,0,0.0,12,2,2,0,Lost Cause
CUST_81895,4906.0,0.0,0.0,0.0,0,0,0.0,358,0,3,1,Persuadable
CUST_74435,2357.0,0.0,0.0,0.0,0,0,0.0,153,2,2,1,Lost Cause
CUST_50631,1339.0,0.0,0.0,0.0,0,0,0.0,92,3,4,1,Persuadable
CUST_30103,6642.0,0.0,0.0,0.0,0,0,0.0,334,2,5,0,Lost Cause
CUST_74772,1133.0,1019.7,113.3,0.1,1,1,558.36,79,1,7,1,Sure Thing
CUST_24382,2373.0,1898.4,474.6,0.2,1,1,907.81,482,1,3,1,Persuadable
CUST_94291,1687.0,0.0,0.0,0.0,0,0,0.0,96,1,3,1,Lost Cause
CUST_13756,4863.0,0.0,0.0,0.0,1,0,0.0,24,2,4,0,Lost Cause
CUST_30609,1134.0,907.2,226.8,0.2,1,1,394.48,183,3,3,1,Persuadable
CUST_26478,1844.0,0.0,0.0,0.0,1,0,0.0,146,2,2,0,Lost Cause
CUST_49666,2490.0,0.0,0.0,0.0,0,0,0.0,187,0,2,0,Lost Cause
CUST_85683,1654.0,1405.9,248.1,0.15,1,1,654.39,372,4,3,0,Persuadable
CUST_81315,3435.0,0.0,0.0,0.0,1,0,0.0,189,1,4,0,Lost Cause
CUST_87834,6373.0,0.0,0.0,0.0,1,0,0.0,123,2,7,0,Sleeping Dog
CUST_24153,9460.0,0.0,0.0,0.0,1,0,0.0,243,1,3,0,Lost Cause
CUST_86325,3534.0,0.0,0.0,0.0,0,0,0.0,144,1,1,0,Lost Cause
CUST_22999,4810.0,4810.0,0.0,0.0,0,1,2778.77,72,1,3,1,Sure Thing
CUST_65318,1171.0,1171.0,0.0,0.0,0,1,685.79,270,3,4,1,Persuadable
CUST_10814,6372.0,0.0,0.0,0.0,0,0,0.0,40,3,3,1,Persuadable
CUST_86077,1334.0,0.0,0.0,0.0,1,0,0.0,160,2,3,1,Lost Cause
CUST_12443,6438.0,0.0,0.0,0.0,0,0,0.0,266,2,8,1,Persuadable
CUST_85993,1922.0,0.0,0.0,0.0,1,0,0.0,167,1,1,1,Lost Cause
CUST_85916,1914.0,0.0,0.0,0.0,0,0,0.0,153,1,2,0,Lost Cause
CUST_83319,1909.0,0.0,0.0,0.0,1,0,0.0,177,1,5,1,Lost Cause
CUST_27368,2385.0,2385.0,0.0,0.0,0,1,1400.42,85,0,4,1,Sure Thing
CUST_25328,4893.0,4403.7,489.3,0.1,1,1,2134.41,258,3,5,1,Persuadable
CUST_66942,1652.0,1486.8,165.2,0.1,1,1,720.52,37,1,2,1,Sure Thing
CUST_37306,6458.0,0.0,0.0,0.0,0,0,0.0,26,3,4,1,Persuadable
CUST_95451,2352.0,0.0,0.0,0.0,0,0,0.0,50,2,6,1,Lost Cause
CUST_49915,9600.0,0.0,0.0,0.0,0,0,0.0,101,0,4,1,Lost Cause
CUST_47219,4705.0,0.0,0.0,0.0,0,0,0.0,95,5,4,1,Persuadable
CUST_90879,4728.0,0.0,0.0,0.0,1,0,0.0,216,0,4,0,Lost Cause
CUST_74644,3545.0,3545.0,0.0,0.0,0,1,1926.45,72,0,5,1,Sure Thing
CUST_70279,1072.0,964.8,107.2,0.1,1,1,464.35,89,6,3,1,Persuadable
CUST_63028,1338.0,0.0,0.0,0.0,0,0,0.0,11,2,4,1,Lost Cause
CUST_10126,2591.0,0.0,0.0,0.0,0,0,0.0,73,2,5,1,Lost Cause
CUST_62329,1144.0,0.0,0.0,0.0,0,0,0.0,135,0,4,0,Lost Cause
CUST_37632,4833.0,4108.05,724.95,0.15,1,1,2169.95,11,3,1,1,Persuadable
CUST_75310,2490.0,2116.5,373.5,0.15,1,1,1086.76,49,0,3,1,Sure Thing
CUST_65176,3434.0,2747.2,686.8,0.2,1,1,1232.87,37,1,5,1,Sure Thing
CUST_96066,1692.0,0.0,0.0,0.0,1,0,0.0,15,0,2,0,Lost Cause
CUST_54327,1233.0,0.0,0.0,0.0,1,0,0.0,88,2,7,0,Sleeping Dog
CUST_78904,1855.0,1855.0,0.0,0.0,0,1,1099.28,34,0,4,1,Sure Thing
CUST_13797,1132.0,0.0,0.0,0.0,1,0,0.0,173,1,3,0,Lost Cause
CUST_57882,1797.0,0.0,0.0,0.0,0,0,0.0,236,2,6,1,Persuadable
CUST_23718,3421.0,0.0,0.0,0.0,1,0,0.0,104,1,4,0,Lost Cause
CUST_44560,2643.0,2378.7,264.3,0.1,1,1,1237.99,490,2,4,1,Persuadable
CUST_86589,1805.0,0.0,0.0,0.0,0,0,0.0,81,1,3,0,Lost Cause
CUST_32116,1265.0,0.0,0.0,0.0,0,0,0.0,96,3,1,1,Persuadable
CUST_46244,6529.0,5549.65,979.35,0.15,1,1,2575.12,553,2,6,1,Persuadable
CUST_11645,1818.0,0.0,0.0,0.0,1,0,0.0,41,1,5,0,Lost Cause
CUST_57523,1184.0,947.2,236.8,0.2,1,1,417.73,352,2,4,1,Persuadable
CUST_29256,1270.0,1270.0,0.0,0.0,0,1,718.15,15,1,6,0,Sleeping Dog
CUST_63173,3629.0,3629.0,0.0,0.0,0,1,2052.12,80,1,4,1,Sure Thing
CUST_47430,6590.0,6590.0,0.0,0.0,0,1,3917.97,18,1,2,1,Sure Thing
CUST_49282,1899.0,0.0,0.0,0.0,1,0,0.0,166,1,2,0,Lost Cause
CUST_73374,1910.0,0.0,0.0,0.0,0,0,0.0,122,3,5,0,Persuadable
CUST_78244,2608.0,0.0,0.0,0.0,0,0,0.0,157,1,4,1,Lost Cause
CUST_21694,6489.0,0.0,0.0,0.0,0,0,0.0,66,1,2,0,Lost Cause
CUST_66264,6533.0,0.0,0.0,0.0,1,0,0.0,65,1,2,0,Lost Cause
CUST_85060,1870.0,1870.0,0.0,0.0,0,1,984.68,15,1,2,1,Sure Thing
CUST_67545,1290.0,0.0,0.0,0.0,0,0,0.0,61,2,3,0,Lost Cause
CUST_49224,3606.0,0.0,0.0,0.0,0,0,0.0,327,0,4,1,Persuadable
CUST_23224,2376.0,2019.6,356.4,0.15,1,1,897.16,67,0,2,1,Sure Thing
CUST_50738,1711.0,0.0,0.0,0.0,0,0,0.0,223,2,3,0,Lost Cause
CUST_35150,1882.0,0.0,0.0,0.0,0,0,0.0,231,2,3,0,Lost Cause
CUST_73731,1335.0,0.0,0.0,0.0,0,0,0.0,66,3,5,1,Persuadable
CUST_59688,1824.0,0.0,0.0,0.0,0,0,0.0,129,2,3,0,Lost Cause
CUST_83509,3519.0,0.0,0.0,0.0,0,0,0.0,22,3,4,0,Persuadable
CUST_18577,1653.0,0.0,0.0,0.0,0,0,0.0,23,2,5,1,Lost Cause
CUST_18070,1699.0,0.0,0.0,0.0,1,0,0.0,15,2,5,1,Lost Cause
CUST_18666,3418.0,0.0,0.0,0.0,1,0,0.0,114,0,2,0,Lost Cause
CUST_67761,1897.0,0.0,0.0,0.0,0,0,0.0,76,4,5,1,Persuadable
CUST_46368,1262.0,0.0,0.0,0.0,1,0,0.0,105,0,3,1,Lost Cause
CUST_16783,2368.0,0.0,0.0,0.0,0,0,0.0,98,1,5,1,Lost Cause
CUST_51914,1875.0,1875.0,0.0,0.0,0,1,1079.2,61,1,9,1,Sure Thing
CUST_80507,3445.0,0.0,0.0,0.0,0,0,0.0,145,1,5,1,Lost Cause
CUST_89026,2464.0,0.0,0.0,0.0,0,0,0.0,180,1,2,0,Lost Cause
CUST_77526,2427.0,0.0,0.0,0.0,1,0,0.0,11,0,6,0,Sleeping Dog
CUST_80835,1231.0,0.0,0.0,0.0,1,0,0.0,37,1,5,0,Lost Cause
CUST_55765,2435.0,0.0,0.0,0.0,1,0,0.0,159,0,2,0,Lost Cause
CUST_29956,3494.0,3494.0,0.0,0.0,0,1,2016.16,68,1,6,0,Sleeping Dog
CUST_97895,4942.0,0.0,0.0,0.0,0,0,0.0,140,1,2,0,Lost Cause
CUST_56240,2393.0,2034.05,358.95,0.15,1,1,1056.59,61,1,4,1,Sure Thing
CUST_47148,3386.0,0.0,0.0,0.0,1,0,0.0,69,2,5,0,Lost Cause
CUST_14757,2477.0,2105.45,371.55,0.15,1,1,1081.67,30,4,6,1,Persuadable
CUST_29097,9532.0,0.0,0.0,0.0,0,0,0.0,45,2,3,0,Lost Cause
CUST_20395,1092.0,0.0,0.0,0.0,0,0,0.0,121,2,2,1,Lost Cause
CUST_26241,4697.0,4697.0,0.0,0.0,0,1,2723.97,78,1,1,1,Sure Thing
CUST_37696,1845.0,0.0,0.0,0.0,0,0,0.0,188,1,1,1,Persuadable
CUST_80480,3586.0,0.0,0.0,0.0,0,0,0.0,239,0,8,1,Persuadable
CUST_56163,3381.0,0.0,0.0,0.0,1,0,0.0,103,2,5,1,Lost Cause
CUST_29816,1103.0,992.7,110.3,0.1,1,1,485.99,180,1,3,1,Persuadable
CUST_59840,3535.0,0.0,0.0,0.0,0,0,0.0,53,1,5,0,Lost Cause
CUST_62853,2580.0,0.0,0.0,0.0,0,0,0.0,74,5,3,1,Persuadable
CUST_34917,2449.0,0.0,0.0,0.0,1,0,0.0,159,0,3,1,Lost Cause
CUST_31566,2570.0,0.0,0.0,0.0,1,0,0.0,68,2,2,0,Lost Cause
CUST_85452,1799.0,0.0,0.0,0.0,0,0,0.0,116,1,8,0,Sleeping Dog
CUST_72823,2492.0,0.0,0.0,0.0,1,0,0.0,34,1,4,0,Lost Cause
CUST_30806,1199.0,0.0,0.0,0.0,0,0,0.0,119,2,5,0,Lost Cause
CUST_85520,3452.0,0.0,0.0,0.0,0,0,0.0,247,5,4,0,Persuadable
CUST_11759,2361.0,2006.85,354.15,0.15,1,1,956.34,253,1,3,1,Persuadable
CUST_51949,1197.0,0.0,0.0,0.0,0,0,0.0,164,1,3,0,Lost Cause
CUST_12482,1801.0,0.0,0.0,0.0,1,0,0.0,174,0,5,1,Lost Cause
CUST_34442,1102.0,0.0,0.0,0.0,1,0,0.0,107,2,2,1,Lost Cause
CUST_43719,1142.0,0.0,0.0,0.0,1,0,0.0,115,2,8,1,Lost Cause
CUST_68066,1245.0,1245.0,0.0,0.0,0,1,692.33,27,1,2,1,Sure Thing
CUST_12079,4857.0,0.0,0.0,0.0,0,0,0.0,80,3,5,0,Persuadable
CUST_12717,1348.0,1145.8,202.2,0.15,1,1,593.43,81,1,3,1,Sure Thing
CUST_69676,1711.0,0.0,0.0,0.0,0,0,0.0,391,2,3,0,Lost Cause
CUST_37952,1098.0,0.0,0.0,0.0,1,0,0.0,77,2,8,1,Lost Cause
CUST_96444,1727.0,0.0,0.0,0.0,0,0,0.0,105,1,5,0,Lost Cause
CUST_52460,6633.0,0.0,0.0,0.0,0,0,0.0,101,0,5,1,Lost Cause
CUST_82847,1256.0,0.0,0.0,0.0,0,0,0.0,131,1,5,0,Lost Cause
CUST_99106,3512.0,2985.2,526.8,0.15,1,1,1529.76,175,3,4,1,Persuadable
CUST_28449,4688.0,0.0,0.0,0.0,1,0,0.0,40,2,7,0,Sleeping Dog
CUST_43536,3435.0,2748.0,687.0,0.2,1,1,1103.43,100,3,2,1,Persuadable
CUST_74077,6595.0,0.0,0.0,0.0,1,0,0.0,219,0,4,1,Persuadable
CUST_48258,4857.0,4857.0,0.0,0.0,0,1,2580.37,84,1,6,1,Sure Thing
CUST_58302,6432.0,5467.2,964.8,0.15,1,1,2716.85,49,3,6,1,Persuadable
CUST_38865,2523.0,0.0,0.0,0.0,1,0,0.0,137,1,5,1,Lost Cause
CUST_16645,2575.0,0.0,0.0,0.0,1,0,0.0,218,2,3,0,Lost Cause
CUST_48000,3433.0,3433.0,0.0,0.0,0,1,1822.1,17,0,4,1,Sure Thing
CUST_36737,1077.0,0.0,0.0,0.0,0,0,0.0,189,0,3,0,Lost Cause
CUST_21485,1331.0,1197.9,133.1,0.1,1,1,616.47,216,2,2,1,Persuadable
CUST_48565,1184.0,0.0,0.0,0.0,1,0,0.0,84,1,1,0,Lost Cause
CUST_35522,4706.0,4706.0,0.0,0.0,0,1,2682.01,501,2,3,1,Persuadable
CUST_75155,9350.0,0.0,0.0,0.0,1,0,0.0,195,1,3,1,Persuadable
CUST_65168,2378.0,0.0,0.0,0.0,0,0,0.0,188,0,4,0,Lost Cause
CUST_62487,2539.0,0.0,0.0,0.0,0,0,0.0,175,0,2,1,Lost Cause
CUST_22342,3544.0,0.0,0.0,0.0,1,0,0.0,29,1,4,0,Lost Cause
CUST_50806,1728.0,0.0,0.0,0.0,1,0,0.0,39,1,6,0,Sleeping Dog
CUST_58770,1799.0,1439.2,359.8,0.2,1,1,647.56,84,3,8,1,Persuadable
CUST_88623,2472.0,2472.0,0.0,0.0,0,1,1409.76,46,1,5,0,Lost Cause
CUST_85629,3395.0,3395.0,0.0,0.0,0,1,1859.9,74,1,7,1,Sure Thing
CUST_62603,1279.0,0.0,0.0,0.0,1,0,0.0,273,2,2,1,Persuadable
CUST_91974,1067.0,906.95,160.05,0.15,1,1,418.71,218,7,8,1,Persuadable
CUST_36399,1806.0,0.0,0.0,0.0,0,0,0.0,129,1,3,0,Lost Cause
CUST_95382,1792.0,1612.8,179.2,0.1,1,1,803.4,244,5,4,1,Persuadable
CUST_91244,1171.0,0.0,0.0,0.0,1,0,0.0,193,1,3,0,Lost Cause
CUST_86534,1933.0,1933.0,0.0,0.0,0,1,1069.22,77,0,6,1,Sure Thing
CUST_65106,1692.0,0.0,0.0,0.0,0,0,0.0,36,3,4,1,Persuadable
CUST_40678,1836.0,0.0,0.0,0.0,1,0,0.0,96,0,4,0,Lost Cause
CUST_86218,1682.0,0.0,0.0,0.0,1,0,0.0,169,1,5,1,Lost Cause
CUST_73230,6439.0,0.0,0.0,0.0,0,0,0.0,78,1,3,0,Lost Cause
CUST_84055,1861.0,0.0,0.0,0.0,1,0,0.0,141,1,5,0,Lost Cause
CUST_66373,2369.0,0.0,0.0,0.0,0,0,0.0,21,1,6,0,Sleeping Dog
CUST_41480,2641.0,0.0,0.0,0.0,0,0,0.0,175,0,4,0,Lost Cause
CUST_95230,1286.0,0.0,0.0,0.0,1,0,0.0,211,0,6,0,Sleeping Dog
CUST_78836,3475.0,0.0,0.0,0.0,0,0,0.0,157,1,4,0,Lost Cause
CUST_82258,2558.0,0.0,0.0,0.0,1,0,0.0,420,3,2,1,Persuadable
CUST_49986,2598.0,0.0,0.0,0.0,0,0,0.0,220,1,9,0,Sleeping Dog
CUST_34160,3467.0,0.0,0.0,0.0,0,0,0.0,290,3,3,0,Persuadable
CUST_95595,2562.0,0.0,0.0,0.0,0,0,0.0,335,0,4,0,Lost Cause
CUST_89111,1933.0,0.0,0.0,0.0,0,0,0.0,203,2,5,1,Persuadable
CUST_74929,9536.0,0.0,0.0,0.0,1,0,0.0,144,0,8,0,Sleeping Dog
CUST_83506,9503.0,7602.4,1900.6,0.2,1,1,3199.97,10,0,4,1,Sure Thing
CUST_44911,1949.0,0.0,0.0,0.0,1,0,0.0,85,1,3,0,Lost Cause
CUST_97127,1948.0,0.0,0.0,0.0,0,0,0.0,111,2,4,0,Lost Cause
CUST_41821,3524.0,0.0,0.0,0.0,0,0,0.0,53,0,4,0,Lost Cause
CUST_85039,6503.0,0.0,0.0,0.0,1,0,0.0,55,1,4,0,Lost Cause
CUST_70535,1839.0,1563.15,275.85,0.15,1,1,723.96,399,3,7,1,Persuadable
CUST_94458,4657.0,3958.45,698.55,0.15,1,1,1893.4,276,2,2,1,Persuadable
CUST_22175,1730.0,0.0,0.0,0.0,0,0,0.0,236,2,5,0,Lost Cause
CUST_64771,2409.0,0.0,0.0,0.0,1,0,0.0,72,0,5,0,Lost Cause
CUST_96925,2477.0,2477.0,0.0,0.0,0,1,1336.95,11,0,6,0,Sleeping Dog
CUST_76358,6436.0,5470.6,965.4,0.15,1,1,2805.36,20,1,1,1,Sure Thing
CUST_27327,2371.0,2133.9,237.1,0.1,1,1,1056.85,54,1,5,1,Sure Thing
CUST_57057,1735.0,1561.5,173.5,0.1,1,1,738.04,11,3,4,1,Persuadable
CUST_16150,1057.0,792.75,264.25,0.25,1,1,318.29,12,4,3,1,Persuadable
CUST_14425,4879.0,0.0,0.0,0.0,1,0,0.0,308,1,2,1,Persuadable
CUST_26032,2627.0,1970.25,656.75,0.25,1,1,777.12,156,5,5,1,Persuadable
CUST_12198,4936.0,3702.0,1234.0,0.25,1,1,1414.94,54,0,5,1,Sure Thing
CUST_70500,1304.0,0.0,0.0,0.0,1,0,0.0,27,2,4,1,Lost Cause
CUST_63394,2516.0,0.0,0.0,0.0,0,0,0.0,96,0,7,0,Sleeping Dog
CUST_30079,2418.0,0.0,0.0,0.0,0,0,0.0,10,5,5,1,Persuadable
CUST_46220,1113.0,0.0,0.0,0.0,0,0,0.0,344,5,1,1,Persuadable
CUST_51874,3435.0,2576.25,858.75,0.25,1,1,980.82,74,0,2,1,Sure Thing
CUST_23859,1198.0,0.0,0.0,0.0,0,0,0.0,71,0,2,0,Lost Cause
CUST_60460,3408.0,3067.2,340.8,0.1,1,1,1700.63,69,0,6,1,Sure Thing
CUST_41419,1654.0,0.0,0.0,0.0,1,0,0.0,18,0,4,0,Lost Cause
CUST_18705,4686.0,0.0,0.0,0.0,1,0,0.0,132,0,2,0,Lost Cause
CUST_52880,2362.0,0.0,0.0,0.0,1,0,0.0,168,1,7,1,Lost Cause
CUST_33236,6414.0,0.0,0.0,0.0,1,0,0.0,145,1,7,1,Lost Cause
CUST_97955,6529.0,5549.65,979.35,0.15,1,1,2444.15,27,4,5,1,Persuadable
CUST_95514,1920.0,0.0,0.0,0.0,1,0,0.0,113,0,3,1,Lost Cause
CUST_25358,2350.0,0.0,0.0,0.0,1,0,0.0,111,1,2,1,Lost Cause
CUST_86918,1697.0,0.0,0.0,0.0,0,0,0.0,253,2,5,1,Persuadable
CUST_24596,1832.0,1832.0,0.0,0.0,0,1,962.73,67,0,2,1,Sure Thing
CUST_43572,2563.0,0.0,0.0,0.0,0,0,0.0,65,1,5,0,Lost Cause
CUST_88757,2575.0,0.0,0.0,0.0,1,0,0.0,125,1,2,1,Lost Cause
CUST_11279,9409.0,0.0,0.0,0.0,1,0,0.0,130,0,4,0,Lost Cause
CUST_73197,3401.0,3401.0,0.0,0.0,0,1,1871.6,86,0,2,1,Sure Thing
CUST_72516,3592.0,0.0,0.0,0.0,1,0,0.0,80,0,2,0,Lost Cause
CUST_17083,3593.0,0.0,0.0,0.0,0,0,0.0,91,1,5,0,Lost Cause
CUST_27771,2533.0,0.0,0.0,0.0,1,0,0.0,246,2,2,0,Lost Cause
CUST_39975,2500.0,0.0,0.0,0.0,1,0,0.0,84,3,8,1,Persuadable
CUST_55648,2406.0,0.0,0.0,0.0,1,0,0.0,347,2,7,0,Sleeping Dog
CUST_58285,2558.0,0.0,0.0,0.0,0,0,0.0,94,2,2,0,Lost Cause
CUST_29063,4896.0,3916.8,979.2,0.2,1,1,1811.89,367,3,3,1,Persuadable
CUST_77642,4677.0,3741.6,935.4,0.2,1,1,1680.02,224,5,3,0,Persuadable
CUST_96143,1345.0,0.0,0.0,0.0,0,0,0.0,64,0,3,0,Lost Cause
CUST_47599,2425.0,0.0,0.0,0.0,0,0,0.0,249,2,2,0,Lost Cause
CUST_61920,9579.0,0.0,0.0,0.0,0,0,0.0,23,2,3,1,Lost Cause
CUST_38529,6538.0,5884.2,653.8,0.1,1,1,3057.99,320,1,4,1,Persuadable
CUST_45954,6414.0,0.0,0.0,0.0,0,0,0.0,129,0,2,1,Lost Cause
CUST_37856,2589.0,0.0,0.0,0.0,1,0,0.0,16,1,3,0,Lost Cause
CUST_12573,1747.0,0.0,0.0,0.0,1,0,0.0,134,1,3,0,Lost Cause
CUST_88344,2568.0,0.0,0.0,0.0,0,0,0.0,449,3,1,0,Persuadable
CUST_45367,3468.0,3121.2,346.8,0.1,1,1,1556.67,18,1,2,1,Sure Thing
CUST_70774,4874.0,0.0,0.0,0.0,0,0,0.0,107,4,6,1,Persuadable
CUST_33752,3505.0,0.0,0.0,0.0,0,0,0.0,175,0,4,1,Lost Cause
CUST_65029,1113.0,890.4,222.6,0.2,1,1,416.56,209,1,3,1,Persuadable
CUST_27685,3597.0,0.0,0.0,0.0,0,0,0.0,74,1,6,0,Sleeping Dog
CUST_61693,3468.0,0.0,0.0,0.0,0,0,0.0,37,1,5,0,Lost Cause
CUST_65961,9419.0,0.0,0.0,0.0,0,0,0.0,15,3,1,1,Persuadable
CUST_86908,1916.0,0.0,0.0,0.0,0,0,0.0,114,2,4,1,Lost Cause
CUST_84532,6539.0,5885.1,653.9,0.1,1,1,2883.82,82,0,3,1,Sure Thing
CUST_91994,4876.0,0.0,0.0,0.0,0,0,0.0,366,1,6,1,Persuadable
CUST_66133,3481.0,2958.85,522.15,0.15,1,1,1433.35,17,5,6,1,Persuadable
CUST_71268,1859.0,0.0,0.0,0.0,0,0,0.0,148,0,2,1,Lost Cause
CUST_48243,3549.0,0.0,0.0,0.0,1,0,0.0,13,2,5,1,Lost Cause
CUST_67384,3529.0,0.0,0.0,0.0,0,0,0.0,32,3,6,0,Persuadable
CUST_41653,2469.0,2469.0,0.0,0.0,0,1,1286.25,82,1,7,1,Sure Thing
CUST_36657,6611.0,6611.0,0.0,0.0,0,1,3874.65,82,0,3,1,Sure Thing
CUST_49952,2580.0,0.0,0.0,0.0,0,0,0.0,148,1,4,1,Lost Cause
CUST_32180,2556.0,0.0,0.0,0.0,0,0,0.0,299,1,3,0,Lost Cause
CUST_88411,6377.0,5101.6,1275.4,0.2,1,1,2283.34,132,1,9,0,Sleeping Dog
CUST_11622,4750.0,0.0,0.0,0.0,1,0,0.0,378,1,4,0,Lost Cause
CUST_58756,1276.0,0.0,0.0,0.0,1,0,0.0,266,2,6,1,Persuadable
CUST_50809,1295.0,0.0,0.0,0.0,0,0,0.0,115,0,5,0,Lost Cause
CUST_26725,6561.0,0.0,0.0,0.0,1,0,0.0,225,1,9,1,Persuadable
CUST_71396,2615.0,0.0,0.0,0.0,1,0,0.0,133,1,4,1,Lost Cause
CUST_61226,2370.0,1896.0,474.0,0.2,1,1,884.85,19,1,6,1,Sure Thing
CUST_91182,1746.0,0.0,0.0,0.0,1,0,0.0,171,2,4,1,Lost Cause
CUST_92565,2442.0,0.0,0.0,0.0,1,0,0.0,21,2,6,1,Lost Cause
CUST_39402,1785.0,1606.5,178.5,0.1,1,1,792.02,118,4,4,1,Persuadable
CUST_14263,1703.0,0.0,0.0,0.0,1,0,0.0,155,1,3,1,Lost Cause
CUST_56828,3461.0,3461.0,0.0,0.0,0,1,1813.52,18,3,4,0,Persuadable
CUST_57924,1927.0,0.0,0.0,0.0,1,0,0.0,41,2,6,1,Lost Cause
CUST_84182,4727.0,0.0,0.0,0.0,0,0,0.0,306,1,3,1,Persuadable
CUST_69052,3411.0,0.0,0.0,0.0,0,0,0.0,124,1,4,0,Lost Cause
CUST_21664,4824.0,4100.4,723.6,0.15,1,1,2106.82,43,0,2,1,Sure Thing
CUST_45737,6585.0,0.0,0.0,0.0,1,0,0.0,150,0,6,0,Sleeping Dog
CUST_99563,3573.0,0.0,0.0,0.0,0,0,0.0,118,0,2,0,Lost Cause
CUST_39373,6456.0,5487.6,968.4,0.15,1,1,2474.02,93,4,4,0,Persuadable
CUST_46397,1237.0,1237.0,0.0,0.0,0,1,732.21,458,0,3,1,Persuadable
CUST_96145,2358.0,0.0,0.0,0.0,1,0,0.0,148,1,6,0,Sleeping Dog
CUST_48709,2431.0,2431.0,0.0,0.0,0,1,1350.91,66,0,7,0,Sleeping Dog
CUST_71120,1765.0,0.0,0.0,0.0,0,0,0.0,203,1,2,1,Persuadable
CUST_29250,2632.0,0.0,0.0,0.0,0,0,0.0,269,0,7,1,Persuadable
CUST_31172,1815.0,0.0,0.0,0.0,0,0,0.0,26,0,4,0,Lost Cause
CUST_21555,2492.0,2492.0,0.0,0.0,0,1,1409.78,36,1,5,1,Sure Thing
CUST_97410,3582.0,3582.0,0.0,0.0,0,1,2081.69,39,1,3,1,Sure Thing
CUST_88617,1222.0,0.0,0.0,0.0,0,0,0.0,151,4,5,0,Persuadable
CUST_63276,1340.0,0.0,0.0,0.0,1,0,0.0,120,1,4,1,Lost Cause
CUST_67492,1161.0,0.0,0.0,0.0,1,0,0.0,125,0,3,1,Lost Cause
CUST_63002,1779.0,1423.2,355.8,0.2,1,1,662.91,349,0,4,1,Persuadable
CUST_99599,1078.0,1078.0,0.0,0.0,0,1,637.74,189,4,3,1,Persuadable
CUST_82355,1884.0,0.0,0.0,0.0,1,0,0.0,26,2,5,1,Lost Cause
CUST_34762,1274.0,0.0,0.0,0.0,1,0,0.0,61,4,1,0,Persuadable
CUST_21046,1281.0,1281.0,0.0,0.0,0,1,696.63,78,1,2,1,Sure Thing
CUST_38769,1162.0,987.7,174.3,0.15,1,1,458.37,70,0,3,1,Sure Thing
CUST_63302,1788.0,0.0,0.0,0.0,0,0,0.0,142,1,2,1,Lost Cause
CUST_33150,4923.0,4923.0,0.0,0.0,0,1,2929.94,276,1,4,1,Persuadable
CUST_78247,1833.0,1833.0,0.0,0.0,0,1,1057.27,53,0,3,1,Sure Thing
CUST_14853,1243.0,0.0,0.0,0.0,0,0,0.0,106,3,3,0,Persuadable
CUST_99399,2649.0,0.0,0.0,0.0,0,0,0.0,196,2,3,1,Persuadable
CUST_31792,3619.0,0.0,0.0,0.0,0,0,0.0,74,3,1,1,Persuadable
CUST_69129,3589.0,3050.65,538.35,0.15,1,1,1590.1,32,1,5,1,Sure Thing
CUST_84478,9641.0,7712.8,1928.2,0.2,1,1,3220.15,87,1,6,1,Sure Thing
CUST_77298,4730.0,0.0,0.0,0.0,1,0,0.0,16,0,6,0,Sleeping Dog
CUST_41987,1666.0,0.0,0.0,0.0,0,0,0.0,352,2,8,1,Persuadable
CUST_25850,2475.0,0.0,0.0,0.0,0,0,0.0,19,2,3,0,Lost Cause
CUST_22112,4779.0,0.0,0.0,0.0,1,0,0.0,79,2,5,0,Lost Cause
CUST_34058,2372.0,0.0,0.0,0.0,0,0,0.0,100,3,4,1,Persuadable
CUST_55420,1061.0,901.85,159.15,0.15,1,1,400.62,516,3,2,0,Persuadable
CUST_48890,3617.0,0.0,0.0,0.0,1,0,0.0,31,0,5,0,Lost Cause
CUST_76017,2623.0,0.0,0.0,0.0,1,0,0.0,24,2,2,0,Lost Cause
CUST_57304,1192.0,1192.0,0.0,0.0,0,1,683.34,11,1,2,1,Sure Thing
CUST_42921,9525.0,0.0,0.0,0.0,0,0,0.0,30,3,5,0,Persuadable
CUST_11524,6613.0,0.0,0.0,0.0,1,0,0.0,37,2,3,1,Lost Cause
CUST_25048,2361.0,0.0,0.0,0.0,0,0,0.0,129,1,3,1,Lost Cause
CUST_45111,3404.0,2723.2,680.8,0.2,1,1,1333.15,39,0,2,1,Sure Thing
CUST_47904,9471.0,0.0,0.0,0.0,0,0,0.0,12,2,6,0,Sleeping Dog
CUST_64912,4811.0,4329.9,481.1,0.1,1,1,2194.09,220,0,3,1,Persuadable
CUST_44008,1696.0,0.0,0.0,0.0,0,0,0.0,64,2,5,0,Lost Cause
CUST_10060,9509.0,0.0,0.0,0.0,0,0,0.0,62,1,3,0,Lost Cause
CUST_84666,6557.0,6557.0,0.0,0.0,0,1,3825.87,53,1,6,0,Sleeping Dog
CUST_93559,6389.0,0.0,0.0,0.0,0,0,0.0,454,0,3,0,Lost Cause
CUST_65337,1203.0,962.4,240.6,0.2,1,1,473.22,32,1,4,1,Sure Thing
CUST_23350,1342.0,0.0,0.0,0.0,0,0,0.0,284,0,5,1,Persuadable
CUST_34354,2515.0,0.0,0.0,0.0,1,0,0.0,189,1,5,0,Lost Cause
CUST_55186,1321.0,1188.9,132.1,0.1,1,1,602.33,19,3,5,1,Persuadable
CUST_38145,6464.0,0.0,0.0,0.0,0,0,0.0,528,0,3,0,Lost Cause
CUST_44020,1275.0,1020.0,255.0,0.2,1,1,437.72,47,3,5,1,Persuadable
CUST_96123,1180.0,1003.0,177.0,0.15,1,1,446.52,22,1,2,1,Sure Thing
CUST_85186,4830.0,0.0,0.0,0.0,0,0,0.0,222,1,5,1,Persuadable
CUST_95469,3510.0,3510.0,0.0,0.0,0,1,1866.13,157,0,6,0,Sleeping Dog
CUST_30581,3453.0,0.0,0.0,0.0,0,0,0.0,125,4,1,1,Persuadable
CUST_98929,3442.0,0.0,0.0,0.0,0,0,0.0,30,1,4,0,Lost Cause
CUST_33051,1792.0,0.0,0.0,0.0,0,0,0.0,88,1,2,0,Lost Cause
CUST_61474,3449.0,0.0,0.0,0.0,0,0,0.0,191,1,3,1,Persuadable
CUST_79626,4711.0,0.0,0.0,0.0,0,0,0.0,53,2,5,1,Lost Cause
CUST_16960,2625.0,2231.25,393.75,0.15,1,1,1142.67,54,3,1,0,Persuadable
CUST_45772,1178.0,0.0,0.0,0.0,0,0,0.0,10,1,3,0,Lost Cause
CUST_31520,1096.0,876.8,219.2,0.2,1,1,430.64,32,5,2,0,Persuadable
CUST_59481,6497.0,0.0,0.0,0.0,0,0,0.0,259,1,4,0,Lost Cause
CUST_46408,3444.0,0.0,0.0,0.0,0,0,0.0,79,1,5,0,Lost Cause
CUST_67134,6384.0,5426.4,957.6,0.15,1,1,2556.3,507,1,1,1,Persuadable
CUST_30491,1907.0,0.0,0.0,0.0,0,0,0.0,70,5,4,0,Persuadable
CUST_11341,6396.0,0.0,0.0,0.0,0,0,0.0,160,2,3,0,Lost Cause
CUST_54623,1239.0,0.0,0.0,0.0,0,0,0.0,49,2,3,1,Lost Cause
CUST_10338,1255.0,941.25,313.75,0.25,1,1,358.48,64,1,4,1,Sure Thing
CUST_81431,1174.0,0.0,0.0,0.0,0,0,0.0,35,2,4,1,Lost Cause
CUST_22254,2615.0,2353.5,261.5,0.1,1,1,1175.39,61,4,3,1,Persuadable
CUST_61860,2622.0,0.0,0.0,0.0,0,0,0.0,105,1,1,0,Lost Cause
CUST_21344,4949.0,4454.1,494.9,0.1,1,1,2436.6,586,3,2,1,Persuadable
CUST_11750,2628.0,0.0,0.0,0.0,1,0,0.0,140,1,8,1,Lost Cause
CUST_64756,1263.0,947.25,315.75,0.25,1,1,366.33,36,3,3,1,Persuadable
CUST_77957,1103.0,937.55,165.45,0.15,1,1,439.52,15,0,4,1,Sure Thing
CUST_68053,2461.0,2461.0,0.0,0.0,0,1,1368.73,26,1,2,1,Sure Thing
CUST_80855,1756.0,0.0,0.0,0.0,1,0,0.0,109,0,2,1,Lost Cause
CUST_25896,3517.0,0.0,0.0,0.0,0,0,0.0,183,0,4,0,Lost Cause
CUST_65761,1741.0,0.0,0.0,0.0,0,0,0.0,348,2,6,1,Persuadable
CUST_72552,3424.0,3424.0,0.0,0.0,0,1,2048.13,11,0,2,1,Sure Thing
CUST_87454,4877.0,0.0,0.0,0.0,1,0,0.0,98,2,1,1,Lost Cause
CUST_37935,3364.0,0.0,0.0,0.0,0,0,0.0,86,5,4,0,Persuadable
CUST_47641,1230.0,0.0,0.0,0.0,1,0,0.0,138,2,9,1,Lost Cause
CUST_39711,3612.0,0.0,0.0,0.0,1,0,0.0,108,1,5,0,Lost Cause
CUST_80342,2578.0,0.0,0.0,0.0,0,0,0.0,149,1,6,1,Lost Cause
CUST_22182,1204.0,0.0,0.0,0.0,1,0,0.0,138,1,6,1,Lost Cause
CUST_97833,6604.0,6604.0,0.0,0.0,0,1,3876.69,24,1,4,1,Sure Thing
CUST_66276,1935.0,1451.25,483.75,0.25,1,1,576.12,202,1,3,1,Persuadable
CUST_29541,3386.0,0.0,0.0,0.0,1,0,0.0,25,2,5,0,Lost Cause
CUST_92310,1261.0,0.0,0.0,0.0,1,0,0.0,153,1,3,1,Lost Cause
CUST_54813,1749.0,1749.0,0.0,0.0,0,1,1045.24,74,5,5,1,Persuadable
CUST_47198,2562.0,0.0,0.0,0.0,1,0,0.0,96,0,7,1,Lost Cause
CUST_18820,6435.0,5469.75,965.25,0.15,1,1,2686.75,290,3,5,1,Persuadable
CUST_34070,2541.0,0.0,0.0,0.0,0,0,0.0,274,2,5,0,Lost Cause
CUST_79768,6442.0,0.0,0.0,0.0,0,0,0.0,214,0,8,1,Persuadable
CUST_21122,4698.0,0.0,0.0,0.0,0,0,0.0,95,2,3,1,Lost Cause
CUST_90559,1683.0,1514.7,168.3,0.1,1,1,719.18,169,5,2,1,Persuadable
CUST_83543,2358.0,0.0,0.0,0.0,1,0,0.0,96,1,4,0,Lost Cause
CUST_93441,6482.0,6482.0,0.0,0.0,0,1,3617.54,254,2,7,0,Sleeping Dog
CUST_51786,1947.0,0.0,0.0,0.0,0,0,0.0,71,3,6,1,Persuadable
CUST_16737,1305.0,0.0,0.0,0.0,0,0,0.0,431,1,2,1,Persuadable
CUST_46062,1306.0,0.0,0.0,0.0,0,0,0.0,333,0,3,0,Lost Cause
CUST_64237,4916.0,0.0,0.0,0.0,1,0,0.0,172,1,6,1,Lost Cause
CUST_61571,1816.0,1452.8,363.2,0.2,1,1,711.23,49,0,9,0,Sleeping Dog
CUST_35510,1933.0,0.0,0.0,0.0,0,0,0.0,26,1,6,0,Sleeping Dog
CUST_29426,1124.0,0.0,0.0,0.0,1,0,0.0,241,1,5,0,Lost Cause
CUST_47265,2641.0,0.0,0.0,0.0,0,0,0.0,31,3,5,1,Persuadable
CUST_27850,6539.0,5885.1,653.9,0.1,1,1,3155.45,241,2,4,0,Lost Cause
CUST_76150,3455.0,0.0,0.0,0.0,0,0,0.0,90,3,2,1,Persuadable
CUST_97312,2563.0,0.0,0.0,0.0,1,0,0.0,72,2,5,1,Lost Cause
CUST_99613,2377.0,0.0,0.0,0.0,1,0,0.0,290,1,2,1,Persuadable
CUST_84910,6590.0,0.0,0.0,0.0,0,0,0.0,121,1,3,0,Lost Cause
CUST_62375,2441.0,0.0,0.0,0.0,0,0,0.0,113,1,5,1,Lost Cause
CUST_45435,1687.0,0.0,0.0,0.0,1,0,0.0,108,0,2,0,Lost Cause
CUST_67132,2541.0,2159.85,381.15,0.15,1,1,1096.03,65,0,6,1,Sure Thing
CUST_88945,6520.0,0.0,0.0,0.0,0,0,0.0,194,1,4,1,Persuadable
CUST_92050,3415.0,0.0,0.0,0.0,0,0,0.0,44,3,5,0,Persuadable
CUST_12983,2395.0,2035.75,359.25,0.15,1,1,907.17,345,2,3,1,Persuadable
CUST_30662,1787.0,0.0,0.0,0.0,0,0,0.0,279,0,4,0,Lost Cause
CUST_33510,2439.0,2073.15,365.85,0.15,1,1,924.35,59,1,3,1,Sure Thing
CUST_88187,2462.0,0.0,0.0,0.0,0,0,0.0,166,2,4,1,Lost Cause
CUST_50998,2467.0,0.0,0.0,0.0,0,0,0.0,112,0,5,1,Lost Cause
CUST_66846,3516.0,0.0,0.0,0.0,1,0,0.0,59,1,2,0,Lost Cause
CUST_16640,2608.0,0.0,0.0,0.0,0,0,0.0,546,0,3,1,Persuadable
CUST_54547,1769.0,0.0,0.0,0.0,1,0,0.0,13,0,5,0,Lost Cause
CUST_64620,4745.0,4270.5,474.5,0.1,1,1,2133.75,44,0,4,1,Sure Thing
CUST_25317,2376.0,0.0,0.0,0.0,0,0,0.0,98,0,2,0,Lost Cause
CUST_17564,9560.0,0.0,0.0,0.0,1,0,0.0,98,2,3,1,Lost Cause
CUST_37345,1254.0,0.0,0.0,0.0,0,0,0.0,116,2,3,1,Lost Cause
CUST_89273,3415.0,0.0,0.0,0.0,1,0,0.0,177,0,1,1,Lost Cause
CUST_84859,2569.0,0.0,0.0,0.0,0,0,0.0,127,2,4,1,Lost Cause
CUST_90765,1252.0,0.0,0.0,0.0,1,0,0.0,120,2,6,0,Sleeping Dog
CUST_84038,1878.0,0.0,0.0,0.0,1,0,0.0,16,0,4,0,Lost Cause
CUST_62393,4867.0,4867.0,0.0,0.0,0,1,2743.56,66,2,9,0,Sleeping Dog
CUST_76081,1919.0,1439.25,479.75,0.25,1,1,520.66,41,0,4,1,Sure Thing
CUST_39430,2601.0,2601.0,0.0,0.0,0,1,1357.32,47,1,1,1,Sure Thing
CUST_85532,6377.0,0.0,0.0,0.0,0,0,0.0,106,2,5,1,Lost Cause
CUST_37788,1765.0,0.0,0.0,0.0,1,0,0.0,36,0,5,1,Sure Thing
CUST_58543,2358.0,2358.0,0.0,0.0,0,1,1250.45,51,1,5,1,Sure Thing
CUST_23919,2456.0,2210.4,245.6,0.1,1,1,1219.3,42,0,4,1,Sure Thing
CUST_79346,1907.0,1620.95,286.05,0.15,1,1,723.37,365,2,2,1,Persuadable
CUST_49974,2519.0,2267.1,251.9,0.1,1,1,1203.35,357,1,4,1,Persuadable
CUST_26371,1188.0,0.0,0.0,0.0,0,0,0.0,122,2,4,1,Lost Cause
CUST_55084,1741.0,0.0,0.0,0.0,0,0,0.0,320,0,6,1,Persuadable
CUST_39629,6369.0,0.0,0.0,0.0,0,0,0.0,194,1,3,1,Persuadable
CUST_61184,2506.0,0.0,0.0,0.0,0,0,0.0,116,3,7,1,Persuadable
CUST_71916,2350.0,0.0,0.0,0.0,0,0,0.0,10,1,7,0,Sleeping Dog
CUST_83972,1909.0,0.0,0.0,0.0,0,0,0.0,187,2,6,1,Persuadable
CUST_72187,1783.0,0.0,0.0,0.0,1,0,0.0,155,2,3,1,Lost Cause
CUST_22984,6411.0,0.0,0.0,0.0,1,0,0.0,124,1,4,0,Lost Cause
CUST_43039,1103.0,0.0,0.0,0.0,1,0,0.0,181,1,5,0,Lost Cause
CUST_95431,3352.0,0.0,0.0,0.0,0,0,0.0,96,0,4,1,Lost Cause
CUST_93691,1198.0,0.0,0.0,0.0,0,0,0.0,156,0,2,1,Lost Cause
CUST_68606,4753.0,0.0,0.0,0.0,0,0,0.0,338,0,5,0,Lost Cause
CUST_20616,3522.0,2993.7,528.3,0.15,1,1,1330.52,66,3,4,0,Persuadable
CUST_60072,1252.0,0.0,0.0,0.0,1,0,0.0,157,2,4,1,Lost Cause
CUST_34574,3560.0,0.0,0.0,0.0,0,0,0.0,87,3,2,0,Persuadable
CUST_13430,1313.0,0.0,0.0,0.0,1,0,0.0,144,1,4,1,Lost Cause
CUST_22676,1875.0,0.0,0.0,0.0,0,0,0.0,182,1,2,1,Persuadable
CUST_20816,2570.0,2184.5,385.5,0.15,1,1,1040.62,15,5,3,1,Persuadable
CUST_42733,3472.0,0.0,0.0,0.0,0,0,0.0,134,2,3,1,Lost Cause
CUST_95680,1871.0,0.0,0.0,0.0,0,0,0.0,40,1,2,0,Lost Cause
CUST_12050,1660.0,0.0,0.0,0.0,0,0,0.0,143,0,3,0,Lost Cause
CUST_43933,1874.0,0.0,0.0,0.0,1,0,0.0,85,2,2,0,Lost Cause
CUST_34951,2495.0,0.0,0.0,0.0,0,0,0.0,188,2,2,0,Lost Cause
CUST_42413,2636.0,0.0,0.0,0.0,1,0,0.0,25,5,5,0,Persuadable
CUST_44801,6358.0,0.0,0.0,0.0,0,0,0.0,128,0,1,1,Lost Cause
CUST_65619,2433.0,2433.0,0.0,0.0,0,1,1388.87,49,0,6,0,Sleeping Dog
CUST_42913,2407.0,2045.95,361.05,0.15,1,1,969.61,240,1,3,1,Persuadable
CUST_50600,6455.0,0.0,0.0,0.0,0,0,0.0,326,0,4,0,Lost Cause
CUST_67775,9426.0,9426.0,0.0,0.0,0,1,5506.3,600,1,4,1,Persuadable
CUST_45400,3559.0,0.0,0.0,0.0,0,0,0.0,200,2,2,1,Persuadable
CUST_14494,1829.0,0.0,0.0,0.0,1,0,0.0,178,1,5,0,Lost Cause
CUST_90688,4863.0,0.0,0.0,0.0,1,0,0.0,39,2,4,1,Lost Cause
CUST_99431,1898.0,1898.0,0.0,0.0,0,1,1067.06,59,0,2,1,Sure Thing
CUST_84691,3362.0,3362.0,0.0,0.0,0,1,1892.31,85,1,3,1,Sure Thing
CUST_53001,2440.0,1952.0,488.0,0.2,1,1,812.16,188,1,2,1,Persuadable
CUST_77364,1309.0,0.0,0.0,0.0,1,0,0.0,305,2,4,0,Lost Cause
CUST_55028,1881.0,0.0,0.0,0.0,1,0,0.0,35,0,4,1,Sure Thing
CUST_47573,1216.0,972.8,243.2,0.2,1,1,416.03,316,1,3,1,Persuadable
CUST_10806,4835.0,0.0,0.0,0.0,1,0,0.0,152,0,5,0,Lost Cause
CUST_66638,1187.0,0.0,0.0,0.0,1,0,0.0,123,1,6,1,Lost Cause
CUST_39757,3393.0,3393.0,0.0,0.0,0,1,1811.65,36,1,1,1,Sure Thing
CUST_44636,1250.0,1062.5,187.5,0.15,1,1,554.56,16,3,3,1,Persuadable
CUST_90097,6469.0,6469.0,0.0,0.0,0,1,3547.84,110,4,4,1,Persuadable
CUST_58280,1077.0,0.0,0.0,0.0,0,0,0.0,136,0,5,1,Lost Cause
CUST_34262,2377.0,0.0,0.0,0.0,0,0,0.0,38,2,4,0,Lost Cause
CUST_90435,1795.0,0.0,0.0,0.0,0,0,0.0,107,0,3,1,Lost Cause
CUST_72211,2526.0,0.0,0.0,0.0,0,0,0.0,242,2,2,1,Persuadable
CUST_64842,1755.0,0.0,0.0,0.0,0,0,0.0,226,0,2,1,Persuadable
CUST_66979,3560.0,0.0,0.0,0.0,0,0,0.0,324,0,6,1,Persuadable
CUST_91470,3360.0,0.0,0.0,0.0,1,0,0.0,64,1,7,0,Sleeping Dog
CUST_48197,4666.0,0.0,0.0,0.0,1,0,0.0,55,2,3,0,Lost Cause
CUST_51844,1115.0,0.0,0.0,0.0,0,0,0.0,176,1,5,1,Lost Cause
CUST_74754,1181.0,0.0,0.0,0.0,0,0,0.0,77,2,5,1,Lost Cause
CUST_44157,1710.0,0.0,0.0,0.0,0,0,0.0,20,0,2,0,Lost Cause
CUST_87129,3593.0,2874.4,718.6,0.2,1,1,1313.13,49,3,6,1,Persuadable
CUST_50042,2370.0,0.0,0.0,0.0,1,0,0.0,75,1,5,0,Lost Cause
CUST_71665,4880.0,3660.0,1220.0,0.25,1,1,1628.81,51,3,1,0,Persuadable
CUST_92856,1728.0,1555.2,172.8,0.1,1,1,734.01,58,1,6,1,Sure Thing
CUST_37376,6427.0,0.0,0.0,0.0,0,0,0.0,51,2,5,0,Lost Cause
CUST_65554,1700.0,0.0,0.0,0.0,0,0,0.0,15,5,1,1,Persuadable
CUST_24199,1667.0,0.0,0.0,0.0,0,0,0.0,131,0,5,0,Lost Cause
CUST_91412,3449.0,0.0,0.0,0.0,1,0,0.0,119,2,2,0,Lost Cause
CUST_60948,4804.0,4804.0,0.0,0.0,0,1,2552.3,137,2,4,1,Lost Cause
CUST_83781,4751.0,4751.0,0.0,0.0,0,1,2697.47,35,0,3,1,Sure Thing
CUST_82750,4741.0,0.0,0.0,0.0,0,0,0.0,52,3,3,1,Persuadable
CUST_76262,4670.0,0.0,0.0,0.0,0,0,0.0,125,1,5,0,Lost Cause
CUST_56600,2368.0,0.0,0.0,0.0,0,0,0.0,119,2,2,1,Lost Cause
CUST_86898,9502.0,0.0,0.0,0.0,1,0,0.0,94,2,5,0,Lost Cause
CUST_72483,1251.0,0.0,0.0,0.0,0,0,0.0,61,2,4,1,Lost Cause
CUST_28297,1329.0,0.0,0.0,0.0,0,0,0.0,302,3,6,0,Persuadable
CUST_40448,3484.0,2613.0,871.0,0.25,1,1,984.15,59,0,3,1,Sure Thing
CUST_36172,1119.0,951.15,167.85,0.15,1,1,477.53,82,3,4,1,Persuadable
CUST_52874,1928.0,0.0,0.0,0.0,1,0,0.0,146,0,3,1,Lost Cause
CUST_17657,1343.0,0.0,0.0,0.0,1,0,0.0,103,0,10,1,Lost Cause
CUST_94386,1805.0,0.0,0.0,0.0,0,0,0.0,61,1,3,0,Lost Cause
CUST_35425,2626.0,0.0,0.0,0.0,1,0,0.0,78,3,4,1,Persuadable
CUST_36685,2447.0,0.0,0.0,0.0,1,0,0.0,199,0,5,0,Lost Cause
CUST_34578,4672.0,0.0,0.0,0.0,1,0,0.0,49,0,3,0,Lost Cause
CUST_38831,3579.0,3042.15,536.85,0.15,1,1,1375.26,28,3,3,1,Persuadable
CUST_17906,1678.0,1678.0,0.0,0.0,0,1,971.35,55,1,4,1,Sure Thing
CUST_71413,1670.0,0.0,0.0,0.0,0,0,0.0,237,3,2,0,Persuadable
CUST_64028,1712.0,0.0,0.0,0.0,1,0,0.0,21,2,6,1,Lost Cause
CUST_17287,3364.0,0.0,0.0,0.0,0,0,0.0,584,1,4,1,Persuadable
CUST_43660,1160.0,870.0,290.0,0.25,1,1,383.26,103,3,7,0,Persuadable
CUST_85758,1160.0,1160.0,0.0,0.0,0,1,692.12,512,0,7,0,Sleeping Dog
CUST_70504,1053.0,0.0,0.0,0.0,0,0,0.0,345,0,5,1,Persuadable
CUST_69720,1091.0,0.0,0.0,0.0,0,0,0.0,82,1,4,0,Lost Cause
CUST_44701,1843.0,1843.0,0.0,0.0,0,1,1083.47,36,1,2,1,Sure Thing
CUST_93300,2422.0,2422.0,0.0,0.0,0,1,1263.44,31,1,3,1,Sure Thing
CUST_27674,4797.0,0.0,0.0,0.0,0,0,0.0,42,4,6,1,Persuadable
CUST_93560,1832.0,0.0,0.0,0.0,1,0,0.0,158,1,4,0,Lost Cause
CUST_33874,6428.0,0.0,0.0,0.0,0,0,0.0,48,2,6,1,Lost Cause
CUST_53642,1069.0,0.0,0.0,0.0,0,0,0.0,60,2,4,0,Lost Cause
CUST_75160,1166.0,0.0,0.0,0.0,0,0,0.0,81,2,6,1,Lost Cause
CUST_27602,1077.0,0.0,0.0,0.0,0,0,0.0,303,3,3,1,Persuadable
CUST_98801,4800.0,0.0,0.0,0.0,0,0,0.0,35,2,3,0,Lost Cause
CUST_35931,2371.0,0.0,0.0,0.0,0,0,0.0,10,5,6,1,Persuadable
CUST_39192,4812.0,0.0,0.0,0.0,1,0,0.0,17,2,6,1,Lost Cause
CUST_56542,2545.0,2290.5,254.5,0.1,1,1,1111.3,292,2,6,1,Persuadable
CUST_52520,1828.0,0.0,0.0,0.0,1,0,0.0,135,1,5,1,Lost Cause
CUST_74772,4705.0,3999.25,705.75,0.15,1,1,1963.22,48,3,4,0,Persuadable
CUST_68762,2616.0,2092.8,523.2,0.2,1,1,988.11,33,0,5,1,Sure Thing
CUST_60106,3516.0,2812.8,703.2,0.2,1,1,1348.04,51,5,5,0,Persuadable
CUST_91121,6429.0,5786.1,642.9,0.1,1,1,2777.45,24,4,6,1,Persuadable
CUST_35559,1678.0,0.0,0.0,0.0,0,0,0.0,350,1,5,1,Persuadable
CUST_43742,1168.0,934.4,233.6,0.2,1,1,400.51,194,0,7,1,Persuadable
CUST_79669,6634.0,0.0,0.0,0.0,1,0,0.0,84,2,5,0,Lost Cause
CUST_90199,2538.0,0.0,0.0,0.0,0,0,0.0,250,3,2,1,Persuadable
CUST_31754,2406.0,0.0,0.0,0.0,0,0,0.0,44,2,3,1,Lost Cause
CUST_13972,1821.0,0.0,0.0,0.0,1,0,0.0,161,0,3,0,Lost Cause
CUST_80831,3514.0,2635.5,878.5,0.25,1,1,1224.0,242,0,2,1,Persuadable
CUST_51873,2418.0,2055.3,362.7,0.15,1,1,904.62,62,3,4,0,Persuadable
CUST_19903,2407.0,0.0,0.0,0.0,1,0,0.0,179,1,6,0,Sleeping Dog
CUST_13020,4734.0,0.0,0.0,0.0,1,0,0.0,51,2,6,0,Sleeping Dog
CUST_51755,3641.0,0.0,0.0,0.0,0,0,0.0,52,0,5,0,Lost Cause
CUST_95956,1809.0,0.0,0.0,0.0,0,0,0.0,23,2,7,1,Lost Cause
CUST_96988,2436.0,0.0,0.0,0.0,0,0,0.0,79,2,3,0,Lost Cause
CUST_55648,1804.0,0.0,0.0,0.0,1,0,0.0,166,1,5,1,Lost Cause
CUST_19516,2629.0,2234.65,394.35,0.15,1,1,1154.72,348,5,4,0,Persuadable
CUST_12396,1813.0,0.0,0.0,0.0,1,0,0.0,121,2,2,1,Lost Cause
CUST_94082,1717.0,1459.45,257.55,0.15,1,1,695.99,248,2,4,1,Persuadable
CUST_29129,2637.0,0.0,0.0,0.0,0,0,0.0,217,2,5,1,Persuadable
CUST_11591,4769.0,0.0,0.0,0.0,0,0,0.0,32,3,4,1,Persuadable
CUST_21303,1234.0,1048.9,185.1,0.15,1,1,517.61,89,1,5,1,Sure Thing
CUST_40561,1265.0,1265.0,0.0,0.0,0,1,678.98,24,0,8,1,Sure Thing
CUST_81719,3479.0,0.0,0.0,0.0,0,0,0.0,147,2,7,0,Sleeping Dog
CUST_96231,1819.0,1637.1,181.9,0.1,1,1,892.17,369,0,2,1,Persuadable
CUST_17314,1339.0,0.0,0.0,0.0,1,0,0.0,27,2,7,1,Lost Cause
CUST_29623,3479.0,0.0,0.0,0.0,1,0,0.0,168,3,3,0,Persuadable
CUST_77675,6641.0,0.0,0.0,0.0,0,0,0.0,130,1,5,1,Lost Cause
CUST_75082,1754.0,0.0,0.0,0.0,1,0,0.0,115,1,7,1,Lost Cause
CUST_93624,1297.0,1167.3,129.7,0.1,1,1,569.58,69,1,3,1,Sure Thing
CUST_43130,1155.0,0.0,0.0,0.0,0,0,0.0,62,2,4,1,Lost Cause
CUST_61756,4746.0,4271.4,474.6,0.1,1,1,2370.75,15,1,4,1,Sure Thing
CUST_36292,4676.0,3974.6,701.4,0.15,1,1,1925.18,39,1,4,1,Sure Thing
CUST_96206,1834.0,0.0,0.0,0.0,0,0,0.0,11,0,3,0,Lost Cause
CUST_79274,2630.0,2630.0,0.0,0.0,0,1,1564.08,114,1,7,0,Sleeping Dog
CUST_12469,1113.0,0.0,0.0,0.0,1,0,0.0,23,0,4,0,Lost Cause
CUST_63947,1762.0,0.0,0.0,0.0,1,0,0.0,257,3,3,0,Persuadable
CUST_32534,2639.0,0.0,0.0,0.0,0,0,0.0,98,2,5,0,Lost Cause
CUST_73620,3438.0,0.0,0.0,0.0,0,0,0.0,154,0,7,1,Lost Cause
CUST_58874,6498.0,0.0,0.0,0.0,0,0,0.0,73,0,1,0,Lost Cause
CUST_59708,1889.0,0.0,0.0,0.0,1,0,0.0,108,0,6,1,Lost Cause
CUST_84553,1916.0,0.0,0.0,0.0,0,0,0.0,353,0,3,1,Persuadable
CUST_78344,4887.0,4398.3,488.7,0.1,1,1,2316.79,20,3,4,1,Persuadable
CUST_59138,2631.0,0.0,0.0,0.0,0,0,0.0,45,3,3,1,Persuadable
CUST_64302,3455.0,2591.25,863.75,0.25,1,1,1188.7,191,3,4,0,Persuadable
CUST_57638,6620.0,0.0,0.0,0.0,1,0,0.0,22,2,4,0,Lost Cause
CUST_88249,1812.0,1449.6,362.4,0.2,1,1,650.41,19,1,4,1,Sure Thing
CUST_12719,1155.0,1039.5,115.5,0.1,1,1,513.25,63,1,3,1,Sure Thing
CUST_32890,4869.0,0.0,0.0,0.0,1,0,0.0,21,2,5,1,Lost Cause
CUST_87236,1266.0,0.0,0.0,0.0,1,0,0.0,115,0,3,1,Lost Cause
CUST_46509,2378.0,2021.3,356.7,0.15,1,1,1045.42,40,3,6,0,Persuadable
CUST_52534,3445.0,0.0,0.0,0.0,1,0,0.0,281,2,5,0,Lost Cause
CUST_28787,6525.0,0.0,0.0,0.0,0,0,0.0,193,2,4,1,Persuadable
CUST_58845,2628.0,0.0,0.0,0.0,1,0,0.0,154,1,3,0,Lost Cause
CUST_67932,1326.0,0.0,0.0,0.0,0,0,0.0,125,3,4,1,Persuadable
CUST_43062,1826.0,0.0,0.0,0.0,0,0,0.0,248,2,3,1,Persuadable
CUST_85713,2441.0,0.0,0.0,0.0,1,0,0.0,40,2,4,0,Lost Cause
CUST_97263,6577.0,5590.45,986.55,0.15,1,1,2666.05,257,1,5,1,Persuadable
CUST_70461,1137.0,0.0,0.0,0.0,0,0,0.0,196,0,2,1,Persuadable
CUST_85418,4947.0,0.0,0.0,0.0,1,0,0.0,175,1,8,1,Lost Cause
CUST_76672,1183.0,0.0,0.0,0.0,1,0,0.0,108,0,3,0,Lost Cause
CUST_44832,2389.0,2030.65,358.35,0.15,1,1,1071.15,43,1,3,1,Sure Thing
CUST_41966,1905.0,0.0,0.0,0.0,1,0,0.0,76,1,4,0,Lost Cause
CUST_82545,9434.0,7075.5,2358.5,0.25,1,1,3157.32,199,0,3,1,Persuadable
CUST_22987,1076.0,1076.0,0.0,0.0,0,1,632.73,13,1,5,1,Sure Thing
CUST_47311,4937.0,0.0,0.0,0.0,0,0,0.0,192,2,1,0,Lost Cause
CUST_41575,2440.0,0.0,0.0,0.0,0,0,0.0,42,1,2,0,Lost Cause
CUST_73852,1076.0,0.0,0.0,0.0,1,0,0.0,28,0,6,0,Sleeping Dog
CUST_11007,1331.0,1331.0,0.0,0.0,0,1,707.86,24,1,3,1,Sure Thing
CUST_80981,1848.0,0.0,0.0,0.0,0,0,0.0,13,3,7,0,Persuadable
CUST_86242,2503.0,0.0,0.0,0.0,0,0,0.0,98,0,5,1,Lost Cause
CUST_57517,2459.0,0.0,0.0,0.0,0,0,0.0,39,2,4,0,Lost Cause
CUST_39257,4650.0,3952.5,697.5,0.15,1,1,1929.16,555,2,6,1,Persuadable
CUST_97272,1227.0,0.0,0.0,0.0,0,0,0.0,112,2,5,1,Lost Cause
CUST_52207,2409.0,1927.2,481.8,0.2,1,1,960.5,27,0,3,1,Sure Thing
CUST_23281,2631.0,0.0,0.0,0.0,0,0,0.0,150,4,6,1,Persuadable
CUST_71246,2570.0,0.0,0.0,0.0,1,0,0.0,283,0,7,0,Sleeping Dog
CUST_11435,4793.0,0.0,0.0,0.0,0,0,0.0,174,2,6,1,Lost Cause
CUST_36660,2430.0,2187.0,243.0,0.1,1,1,1038.3,19,0,1,1,Sure Thing
CUST_15084,6581.0,5593.85,987.15,0.15,1,1,2819.67,281,3,7,1,Persuadable
CUST_92197,3428.0,0.0,0.0,0.0,0,0,0.0,199,7,5,1,Persuadable
CUST_23507,1330.0,0.0,0.0,0.0,0,0,0.0,30,2,3,1,Lost Cause
CUST_82595,1231.0,1231.0,0.0,0.0,0,1,714.01,16,3,7,1,Persuadable
CUST_93807,6527.0,0.0,0.0,0.0,1,0,0.0,107,2,3,1,Lost Cause
CUST_55539,1719.0,0.0,0.0,0.0,1,0,0.0,30,0,7,0,Sleeping Dog
CUST_17491,9447.0,8502.3,944.7,0.1,1,1,4311.75,225,1,4,1,Persuadable
CUST_60192,2629.0,1971.75,657.25,0.25,1,1,889.44,63,0,2,1,Sure Thing
CUST_90395,1864.0,0.0,0.0,0.0,0,0,0.0,302,1,3,1,Persuadable
CUST_73888,1296.0,1036.8,259.2,0.2,1,1,517.92,110,1,1,1,Lost Cause
CUST_83609,2425.0,2061.25,363.75,0.15,1,1,957.22,34,0,5,1,Sure Thing
CUST_19077,2404.0,0.0,0.0,0.0,0,0,0.0,28,3,1,0,Persuadable
CUST_30953,2608.0,0.0,0.0,0.0,1,0,0.0,113,1,3,1,Lost Cause
CUST_86919,1077.0,0.0,0.0,0.0,0,0,0.0,182,3,2,1,Persuadable
CUST_77889,2489.0,2115.65,373.35,0.15,1,1,924.8,192,3,5,0,Persuadable
CUST_33821,3449.0,2931.65,517.35,0.15,1,1,1304.47,48,1,1,1,Sure Thing
CUST_47567,4896.0,4896.0,0.0,0.0,0,1,2667.27,37,3,5,0,Persuadable
CUST_34860,3633.0,0.0,0.0,0.0,1,0,0.0,12,2,3,0,Lost Cause
CUST_31195,1246.0,0.0,0.0,0.0,0,0,0.0,146,2,3,1,Lost Cause
CUST_87475,1705.0,0.0,0.0,0.0,0,0,0.0,19,2,3,1,Lost Cause
CUST_97266,2501.0,0.0,0.0,0.0,0,0,0.0,75,2,2,1,Lost Cause
CUST_31427,6626.0,0.0,0.0,0.0,0,0,0.0,120,2,3,1,Lost Cause
CUST_37083,1925.0,0.0,0.0,0.0,0,0,0.0,341,3,4,1,Persuadable
CUST_97046,1345.0,1008.75,336.25,0.25,1,1,383.91,54,1,9,1,Sure Thing
CUST_67372,1130.0,0.0,0.0,0.0,1,0,0.0,44,2,2,0,Lost Cause
CUST_54064,2607.0,0.0,0.0,0.0,0,0,0.0,137,2,7,1,Lost Cause
CUST_17813,1280.0,0.0,0.0,0.0,0,0,0.0,125,2,4,1,Lost Cause
CUST_41598,1693.0,0.0,0.0,0.0,1,0,0.0,58,2,2,1,Lost Cause
CUST_37082,4689.0,4220.1,468.9,0.1,1,1,1994.48,325,1,3,0,Lost Cause
CUST_39241,1883.0,1694.7,188.3,0.1,1,1,824.75,233,0,4,1,Persuadable
CUST_54569,3639.0,0.0,0.0,0.0,1,0,0.0,40,2,5,1,Lost Cause
CUST_21745,4878.0,3902.4,975.6,0.2,1,1,1604.39,42,0,6,1,Sure Thing
CUST_36029,4777.0,0.0,0.0,0.0,0,0,0.0,96,2,2,0,Lost Cause
CUST_23025,1258.0,0.0,0.0,0.0,1,0,0.0,188,2,6,0,Sleeping Dog
CUST_24288,1944.0,0.0,0.0,0.0,0,0,0.0,15,1,5,0,Lost Cause
CUST_99186,3614.0,0.0,0.0,0.0,0,0,0.0,151,2,5,1,Lost Cause
CUST_16540,4767.0,0.0,0.0,0.0,1,0,0.0,135,2,5,1,Lost Cause
CUST_91958,4791.0,0.0,0.0,0.0,1,0,0.0,41,0,5,0,Lost Cause
CUST_78878,1226.0,0.0,0.0,0.0,1,0,0.0,147,0,5,0,Lost Cause
CUST_51846,1313.0,0.0,0.0,0.0,0,0,0.0,347,3,6,0,Persuadable
CUST_85932,3540.0,0.0,0.0,0.0,0,0,0.0,15,3,5,1,Persuadable
CUST_27482,2365.0,0.0,0.0,0.0,1,0,0.0,56,0,3,0,Lost Cause
CUST_33411,4916.0,0.0,0.0,0.0,1,0,0.0,79,2,7,1,Lost Cause
CUST_60975,6643.0,0.0,0.0,0.0,1,0,0.0,285,1,5,0,Lost Cause
CUST_70545,1717.0,0.0,0.0,0.0,0,0,0.0,403,2,1,1,Persuadable
CUST_88797,1684.0,1431.4,252.6,0.15,1,1,715.8,80,1,5,1,Sure Thing
CUST_62307,4810.0,4810.0,0.0,0.0,0,1,2580.03,176,0,6,0,Sleeping Dog
CUST_13093,6459.0,0.0,0.0,0.0,0,0,0.0,101,1,1,1,Lost Cause
CUST_87258,2531.0,0.0,0.0,0.0,1,0,0.0,102,1,4,1,Lost Cause
CUST_32042,1196.0,1196.0,0.0,0.0,0,1,706.79,49,0,3,1,Sure Thing
CUST_62930,1188.0,0.0,0.0,0.0,1,0,0.0,39,1,2,1,Sure Thing
CUST_54413,1837.0,0.0,0.0,0.0,1,0,0.0,50,1,2,0,Lost Cause
CUST_43756,3535.0,0.0,0.0,0.0,1,0,0.0,107,1,5,1,Lost Cause
CUST_63268,1801.0,1440.8,360.2,0.2,1,1,719.41,13,0,1,1,Sure Thing
CUST_49214,6595.0,4946.25,1648.75,0.25,1,1,1796.83,295,2,6,1,Persuadable
CUST_91871,1123.0,0.0,0.0,0.0,0,0,0.0,30,1,5,1,Sure Thing
CUST_38602,1066.0,0.0,0.0,0.0,0,0,0.0,39,1,3,0,Lost Cause
CUST_63331,9487.0,0.0,0.0,0.0,0,0,0.0,97,0,5,0,Lost Cause
CUST_58901,4868.0,0.0,0.0,0.0,1,0,0.0,158,3,5,1,Persuadable
CUST_73416,1113.0,0.0,0.0,0.0,0,0,0.0,22,3,6,1,Persuadable
CUST_42196,1838.0,0.0,0.0,0.0,1,0,0.0,55,2,6,1,Lost Cause
CUST_15626,1306.0,0.0,0.0,0.0,1,0,0.0,425,2,5,0,Lost Cause
CUST_17424,3458.0,0.0,0.0,0.0,1,0,0.0,46,2,5,1,Lost Cause
CUST_22857,3387.0,3387.0,0.0,0.0,0,1,2018.38,55,0,3,1,Sure Thing
CUST_29982,2431.0,2066.35,364.65,0.15,1,1,1040.39,227,1,4,1,Persuadable
CUST_86961,1760.0,0.0,0.0,0.0,0,0,0.0,16,1,3,0,Lost Cause
CUST_11980,1072.0,0.0,0.0,0.0,1,0,0.0,84,1,4,0,Lost Cause
CUST_58290,2408.0,0.0,0.0,0.0,0,0,0.0,67,2,3,0,Lost Cause
CUST_36431,1765.0,0.0,0.0,0.0,0,0,0.0,55,0,4,0,Lost Cause
CUST_94976,1845.0,0.0,0.0,0.0,0,0,0.0,50,2,5,1,Lost Cause
CUST_92711,1090.0,1090.0,0.0,0.0,0,1,608.07,21,1,4,1,Sure Thing
CUST_36385,4754.0,4754.0,0.0,0.0,0,1,2743.58,55,0,4,1,Sure Thing
CUST_48158,1694.0,0.0,0.0,0.0,1,0,0.0,15,2,3,0,Lost Cause
CUST_33019,1130.0,0.0,0.0,0.0,0,0,0.0,192,1,5,1,Persuadable
CUST_28639,2472.0,0.0,0.0,0.0,1,0,0.0,70,2,7,1,Lost Cause
CUST_95530,1153.0,0.0,0.0,0.0,0,0,0.0,80,1,4,0,Lost Cause
CUST_31563,2445.0,0.0,0.0,0.0,0,0,0.0,278,2,6,1,Persuadable
CUST_49341,4819.0,0.0,0.0,0.0,1,0,0.0,138,2,4,1,Lost Cause
CUST_15776,9484.0,9484.0,0.0,0.0,0,1,5055.71,10,0,4,1,Sure Thing
CUST_46444,1332.0,0.0,0.0,0.0,1,0,0.0,354,0,2,0,Lost Cause
CUST_78916,4853.0,3882.4,970.6,0.2,1,1,1753.78,42,1,5,1,Sure Thing
CUST_18711,1890.0,0.0,0.0,0.0,0,0,0.0,23,2,3,1,Lost Cause
CUST_84318,1092.0,982.8,109.2,0.1,1,1,507.17,185,2,4,1,Persuadable
CUST_92970,1127.0,0.0,0.0,0.0,0,0,0.0,93,0,3,1,Lost Cause
CUST_95553,1223.0,0.0,0.0,0.0,1,0,0.0,78,0,5,0,Lost Cause
CUST_40707,2489.0,2489.0,0.0,0.0,0,1,1367.76,44,1,7,1,Sure Thing
CUST_49110,1328.0,0.0,0.0,0.0,0,0,0.0,105,0,7,1,Lost Cause
CUST_71788,1662.0,1662.0,0.0,0.0,0,1,952.24,48,0,2,1,Sure Thing
CUST_92879,6412.0,0.0,0.0,0.0,1,0,0.0,288,1,5,0,Lost Cause
CUST_48827,1804.0,1533.4,270.6,0.15,1,1,729.87,39,1,3,1,Sure Thing
CUST_15655,6502.0,0.0,0.0,0.0,0,0,0.0,268,1,6,1,Persuadable
CUST_54859,1146.0,0.0,0.0,0.0,0,0,0.0,108,3,2,1,Persuadable
CUST_63625,3452.0,3106.8,345.2,0.1,1,1,1652.24,221,0,2,1,Persuadable
CUST_62098,3356.0,0.0,0.0,0.0,0,0,0.0,159,2,5,1,Lost Cause
CUST_25251,2470.0,0.0,0.0,0.0,0,0,0.0,153,4,7,1,Persuadable
CUST_10526,1686.0,1686.0,0.0,0.0,0,1,1000.22,57,0,3,1,Sure Thing
CUST_78760,2370.0,0.0,0.0,0.0,0,0,0.0,41,0,5,0,Lost Cause
CUST_57837,4721.0,0.0,0.0,0.0,0,0,0.0,38,1,1,0,Lost Cause
CUST_21536,4871.0,0.0,0.0,0.0,1,0,0.0,243,1,5,1,Persuadable
CUST_38541,4816.0,0.0,0.0,0.0,0,0,0.0,216,2,4,1,Persuadable
CUST_89083,1854.0,1854.0,0.0,0.0,0,1,1051.88,79,1,5,1,Sure Thing
CUST_61027,2385.0,0.0,0.0,0.0,1,0,0.0,27,1,2,0,Lost Cause
CUST_44531,2586.0,0.0,0.0,0.0,1,0,0.0,67,1,5,0,Lost Cause
CUST_18712,4757.0,3567.75,1189.25,0.25,1,1,1295.63,125,3,5,1,Persuadable
CUST_75455,2514.0,0.0,0.0,0.0,0,0,0.0,82,2,6,1,Lost Cause
CUST_84744,6506.0,0.0,0.0,0.0,0,0,0.0,191,3,4,1,Persuadable
CUST_15109,2438.0,0.0,0.0,0.0,0,0,0.0,600,1,2,1,Persuadable
CUST_59268,1902.0,0.0,0.0,0.0,0,0,0.0,35,0,2,0,Lost Cause
CUST_64615,3456.0,2937.6,518.4,0.15,1,1,1469.89,83,3,3,1,Persuadable
CUST_92503,4850.0,4850.0,0.0,0.0,0,1,2881.68,77,0,4,1,Sure Thing
CUST_39759,2590.0,2590.0,0.0,0.0,0,1,1405.91,53,0,8,1,Sure Thing
CUST_95708,4691.0,0.0,0.0,0.0,1,0,0.0,36,2,3,0,Lost Cause
CUST_70112,4859.0,0.0,0.0,0.0,0,0,0.0,18,0,5,0,Lost Cause
CUST_36589,3519.0,2639.25,879.75,0.25,1,1,1047.97,271,1,5,1,Persuadable
CUST_40015,3553.0,0.0,0.0,0.0,1,0,0.0,75,2,3,0,Lost Cause
CUST_39009,2512.0,0.0,0.0,0.0,1,0,0.0,92,2,3,0,Lost Cause
CUST_93309,1840.0,0.0,0.0,0.0,0,0,0.0,308,2,4,0,Lost Cause
CUST_72046,1148.0,0.0,0.0,0.0,0,0,0.0,189,1,6,1,Persuadable
CUST_36143,1916.0,0.0,0.0,0.0,0,0,0.0,26,4,3,0,Persuadable
CUST_16154,3490.0,0.0,0.0,0.0,0,0,0.0,110,2,4,1,Lost Cause
CUST_31804,4811.0,0.0,0.0,0.0,1,0,0.0,80,2,4,1,Lost Cause
CUST_51688,1153.0,0.0,0.0,0.0,1,0,0.0,201,2,4,1,Persuadable
CUST_74288,9550.0,0.0,0.0,0.0,1,0,0.0,164,0,4,1,Lost Cause
CUST_61195,2356.0,0.0,0.0,0.0,1,0,0.0,150,2,4,1,Lost Cause
CUST_30581,1933.0,1933.0,0.0,0.0,0,1,1114.65,59,0,7,1,Sure Thing
CUST_62648,1071.0,0.0,0.0,0.0,0,0,0.0,206,1,4,0,Lost Cause
CUST_40087,1720.0,0.0,0.0,0.0,1,0,0.0,16,2,1,1,Lost Cause
CUST_59930,1062.0,0.0,0.0,0.0,1,0,0.0,30,0,4,1,Sure Thing
CUST_42981,2354.0,2354.0,0.0,0.0,0,1,1246.28,59,0,5,1,Sure Thing
CUST_79298,4944.0,4944.0,0.0,0.0,0,1,2738.39,19,1,6,1,Sure Thing
CUST_56167,2411.0,0.0,0.0,0.0,0,0,0.0,42,2,3,1,Lost Cause
CUST_85304,1730.0,1557.0,173.0,0.1,1,1,861.34,222,2,4,1,Persuadable
CUST_53408,4655.0,0.0,0.0,0.0,0,0,0.0,365,2,2,1,Persuadable
CUST_49499,2511.0,2259.9,251.1,0.1,1,1,1170.4,53,1,6,1,Sure Thing
CUST_62269,4807.0,4807.0,0.0,0.0,0,1,2578.04,46,0,2,1,Sure Thing
CUST_48559,1871.0,1590.35,280.65,0.15,1,1,718.87,49,0,2,1,Sure Thing
CUST_84319,1197.0,0.0,0.0,0.0,1,0,0.0,49,3,5,1,Persuadable
CUST_58787,1104.0,1104.0,0.0,0.0,0,1,593.43,14,1,5,1,Sure Thing
CUST_45488,1247.0,0.0,0.0,0.0,1,0,0.0,323,1,2,0,Lost Cause
CUST_84441,3599.0,0.0,0.0,0.0,0,0,0.0,38,1,5,0,Lost Cause
CUST_84663,1123.0,0.0,0.0,0.0,1,0,0.0,75,2,5,0,Lost Cause
CUST_32431,1694.0,1439.9,254.1,0.15,1,1,737.11,11,4,10,0,Persuadable
CUST_71681,6435.0,0.0,0.0,0.0,0,0,0.0,244,0,2,1,Persuadable
CUST_73483,1913.0,0.0,0.0,0.0,1,0,0.0,167,2,3,0,Lost Cause
CUST_59153,1874.0,1686.6,187.4,0.1,1,1,907.54,361,2,4,1,Persuadable
CUST_16368,1280.0,0.0,0.0,0.0,1,0,0.0,192,2,4,0,Lost Cause
CUST_37424,3526.0,0.0,0.0,0.0,0,0,0.0,55,2,2,0,Lost Cause
CUST_55004,1654.0,0.0,0.0,0.0,0,0,0.0,44,2,3,0,Lost Cause
CUST_93869,2350.0,0.0,0.0,0.0,0,0,0.0,153,2,6,1,Lost Cause
CUST_98652,4750.0,0.0,0.0,0.0,0,0,0.0,64,4,2,1,Persuadable
CUST_66985,9598.0,0.0,0.0,0.0,0,0,0.0,110,1,6,1,Lost Cause
CUST_60069,1940.0,1649.0,291.0,0.15,1,1,854.3,10,1,2,1,Sure Thing
CUST_62326,1087.0,0.0,0.0,0.0,0,0,0.0,17,3,5,1,Persuadable
CUST_91061,3599.0,3059.15,539.85,0.15,1,1,1367.69,101,3,8,1,Persuadable
CUST_33398,2602.0,0.0,0.0,0.0,0,0,0.0,110,3,4,0,Persuadable
CUST_60861,2614.0,0.0,0.0,0.0,0,0,0.0,177,3,4,0,Persuadable
CUST_85897,3428.0,0.0,0.0,0.0,0,0,0.0,26,2,4,0,Lost Cause
CUST_91905,2408.0,2046.8,361.2,0.15,1,1,906.46,96,0,5,0,Lost Cause
CUST_78577,1301.0,1301.0,0.0,0.0,0,1,742.5,35,0,7,0,Sleeping Dog
CUST_75641,2587.0,2587.0,0.0,0.0,0,1,1404.65,21,2,8,0,Sleeping Dog
CUST_19078,1344.0,0.0,0.0,0.0,1,0,0.0,73,2,5,1,Lost Cause
CUST_35003,1693.0,0.0,0.0,0.0,0,0,0.0,31,2,3,1,Lost Cause
CUST_72768,4823.0,4823.0,0.0,0.0,0,1,2515.57,40,0,7,0,Sleeping Dog
CUST_61047,2363.0,0.0,0.0,0.0,1,0,0.0,55,2,7,1,Lost Cause
CUST_81626,2587.0,0.0,0.0,0.0,0,0,0.0,46,2,5,1,Lost Cause
CUST_67660,4671.0,0.0,0.0,0.0,0,0,0.0,21,1,5,0,Lost Cause
CUST_59786,6552.0,0.0,0.0,0.0,0,0,0.0,21,2,3,1,Lost Cause
CUST_11925,2364.0,0.0,0.0,0.0,0,0,0.0,35,1,2,0,Lost Cause
CUST_93976,2601.0,0.0,0.0,0.0,1,0,0.0,16,1,5,0,Lost Cause
CUST_36015,6507.0,0.0,0.0,0.0,1,0,0.0,128,1,6,1,Lost Cause
CUST_43320,4921.0,4182.85,738.15,0.15,1,1,1975.88,50,1,4,1,Sure Thing
CUST_74881,1225.0,0.0,0.0,0.0,1,0,0.0,49,2,4,0,Lost Cause
CUST_36289,6599.0,6599.0,0.0,0.0,0,1,3544.21,58,1,8,1,Sure Thing
CUST_13389,1105.0,0.0,0.0,0.0,1,0,0.0,140,0,6,1,Lost Cause
CUST_35683,2539.0,2285.1,253.9,0.1,1,1,1146.07,255,3,2,1,Persuadable
CUST_23629,2634.0,0.0,0.0,0.0,0,0,0.0,180,4,4,1,Persuadable
CUST_71550,1916.0,0.0,0.0,0.0,1,0,0.0,166,0,4,1,Lost Cause
CUST_34826,1745.0,0.0,0.0,0.0,1,0,0.0,89,2,1,1,Lost Cause
CUST_36630,4857.0,0.0,0.0,0.0,0,0,0.0,152,1,4,0,Lost Cause
CUST_56163,6511.0,0.0,0.0,0.0,1,0,0.0,106,1,4,1,Lost Cause
CUST_76435,2409.0,0.0,0.0,0.0,0,0,0.0,39,2,5,1,Lost Cause
CUST_21653,6374.0,6374.0,0.0,0.0,0,1,3515.64,38,2,7,0,Sleeping Dog
CUST_37961,4652.0,4652.0,0.0,0.0,0,1,2551.1,52,0,4,1,Sure Thing
CUST_91941,1929.0,1736.1,192.9,0.1,1,1,934.13,300,1,3,1,Persuadable
CUST_84137,1297.0,0.0,0.0,0.0,1,0,0.0,105,1,1,0,Lost Cause
CUST_43662,2643.0,0.0,0.0,0.0,0,0,0.0,168,1,5,0,Lost Cause
CUST_66446,4940.0,0.0,0.0,0.0,1,0,0.0,61,2,5,0,Lost Cause
CUST_31288,2392.0,0.0,0.0,0.0,1,0,0.0,72,2,8,1,Lost Cause
CUST_46877,3638.0,0.0,0.0,0.0,1,0,0.0,26,2,3,0,Lost Cause
CUST_25313,1879.0,0.0,0.0,0.0,0,0,0.0,32,1,4,0,Lost Cause
CUST_90885,3553.0,0.0,0.0,0.0,0,0,0.0,220,3,3,0,Persuadable
CUST_82715,2487.0,0.0,0.0,0.0,0,0,0.0,115,4,5,1,Persuadable
CUST_20326,1824.0,0.0,0.0,0.0,0,0,0.0,59,2,6,1,Lost Cause
CUST_11560,6500.0,5525.0,975.0,0.15,1,1,2413.53,204,2,6,1,Persuadable
CUST_89148,9571.0,0.0,0.0,0.0,0,0,0.0,43,0,5,0,Lost Cause
CUST_93186,4896.0,0.0,0.0,0.0,1,0,0.0,457,2,1,1,Persuadable
CUST_36745,2423.0,0.0,0.0,0.0,0,0,0.0,60,3,10,1,Persuadable
CUST_41890,1842.0,1842.0,0.0,0.0,0,1,1022.12,59,1,4,1,Sure Thing
CUST_30022,2433.0,2433.0,0.0,0.0,0,1,1386.87,54,1,5,1,Sure Thing
CUST_62579,4947.0,4947.0,0.0,0.0,0,1,2883.38,25,2,6,0,Sleeping Dog
CUST_80316,6602.0,0.0,0.0,0.0,0,0,0.0,24,0,4,0,Lost Cause
CUST_93847,3622.0,3622.0,0.0,0.0,0,1,1991.51,135,2,6,0,Sleeping Dog
CUST_38380,2481.0,0.0,0.0,0.0,0,0,0.0,259,1,5,1,Persuadable
CUST_12356,1132.0,0.0,0.0,0.0,0,0,0.0,197,1,5,1,Persuadable
CUST_80326,2475.0,2475.0,0.0,0.0,0,1,1298.99,28,1,3,1,Sure Thing
CUST_99899,2564.0,0.0,0.0,0.0,0,0,0.0,104,1,1,1,Lost Cause
CUST_30049,4737.0,4737.0,0.0,0.0,0,1,2803.0,23,0,4,1,Sure Thing
CUST_85717,2462.0,0.0,0.0,0.0,1,0,0.0,15,2,4,0,Lost Cause
CUST_26082,1712.0,0.0,0.0,0.0,1,0,0.0,138,0,4,0,Lost Cause
CUST_10661,1675.0,0.0,0.0,0.0,1,0,0.0,101,0,6,1,Lost Cause
CUST_47412,3443.0,0.0,0.0,0.0,1,0,0.0,20,2,3,1,Lost Cause
CUST_12920,6361.0,0.0,0.0,0.0,1,0,0.0,14,4,3,1,Persuadable
CUST_70315,2621.0,0.0,0.0,0.0,0,0,0.0,559,0,5,1,Persuadable
CUST_89561,1216.0,0.0,0.0,0.0,1,0,0.0,13,1,5,0,Lost Cause
CUST_18946,4902.0,0.0,0.0,0.0,0,0,0.0,80,2,2,0,Lost Cause
CUST_55500,1943.0,0.0,0.0,0.0,1,0,0.0,94,1,4,1,Lost Cause
CUST_26309,1275.0,1275.0,0.0,0.0,0,1,760.29,24,1,4,1,Sure Thing
CUST_65230,1333.0,1066.4,266.6,0.2,1,1,444.09,32,0,4,1,Sure Thing
CUST_40027,1160.0,1160.0,0.0,0.0,0,1,682.94,62,1,5,1,Sure Thing
CUST_82541,2429.0,0.0,0.0,0.0,0,0,0.0,182,0,5,0,Lost Cause
CUST_69321,1253.0,0.0,0.0,0.0,0,0,0.0,94,0,5,0,Lost Cause
CUST_10956,2643.0,0.0,0.0,0.0,0,0,0.0,131,2,4,1,Lost Cause
CUST_84131,1261.0,0.0,0.0,0.0,1,0,0.0,515,0,4,0,Lost Cause
CUST_57908,2516.0,0.0,0.0,0.0,1,0,0.0,185,1,5,1,Persuadable
CUST_88339,1200.0,1020.0,180.0,0.15,1,1,504.08,78,3,6,1,Persuadable
CUST_35963,6622.0,5959.8,662.2,0.1,1,1,3015.56,80,4,5,1,Persuadable
CUST_49443,2467.0,0.0,0.0,0.0,0,0,0.0,125,1,4,1,Lost Cause
CUST_49063,4736.0,0.0,0.0,0.0,0,0,0.0,141,1,5,1,Lost Cause
CUST_90818,2399.0,0.0,0.0,0.0,0,0,0.0,93,2,5,1,Lost Cause
CUST_14703,4929.0,0.0,0.0,0.0,0,0,0.0,134,0,2,0,Lost Cause
CUST_75128,1652.0,0.0,0.0,0.0,1,0,0.0,12,2,6,0,Sleeping Dog
CUST_82099,4726.0,4253.4,472.6,0.1,1,1,2232.25,77,4,8,1,Persuadable
CUST_35849,4707.0,0.0,0.0,0.0,0,0,0.0,49,2,1,0,Lost Cause
CUST_41860,4670.0,3502.5,1167.5,0.25,1,1,1309.39,26,1,3,1,Sure Thing
CUST_41585,1347.0,1347.0,0.0,0.0,0,1,773.95,22,0,8,1,Sure Thing
CUST_32015,1824.0,0.0,0.0,0.0,0,0,0.0,120,6,5,0,Persuadable
CUST_87539,2431.0,0.0,0.0,0.0,0,0,0.0,98,1,3,0,Lost Cause
CUST_53585,4813.0,4813.0,0.0,0.0,0,1,2733.87,45,1,7,0,Sleeping Dog
CUST_36958,3433.0,0.0,0.0,0.0,0,0,0.0,86,4,5,1,Persuadable
CUST_36017,2453.0,0.0,0.0,0.0,0,0,0.0,91,1,5,1,Lost Cause
CUST_86707,3523.0,3523.0,0.0,0.0,0,1,2060.1,36,1,3,1,Sure Thing
CUST_55350,4881.0,0.0,0.0,0.0,0,0,0.0,136,0,4,0,Lost Cause
CUST_22201,1667.0,0.0,0.0,0.0,1,0,0.0,192,2,7,0,Sleeping Dog
CUST_39426,6484.0,0.0,0.0,0.0,0,0,0.0,198,1,6,0,Sleeping Dog
CUST_27778,1132.0,962.2,169.8,0.15,1,1,451.49,120,3,5,1,Persuadable
CUST_55241,2603.0,0.0,0.0,0.0,0,0,0.0,96,3,2,0,Persuadable
CUST_52229,2400.0,0.0,0.0,0.0,1,0,0.0,17,2,4,0,Lost Cause
CUST_96652,2373.0,0.0,0.0,0.0,1,0,0.0,50,0,3,0,Lost Cause
CUST_58364,1698.0,1443.3,254.7,0.15,1,1,744.27,21,1,6,1,Sure Thing
CUST_94878,6534.0,5553.9,980.1,0.15,1,1,2771.89,408,0,1,1,Persuadable
CUST_67056,6494.0,5844.6,649.4,0.1,1,1,2978.03,27,6,3,1,Persuadable
CUST_37490,2498.0,1998.4,499.6,0.2,1,1,882.8,29,3,1,1,Persuadable
CUST_29975,3573.0,0.0,0.0,0.0,0,0,0.0,274,2,6,1,Persuadable
CUST_36723,2649.0,2649.0,0.0,0.0,0,1,1566.75,355,4,3,0,Persuadable
CUST_33279,2641.0,0.0,0.0,0.0,0,0,0.0,184,0,5,0,Lost Cause
CUST_88301,4949.0,4949.0,0.0,0.0,0,1,2717.43,10,0,5,1,Sure Thing
CUST_21561,1232.0,0.0,0.0,0.0,0,0,0.0,10,2,4,0,Lost Cause
CUST_76061,1787.0,0.0,0.0,0.0,0,0,0.0,66,2,5,0,Lost Cause
CUST_98397,1721.0,0.0,0.0,0.0,0,0,0.0,28,2,5,0,Lost Cause
CUST_59153,6640.0,0.0,0.0,0.0,0,0,0.0,12,0,5,0,Lost Cause
CUST_43142,1198.0,0.0,0.0,0.0,0,0,0.0,84,2,3,0,Lost Cause
CUST_36916,1928.0,1638.8,289.2,0.15,1,1,796.65,353,3,4,1,Persuadable
CUST_74324,2420.0,0.0,0.0,0.0,1,0,0.0,56,1,6,0,Sleeping Dog
CUST_54965,1176.0,0.0,0.0,0.0,0,0,0.0,139,5,6,0,Persuadable
CUST_14648,3366.0,0.0,0.0,0.0,1,0,0.0,136,0,2,0,Lost Cause
CUST_45133,2588.0,0.0,0.0,0.0,1,0,0.0,44,2,4,1,Lost Cause
CUST_60677,2406.0,0.0,0.0,0.0,1,0,0.0,136,0,6,1,Lost Cause
CUST_80135,1093.0,0.0,0.0,0.0,0,0,0.0,38,1,4,0,Lost Cause
CUST_45046,2471.0,2471.0,0.0,0.0,0,1,1337.04,25,0,5,1,Sure Thing
CUST_57064,1682.0,0.0,0.0,0.0,1,0,0.0,155,1,5,0,Lost Cause
CUST_79350,2377.0,2139.3,237.7,0.1,1,1,1182.79,24,4,5,1,Persuadable
CUST_55893,1712.0,1369.6,342.4,0.2,1,1,657.6,600,2,5,1,Persuadable
CUST_71272,4779.0,0.0,0.0,0.0,0,0,0.0,34,2,3,1,Lost Cause
CUST_77649,4657.0,4191.3,465.7,0.1,1,1,1957.2,118,5,3,1,Persuadable
CUST_74674,2378.0,0.0,0.0,0.0,1,0,0.0,73,2,6,0,Sleeping Dog
CUST_23760,1055.0,949.5,105.5,0.1,1,1,503.6,26,0,3,1,Sure Thing
CUST_31927,2461.0,0.0,0.0,0.0,1,0,0.0,13,1,5,0,Lost Cause
CUST_96475,1689.0,1520.1,168.9,0.1,1,1,713.54,126,5,2,1,Persuadable
CUST_71367,1695.0,0.0,0.0,0.0,0,0,0.0,207,1,5,0,Lost Cause
CUST_22588,1804.0,1443.2,360.8,0.2,1,1,670.93,231,1,3,1,Persuadable
CUST_62233,6554.0,0.0,0.0,0.0,0,0,0.0,89,2,5,0,Lost Cause
CUST_54738,2459.0,0.0,0.0,0.0,1,0,0.0,190,2,3,0,Lost Cause
CUST_43397,4729.0,0.0,0.0,0.0,1,0,0.0,144,2,6,1,Lost Cause
CUST_92189,1147.0,0.0,0.0,0.0,1,0,0.0,164,0,5,1,Lost Cause
CUST_86367,2425.0,0.0,0.0,0.0,0,0,0.0,91,4,6,0,Persuadable
CUST_81260,2412.0,0.0,0.0,0.0,0,0,0.0,130,0,4,0,Lost Cause
CUST_86619,1946.0,0.0,0.0,0.0,0,0,0.0,206,2,3,1,Persuadable
CUST_29816,4909.0,0.0,0.0,0.0,1,0,0.0,70,2,3,0,Lost Cause
CUST_52240,3616.0,3254.4,361.6,0.1,1,1,1695.93,206,3,3,1,Persuadable
CUST_16276,1913.0,0.0,0.0,0.0,1,0,0.0,117,2,4,1,Lost Cause
CUST_89530,4776.0,3582.0,1194.0,0.25,1,1,1667.13,31,3,5,1,Persuadable
CUST_33499,1937.0,0.0,0.0,0.0,1,0,0.0,12,0,1,0,Lost Cause
CUST_98576,3421.0,0.0,0.0,0.0,1,0,0.0,64,2,5,1,Lost Cause
CUST_92495,1817.0,1544.45,272.55,0.15,1,1,711.52,104,3,5,0,Persuadable
CUST_81635,4731.0,0.0,0.0,0.0,0,0,0.0,229,2,5,0,Lost Cause
CUST_95112,9626.0,9626.0,0.0,0.0,0,1,5719.95,26,0,5,1,Sure Thing
CUST_45946,6359.0,0.0,0.0,0.0,1,0,0.0,203,1,1,0,Lost Cause
CUST_65204,1785.0,0.0,0.0,0.0,1,0,0.0,248,1,8,0,Sleeping Dog
CUST_61886,2609.0,2609.0,0.0,0.0,0,1,1419.48,29,1,3,1,Sure Thing
CUST_81652,6578.0,5591.3,986.7,0.15,1,1,2629.32,238,4,4,1,Persuadable
CUST_25563,2528.0,0.0,0.0,0.0,0,0,0.0,581,2,3,1,Persuadable
CUST_19847,6380.0,0.0,0.0,0.0,0,0,0.0,165,2,4,0,Lost Cause
CUST_36155,3458.0,0.0,0.0,0.0,0,0,0.0,194,1,3,0,Lost Cause
CUST_89671,2366.0,1774.5,591.5,0.25,1,1,700.37,600,1,7,1,Persuadable
CUST_93310,1219.0,0.0,0.0,0.0,0,0,0.0,121,1,4,1,Lost Cause
CUST_77278,1123.0,0.0,0.0,0.0,0,0,0.0,54,4,1,0,Persuadable
CUST_28309,1289.0,1031.2,257.8,0.2,1,1,483.87,228,1,3,1,Persuadable
CUST_10619,2551.0,0.0,0.0,0.0,0,0,0.0,124,1,5,0,Lost Cause
CUST_93194,3582.0,3044.7,537.3,0.15,1,1,1503.43,114,4,1,0,Persuadable
CUST_60108,3646.0,0.0,0.0,0.0,0,0,0.0,45,2,3,0,Lost Cause
CUST_44707,3561.0,0.0,0.0,0.0,1,0,0.0,179,1,3,1,Lost Cause
CUST_30337,1113.0,890.4,222.6,0.2,1,1,381.67,20,4,4,0,Persuadable
CUST_91537,4721.0,0.0,0.0,0.0,0,0,0.0,319,0,4,0,Lost Cause
CUST_76504,4685.0,0.0,0.0,0.0,1,0,0.0,57,1,3,0,Lost Cause
CUST_57614,1905.0,0.0,0.0,0.0,1,0,0.0,26,2,4,1,Lost Cause
CUST_10281,1328.0,0.0,0.0,0.0,1,0,0.0,80,2,3,1,Lost Cause
CUST_37420,6360.0,0.0,0.0,0.0,1,0,0.0,15,2,2,0,Lost Cause
CUST_90896,2599.0,0.0,0.0,0.0,0,0,0.0,148,1,5,1,Lost Cause
CUST_49030,6618.0,0.0,0.0,0.0,1,0,0.0,289,1,4,0,Lost Cause
CUST_11058,4940.0,4199.0,741.0,0.15,1,1,1967.33,227,0,2,1,Persuadable
CUST_96213,1129.0,846.75,282.25,0.25,1,1,311.91,26,1,7,1,Sure Thing
CUST_86260,2608.0,0.0,0.0,0.0,1,0,0.0,26,1,1,1,Sure Thing
CUST_38404,3372.0,0.0,0.0,0.0,0,0,0.0,211,3,5,0,Persuadable
CUST_39856,4865.0,0.0,0.0,0.0,1,0,0.0,319,1,4,1,Persuadable
CUST_19200,2441.0,0.0,0.0,0.0,0,0,0.0,84,2,7,1,Lost Cause
CUST_74178,2401.0,0.0,0.0,0.0,1,0,0.0,92,1,5,1,Lost Cause
CUST_43997,2649.0,2251.65,397.35,0.15,1,1,1140.89,55,1,6,1,Sure Thing
CUST_35611,3405.0,0.0,0.0,0.0,0,0,0.0,279,3,7,1,Persuadable
CUST_51235,4888.0,0.0,0.0,0.0,1,0,0.0,134,1,6,1,Lost Cause
CUST_45057,4888.0,0.0,0.0,0.0,1,0,0.0,50,0,3,0,Lost Cause
CUST_11239,1185.0,888.75,296.25,0.25,1,1,368.49,52,1,6,1,Sure Thing
CUST_75661,4678.0,4210.2,467.8,0.1,1,1,2293.96,276,4,4,1,Persuadable
CUST_55272,2606.0,0.0,0.0,0.0,0,0,0.0,11,3,3,1,Persuadable
CUST_99393,1225.0,0.0,0.0,0.0,0,0,0.0,56,1,4,0,Lost Cause
CUST_71212,1843.0,0.0,0.0,0.0,1,0,0.0,106,1,2,1,Lost Cause
CUST_25398,3371.0,0.0,0.0,0.0,0,0,0.0,29,2,1,1,Lost Cause
CUST_66503,1334.0,1334.0,0.0,0.0,0,1,778.84,21,0,2,1,Sure Thing
CUST_16638,6522.0,0.0,0.0,0.0,0,0,0.0,212,1,6,0,Sleeping Dog
CUST_16570,2608.0,0.0,0.0,0.0,1,0,0.0,279,3,2,1,Persuadable
CUST_78785,1319.0,989.25,329.75,0.25,1,1,384.16,218,0,6,1,Persuadable
CUST_19110,1730.0,0.0,0.0,0.0,1,0,0.0,284,1,3,0,Lost Cause
CUST_89141,1237.0,1113.3,123.7,0.1,1,1,536.23,106,3,1,1,Persuadable
CUST_22115,3580.0,2864.0,716.0,0.2,1,1,1257.93,210,5,6,1,Persuadable
CUST_49062,6352.0,0.0,0.0,0.0,1,0,0.0,68,2,3,1,Lost Cause
CUST_32911,1053.0,0.0,0.0,0.0,1,0,0.0,141,1,1,1,Lost Cause
CUST_42556,3421.0,0.0,0.0,0.0,0,0,0.0,549,1,4,0,Lost Cause
CUST_88131,2621.0,2227.85,393.15,0.15,1,1,1142.39,40,0,9,1,Sure Thing
CUST_11969,3422.0,3079.8,342.2,0.1,1,1,1591.34,69,3,1,1,Persuadable
CUST_53753,1236.0,1050.6,185.4,0.15,1,1,528.23,88,1,9,1,Sure Thing
CUST_92811,6585.0,0.0,0.0,0.0,0,0,0.0,27,2,5,1,Lost Cause
CUST_14470,1874.0,0.0,0.0,0.0,0,0,0.0,20,2,3,0,Lost Cause
CUST_20225,1903.0,0.0,0.0,0.0,0,0,0.0,222,1,3,1,Persuadable
CUST_33196,2599.0,0.0,0.0,0.0,0,0,0.0,461,2,2,0,Lost Cause
CUST_23669,9548.0,0.0,0.0,0.0,0,0,0.0,72,2,3,1,Lost Cause
CUST_47380,9586.0,9586.0,0.0,0.0,0,1,5528.44,21,1,7,1,Sure Thing
CUST_58320,1344.0,1142.4,201.6,0.15,1,1,553.35,18,1,2,1,Sure Thing
CUST_57414,1094.0,0.0,0.0,0.0,0,0,0.0,276,2,4,1,Persuadable
CUST_25577,1871.0,1871.0,0.0,0.0,0,1,1006.41,84,0,5,1,Sure Thing
CUST_98009,3568.0,3568.0,0.0,0.0,0,1,1905.65,56,0,3,1,Sure Thing
CUST_65409,6481.0,5184.8,1296.2,0.2,1,1,2554.37,87,1,1,1,Sure Thing
CUST_38625,2443.0,1954.4,488.6,0.2,1,1,899.21,55,0,4,1,Sure Thing
CUST_91040,2481.0,0.0,0.0,0.0,1,0,0.0,90,2,5,0,Lost Cause
CUST_34089,6645.0,0.0,0.0,0.0,0,0,0.0,245,4,3,1,Persuadable
CUST_46487,1161.0,1161.0,0.0,0.0,0,1,634.7,117,2,6,0,Sleeping Dog
CUST_75838,1100.0,990.0,110.0,0.1,1,1,468.54,152,4,4,1,Persuadable
CUST_60138,6538.0,0.0,0.0,0.0,0,0,0.0,64,2,5,1,Lost Cause
CUST_52823,4914.0,4422.6,491.4,0.1,1,1,2210.96,170,6,4,1,Persuadable
CUST_47208,6462.0,6462.0,0.0,0.0,0,1,3540.82,141,0,6,0,Sleeping Dog
CUST_64061,1820.0,0.0,0.0,0.0,0,0,0.0,25,1,1,0,Lost Cause
CUST_40659,2377.0,0.0,0.0,0.0,1,0,0.0,112,1,4,0,Lost Cause
CUST_41890,1791.0,0.0,0.0,0.0,1,0,0.0,45,4,3,1,Persuadable
CUST_89134,1216.0,0.0,0.0,0.0,1,0,0.0,205,2,7,0,Sleeping Dog
CUST_57055,1708.0,0.0,0.0,0.0,0,0,0.0,76,2,5,0,Lost Cause
CUST_29508,1652.0,0.0,0.0,0.0,1,0,0.0,600,2,4,0,Lost Cause
CUST_52287,3450.0,0.0,0.0,0.0,0,0,0.0,21,1,3,0,Lost Cause
CUST_88916,1669.0,1251.75,417.25,0.25,1,1,515.29,191,0,3,1,Persuadable
CUST_36984,2624.0,0.0,0.0,0.0,0,0,0.0,144,1,7,1,Lost Cause
CUST_18125,1242.0,993.6,248.4,0.2,1,1,437.77,185,1,2,1,Persuadable
CUST_46059,1285.0,0.0,0.0,0.0,1,0,0.0,54,2,3,1,Lost Cause
CUST_79569,1257.0,0.0,0.0,0.0,1,0,0.0,91,1,6,1,Lost Cause
CUST_27087,3427.0,2912.95,514.05,0.15,1,1,1361.53,201,4,1,1,Persuadable
CUST_15704,1094.0,0.0,0.0,0.0,1,0,0.0,41,2,5,1,Lost Cause
CUST_70576,9442.0,9442.0,0.0,0.0,0,1,5093.69,40,1,3,1,Sure Thing
CUST_83384,1155.0,0.0,0.0,0.0,1,0,0.0,106,0,7,0,Sleeping Dog
CUST_97128,2553.0,0.0,0.0,0.0,0,0,0.0,98,1,1,1,Lost Cause
CUST_82460,1875.0,1500.0,375.0,0.2,1,1,678.9,49,3,3,1,Persuadable
CUST_37208,2595.0,0.0,0.0,0.0,1,0,0.0,52,2,3,1,Lost Cause
CUST_95150,2606.0,0.0,0.0,0.0,1,0,0.0,49,2,5,1,Lost Cause
CUST_76024,1894.0,1894.0,0.0,0.0,0,1,1087.35,187,3,6,1,Persuadable
CUST_49882,4788.0,0.0,0.0,0.0,1,0,0.0,136,1,5,1,Lost Cause
CUST_35923,2606.0,2215.1,390.9,0.15,1,1,1045.08,224,4,4,1,Persuadable
CUST_39165,3415.0,0.0,0.0,0.0,0,0,0.0,454,4,4,1,Persuadable
CUST_77203,2618.0,0.0,0.0,0.0,1,0,0.0,87,2,3,0,Lost Cause
CUST_14114,4778.0,0.0,0.0,0.0,0,0,0.0,18,3,4,0,Persuadable
CUST_74965,3495.0,2796.0,699.0,0.2,1,1,1361.94,15,3,4,0,Persuadable
CUST_46321,1337.0,1136.45,200.55,0.15,1,1,537.27,52,1,4,1,Sure Thing
CUST_83297,1916.0,0.0,0.0,0.0,0,0,0.0,333,2,5,0,Lost Cause
CUST_35426,1869.0,0.0,0.0,0.0,1,0,0.0,98,0,4,0,Lost Cause
CUST_27772,1815.0,0.0,0.0,0.0,1,0,0.0,48,1,1,0,Lost Cause
CUST_13712,1851.0,0.0,0.0,0.0,0,0,0.0,71,0,2,0,Lost Cause
CUST_11367,1232.0,0.0,0.0,0.0,1,0,0.0,119,0,4,1,Lost Cause
CUST_61924,2577.0,0.0,0.0,0.0,0,0,0.0,136,2,4,0,Lost Cause
CUST_13726,1075.0,1075.0,0.0,0.0,0,1,575.68,30,1,1,1,Sure Thing
CUST_99152,1751.0,0.0,0.0,0.0,0,0,0.0,462,2,4,0,Lost Cause
CUST_37723,6546.0,0.0,0.0,0.0,1,0,0.0,104,1,2,0,Lost Cause
CUST_19108,1679.0,0.0,0.0,0.0,0,0,0.0,27,3,4,1,Persuadable
CUST_87714,6482.0,4861.5,1620.5,0.25,1,1,1780.14,278,3,3,1,Persuadable
CUST_45643,4670.0,0.0,0.0,0.0,1,0,0.0,19,2,5,1,Lost Cause
CUST_41324,1801.0,0.0,0.0,0.0,0,0,0.0,295,1,3,0,Lost Cause
CUST_93360,3351.0,2513.25,837.75,0.25,1,1,910.14,600,1,8,1,Persuadable
CUST_18927,3390.0,0.0,0.0,0.0,1,0,0.0,154,0,8,1,Lost Cause
CUST_32443,1343.0,1074.4,268.6,0.2,1,1,477.73,186,0,6,1,Persuadable
CUST_89973,1058.0,0.0,0.0,0.0,0,0,0.0,59,3,3,1,Persuadable
CUST_73449,4777.0,4060.45,716.55,0.15,1,1,1835.55,350,3,3,0,Persuadable
CUST_86743,6481.0,5832.9,648.1,0.1,1,1,2982.43,100,3,3,1,Persuadable
CUST_70233,1916.0,0.0,0.0,0.0,0,0,0.0,168,0,2,1,Lost Cause
CUST_35537,2489.0,0.0,0.0,0.0,0,0,0.0,319,2,4,1,Persuadable
CUST_87576,3581.0,0.0,0.0,0.0,1,0,0.0,453,1,4,0,Lost Cause
CUST_32612,3437.0,3437.0,0.0,0.0,0,1,1957.2,224,1,4,1,Persuadable
CUST_16471,4896.0,4406.4,489.6,0.1,1,1,2384.46,53,3,5,0,Persuadable
CUST_45631,3550.0,3017.5,532.5,0.15,1,1,1481.8,417,2,4,1,Persuadable
CUST_41348,1181.0,0.0,0.0,0.0,1,0,0.0,128,2,4,0,Lost Cause
CUST_74732,2383.0,2383.0,0.0,0.0,0,1,1253.53,330,1,6,1,Persuadable
CUST_11177,6620.0,0.0,0.0,0.0,1,0,0.0,145,2,6,0,Sleeping Dog
CUST_14760,1295.0,0.0,0.0,0.0,0,0,0.0,54,2,4,1,Lost Cause
CUST_42779,6469.0,0.0,0.0,0.0,0,0,0.0,65,0,4,0,Lost Cause
CUST_31636,4815.0,0.0,0.0,0.0,1,0,0.0,105,2,5,1,Lost Cause
CUST_91889,2424.0,0.0,0.0,0.0,0,0,0.0,197,1,5,0,Lost Cause
CUST_63551,4914.0,4176.9,737.1,0.15,1,1,1959.38,55,0,4,1,Sure Thing
CUST_21556,2592.0,0.0,0.0,0.0,1,0,0.0,114,3,4,1,Persuadable
CUST_37598,2380.0,2380.0,0.0,0.0,0,1,1332.66,60,0,3,1,Sure Thing
CUST_21563,2487.0,2487.0,0.0,0.0,0,1,1487.72,212,1,2,1,Persuadable
CUST_56819,3425.0,0.0,0.0,0.0,0,0,0.0,85,1,3,0,Lost Cause
CUST_83770,1728.0,1468.8,259.2,0.15,1,1,724.04,19,1,3,1,Sure Thing
CUST_36966,1212.0,0.0,0.0,0.0,0,0,0.0,31,4,1,0,Persuadable
CUST_91709,2477.0,2477.0,0.0,0.0,0,1,1431.45,17,1,7,1,Sure Thing
CUST_69889,4732.0,0.0,0.0,0.0,1,0,0.0,93,1,3,0,Lost Cause
CUST_36987,1866.0,0.0,0.0,0.0,0,0,0.0,23,3,4,1,Persuadable
CUST_88714,4801.0,0.0,0.0,0.0,0,0,0.0,24,2,5,1,Lost Cause
CUST_68348,1903.0,0.0,0.0,0.0,1,0,0.0,349,0,3,1,Persuadable
CUST_34596,1816.0,0.0,0.0,0.0,0,0,0.0,257,0,2,1,Persuadable
CUST_43174,1189.0,0.0,0.0,0.0,0,0,0.0,82,3,2,1,Persuadable
CUST_74106,3648.0,0.0,0.0,0.0,0,0,0.0,520,1,2,1,Persuadable
CUST_79967,1137.0,0.0,0.0,0.0,1,0,0.0,10,1,8,0,Sleeping Dog
CUST_69182,2515.0,0.0,0.0,0.0,0,0,0.0,124,0,7,1,Lost Cause
CUST_97163,1945.0,0.0,0.0,0.0,0,0,0.0,124,2,3,1,Lost Cause
CUST_49310,3536.0,0.0,0.0,0.0,1,0,0.0,83,2,5,1,Lost Cause
CUST_66088,2369.0,0.0,0.0,0.0,0,0,0.0,70,1,2,0,Lost Cause
CUST_18906,6431.0,0.0,0.0,0.0,0,0,0.0,82,3,3,0,Persuadable
CUST_46914,1676.0,1340.8,335.2,0.2,1,1,602.08,74,6,4,0,Persuadable
CUST_55379,2461.0,0.0,0.0,0.0,1,0,0.0,167,1,5,0,Lost Cause
CUST_88612,2475.0,0.0,0.0,0.0,0,0,0.0,27,3,1,0,Persuadable
CUST_47650,9415.0,7061.25,2353.75,0.25,1,1,3230.19,36,0,4,1,Sure Thing
CUST_56881,3516.0,2988.6,527.4,0.15,1,1,1404.24,33,1,4,1,Sure Thing
CUST_56413,6612.0,0.0,0.0,0.0,1,0,0.0,46,2,3,1,Lost Cause
CUST_16012,1232.0,0.0,0.0,0.0,0,0,0.0,99,0,2,0,Lost Cause
CUST_60115,4924.0,0.0,0.0,0.0,1,0,0.0,24,1,7,0,Sleeping Dog
CUST_17151,3626.0,0.0,0.0,0.0,0,0,0.0,253,2,2,0,Lost Cause
CUST_67716,1781.0,0.0,0.0,0.0,0,0,0.0,52,1,4,0,Lost Cause
CUST_46378,2574.0,2187.9,386.1,0.15,1,1,1132.82,31,1,5,1,Sure Thing
CUST_52652,4938.0,0.0,0.0,0.0,0,0,0.0,145,1,5,0,Lost Cause
CUST_82430,1675.0,1675.0,0.0,0.0,0,1,918.06,14,0,4,1,Sure Thing
CUST_23467,3635.0,0.0,0.0,0.0,1,0,0.0,126,0,3,1,Lost Cause
CUST_41010,1187.0,0.0,0.0,0.0,0,0,0.0,153,3,5,1,Persuadable
CUST_64691,2445.0,0.0,0.0,0.0,1,0,0.0,39,0,6,1,Sure Thing
CUST_74157,1106.0,995.4,110.6,0.1,1,1,495.87,15,0,7,1,Sure Thing
CUST_22289,4939.0,4445.1,493.9,0.1,1,1,2317.74,64,3,4,1,Persuadable
CUST_54976,2400.0,2040.0,360.0,0.15,1,1,1054.06,22,0,4,1,Sure Thing
CUST_53596,1922.0,0.0,0.0,0.0,1,0,0.0,24,2,3,1,Lost Cause
CUST_33171,4651.0,3488.25,1162.75,0.25,1,1,1351.08,45,4,3,1,Persuadable
CUST_96365,1911.0,0.0,0.0,0.0,1,0,0.0,52,1,2,0,Lost Cause
CUST_54139,2595.0,0.0,0.0,0.0,0,0,0.0,100,1,4,0,Lost Cause
CUST_58713,1707.0,0.0,0.0,0.0,1,0,0.0,146,3,9,1,Persuadable
CUST_39734,6551.0,0.0,0.0,0.0,0,0,0.0,117,0,8,0,Sleeping Dog
CUST_82588,4679.0,0.0,0.0,0.0,0,0,0.0,29,3,4,1,Persuadable
CUST_73646,3459.0,0.0,0.0,0.0,0,0,0.0,32,2,3,1,Lost Cause
CUST_13654,1908.0,0.0,0.0,0.0,0,0,0.0,263,2,3,0,Lost Cause
CUST_99022,1079.0,0.0,0.0,0.0,0,0,0.0,108,0,3,1,Lost Cause
CUST_28743,1886.0,0.0,0.0,0.0,0,0,0.0,254,1,6,1,Persuadable
CUST_58368,6498.0,0.0,0.0,0.0,0,0,0.0,65,4,3,1,Persuadable
CUST_84172,3353.0,0.0,0.0,0.0,1,0,0.0,124,1,7,1,Lost Cause
CUST_16441,3400.0,0.0,0.0,0.0,1,0,0.0,98,0,3,1,Lost Cause
CUST_34611,2465.0,0.0,0.0,0.0,0,0,0.0,56,2,4,1,Lost Cause
CUST_22149,2448.0,2448.0,0.0,0.0,0,1,1367.78,86,1,7,1,Sure Thing
CUST_69189,2444.0,0.0,0.0,0.0,1,0,0.0,93,1,6,0,Sleeping Dog
CUST_31675,1804.0,1443.2,360.8,0.2,1,1,597.17,36,3,3,0,Persuadable
CUST_81031,6625.0,5631.25,993.75,0.15,1,1,2817.02,55,0,3,1,Sure Thing
CUST_52668,2394.0,0.0,0.0,0.0,1,0,0.0,198,4,4,0,Persuadable
CUST_23673,6644.0,0.0,0.0,0.0,0,0,0.0,306,0,4,0,Lost Cause
CUST_86666,1705.0,0.0,0.0,0.0,1,0,0.0,63,2,4,1,Lost Cause
CUST_98204,1275.0,0.0,0.0,0.0,1,0,0.0,54,2,3,1,Lost Cause
CUST_90758,1208.0,1026.8,181.2,0.15,1,1,453.32,36,0,4,1,Sure Thing
CUST_75429,2428.0,1942.4,485.6,0.2,1,1,850.33,146,4,4,1,Persuadable
CUST_33669,3350.0,2847.5,502.5,0.15,1,1,1459.18,56,0,5,1,Sure Thing
CUST_44068,4878.0,4878.0,0.0,0.0,0,1,2834.15,538,1,7,0,Sleeping Dog
CUST_98789,2597.0,0.0,0.0,0.0,0,0,0.0,57,2,5,1,Lost Cause
CUST_19435,6576.0,6576.0,0.0,0.0,0,1,3640.77,70,0,8,0,Sleeping Dog
CUST_62249,9406.0,0.0,0.0,0.0,0,0,0.0,120,1,7,1,Lost Cause
CUST_47384,1138.0,0.0,0.0,0.0,0,0,0.0,204,1,4,0,Lost Cause
CUST_91929,2490.0,0.0,0.0,0.0,0,0,0.0,86,1,5,0,Lost Cause
CUST_86153,1893.0,0.0,0.0,0.0,0,0,0.0,75,2,2,0,Lost Cause
CUST_85388,6423.0,0.0,0.0,0.0,0,0,0.0,600,1,4,1,Persuadable
CUST_41401,2525.0,2525.0,0.0,0.0,0,1,1417.27,11,0,4,1,Sure Thing
CUST_81831,1125.0,0.0,0.0,0.0,0,0,0.0,280,0,6,1,Persuadable
CUST_44084,2623.0,2229.55,393.45,0.15,1,1,1081.64,29,4,8,1,Persuadable
CUST_65826,1214.0,971.2,242.8,0.2,1,1,449.91,194,1,5,1,Persuadable
CUST_46451,1839.0,0.0,0.0,0.0,0,0,0.0,125,1,5,1,Lost Cause
CUST_17227,4833.0,4833.0,0.0,0.0,0,1,2783.98,60,1,5,1,Sure Thing
CUST_41910,6402.0,0.0,0.0,0.0,0,0,0.0,258,1,6,1,Persuadable
CUST_46041,2435.0,0.0,0.0,0.0,0,0,0.0,11,3,2,1,Persuadable
CUST_98920,4909.0,4909.0,0.0,0.0,0,1,2910.08,40,0,4,1,Sure Thing
CUST_75681,1297.0,0.0,0.0,0.0,1,0,0.0,110,2,4,0,Lost Cause
CUST_91571,2499.0,0.0,0.0,0.0,1,0,0.0,61,2,4,0,Lost Cause
CUST_75481,1662.0,0.0,0.0,0.0,1,0,0.0,123,1,4,0,Lost Cause
CUST_78576,3413.0,2730.4,682.6,0.2,1,1,1328.76,12,3,7,0,Persuadable
CUST_74174,6588.0,0.0,0.0,0.0,0,0,0.0,24,2,4,1,Lost Cause
CUST_36160,4688.0,3516.0,1172.0,0.25,1,1,1382.7,26,1,4,1,Sure Thing
CUST_27633,4778.0,4061.3,716.7,0.15,1,1,1823.19,35,1,4,1,Sure Thing
CUST_27014,2389.0,0.0,0.0,0.0,1,0,0.0,83,1,6,1,Sure Thing
CUST_90532,3570.0,3570.0,0.0,0.0,0,1,1961.43,177,2,5,1,Lost Cause
CUST_59104,1748.0,0.0,0.0,0.0,1,0,0.0,293,3,4,0,Persuadable
CUST_51621,3481.0,0.0,0.0,0.0,0,0,0.0,226,1,6,1,Persuadable
CUST_87231,1118.0,0.0,0.0,0.0,1,0,0.0,36,2,7,1,Lost Cause
CUST_78388,1800.0,0.0,0.0,0.0,1,0,0.0,79,2,2,1,Lost Cause
CUST_26014,1341.0,1341.0,0.0,0.0,0,1,710.78,36,0,4,1,Sure Thing
CUST_43755,2422.0,0.0,0.0,0.0,0,0,0.0,46,3,5,1,Persuadable
CUST_50390,1699.0,0.0,0.0,0.0,0,0,0.0,94,0,4,0,Lost Cause
CUST_33711,1166.0,1166.0,0.0,0.0,0,1,615.54,18,1,5,1,Sure Thing
CUST_67993,1866.0,1866.0,0.0,0.0,0,1,1001.61,39,1,4,1,Sure Thing
CUST_84696,3438.0,0.0,0.0,0.0,0,0,0.0,338,1,3,1,Persuadable
CUST_37213,1806.0,0.0,0.0,0.0,1,0,0.0,85,2,2,0,Lost Cause
CUST_67784,1919.0,0.0,0.0,0.0,0,0,0.0,80,1,5,0,Lost Cause
CUST_17421,3354.0,3354.0,0.0,0.0,0,1,1832.44,11,5,3,1,Persuadable
CUST_96936,4821.0,4821.0,0.0,0.0,0,1,2848.41,44,0,5,1,Sure Thing
CUST_27727,6606.0,0.0,0.0,0.0,0,0,0.0,251,1,3,0,Lost Cause
CUST_14358,1127.0,1014.3,112.7,0.1,1,1,497.73,31,1,6,1,Sure Thing
CUST_75108,6369.0,0.0,0.0,0.0,1,0,0.0,74,1,6,0,Sleeping Dog
CUST_42117,3555.0,0.0,0.0,0.0,0,0,0.0,11,1,2,0,Lost Cause
CUST_98700,2640.0,0.0,0.0,0.0,1,0,0.0,88,2,5,1,Lost Cause
CUST_41910,1796.0,0.0,0.0,0.0,0,0,0.0,12,2,2,1,Lost Cause
CUST_65754,2350.0,2350.0,0.0,0.0,0,1,1227.03,215,1,5,1,Persuadable
CUST_72438,1304.0,1304.0,0.0,0.0,0,1,684.89,219,1,6,0,Sleeping Dog
CUST_39371,6427.0,0.0,0.0,0.0,0,0,0.0,195,4,3,0,Persuadable
CUST_61501,1937.0,0.0,0.0,0.0,1,0,0.0,49,2,4,0,Lost Cause
CUST_70946,1886.0,0.0,0.0,0.0,0,0,0.0,227,1,4,0,Lost Cause
CUST_48467,2506.0,0.0,0.0,0.0,1,0,0.0,103,1,5,1,Lost Cause
CUST_27625,6465.0,0.0,0.0,0.0,1,0,0.0,66,1,5,0,Lost Cause
CUST_43893,1073.0,0.0,0.0,0.0,0,0,0.0,127,0,2,1,Lost Cause
CUST_86329,1104.0,938.4,165.6,0.15,1,1,410.14,11,0,5,1,Sure Thing
CUST_41007,4812.0,0.0,0.0,0.0,0,0,0.0,28,3,4,1,Persuadable
CUST_49532,1138.0,0.0,0.0,0.0,1,0,0.0,172,2,5,1,Lost Cause
CUST_64253,1171.0,1171.0,0.0,0.0,0,1,666.31,43,1,4,0,Lost Cause
CUST_22323,1827.0,0.0,0.0,0.0,1,0,0.0,119,1,3,0,Lost Cause
CUST_83379,1154.0,1154.0,0.0,0.0,0,1,679.67,68,1,5,1,Sure Thing
CUST_24210,1190.0,0.0,0.0,0.0,0,0,0.0,241,3,7,0,Persuadable
CUST_26456,1081.0,0.0,0.0,0.0,0,0,0.0,375,0,6,1,Persuadable
CUST_41367,6486.0,5837.4,648.6,0.1,1,1,3000.39,268,1,5,1,Persuadable
CUST_64624,1306.0,1306.0,0.0,0.0,0,1,748.06,47,1,1,1,Sure Thing
CUST_20106,1937.0,1646.45,290.55,0.15,1,1,855.59,35,0,6,1,Sure Thing
CUST_78008,1294.0,1294.0,0.0,0.0,0,1,690.74,87,1,6,1,Sure Thing
CUST_82240,4839.0,4839.0,0.0,0.0,0,1,2673.04,10,0,4,1,Sure Thing
CUST_74315,1672.0,0.0,0.0,0.0,1,0,0.0,13,0,5,0,Lost Cause
CUST_79249,1718.0,0.0,0.0,0.0,1,0,0.0,106,0,5,1,Lost Cause
CUST_80587,4902.0,0.0,0.0,0.0,1,0,0.0,98,1,4,0,Lost Cause
CUST_20756,2490.0,0.0,0.0,0.0,0,0,0.0,600,2,2,1,Persuadable
CUST_78011,2619.0,2619.0,0.0,0.0,0,1,1493.88,37,1,7,1,Sure Thing
CUST_46378,6453.0,0.0,0.0,0.0,0,0,0.0,45,1,1,0,Lost Cause
CUST_14255,1202.0,0.0,0.0,0.0,0,0,0.0,24,1,4,0,Lost Cause
CUST_24484,6510.0,0.0,0.0,0.0,0,0,0.0,309,1,5,1,Persuadable
CUST_66549,4936.0,4195.6,740.4,0.15,1,1,2196.69,190,2,5,1,Persuadable
CUST_44503,2515.0,2263.5,251.5,0.1,1,1,1102.29,217,2,8,1,Persuadable
CUST_83794,1714.0,0.0,0.0,0.0,0,0,0.0,289,0,3,1,Persuadable
CUST_55113,3534.0,0.0,0.0,0.0,0,0,0.0,99,3,4,1,Persuadable
CUST_84069,1202.0,0.0,0.0,0.0,0,0,0.0,82,3,2,0,Persuadable
CUST_15249,1934.0,1740.6,193.4,0.1,1,1,900.44,58,0,5,1,Sure Thing
CUST_29201,4849.0,0.0,0.0,0.0,1,0,0.0,116,1,3,1,Lost Cause
CUST_68576,1926.0,1540.8,385.2,0.2,1,1,695.73,82,4,5,0,Persuadable
CUST_19686,2627.0,2627.0,0.0,0.0,0,1,1439.21,82,1,3,1,Sure Thing
CUST_63363,3358.0,3358.0,0.0,0.0,0,1,1828.76,341,1,5,1,Persuadable
CUST_10661,6587.0,5598.95,988.05,0.15,1,1,2559.83,506,1,3,1,Persuadable
CUST_54843,2586.0,2586.0,0.0,0.0,0,1,1387.64,201,1,4,1,Persuadable
CUST_70963,3498.0,0.0,0.0,0.0,1,0,0.0,179,1,8,1,Lost Cause
CUST_52828,1146.0,0.0,0.0,0.0,0,0,0.0,146,1,3,0,Lost Cause
CUST_58604,2628.0,0.0,0.0,0.0,0,0,0.0,31,2,4,1,Lost Cause
CUST_20526,2503.0,0.0,0.0,0.0,1,0,0.0,17,1,4,0,Lost Cause
CUST_78910,2524.0,0.0,0.0,0.0,1,0,0.0,150,0,4,1,Lost Cause
CUST_35592,1683.0,0.0,0.0,0.0,1,0,0.0,166,1,4,0,Lost Cause
CUST_38982,1339.0,1339.0,0.0,0.0,0,1,734.07,15,0,4,1,Sure Thing
CUST_10207,1736.0,0.0,0.0,0.0,0,0,0.0,325,0,2,0,Lost Cause
CUST_98733,1777.0,1599.3,177.7,0.1,1,1,857.53,21,3,6,0,Persuadable
CUST_78619,6431.0,5787.9,643.1,0.1,1,1,2938.32,50,1,5,1,Sure Thing
CUST_39328,2485.0,0.0,0.0,0.0,0,0,0.0,143,0,5,0,Lost Cause
CUST_56479,1925.0,1925.0,0.0,0.0,0,1,1131.8,32,1,2,0,Lost Cause
CUST_30103,4857.0,4371.3,485.7,0.1,1,1,2416.06,16,3,3,1,Persuadable
CUST_49891,1892.0,0.0,0.0,0.0,1,0,0.0,58,2,2,0,Lost Cause
CUST_20754,3449.0,0.0,0.0,0.0,0,0,0.0,184,1,4,0,Lost Cause
CUST_91437,3365.0,0.0,0.0,0.0,1,0,0.0,74,1,6,0,Sleeping Dog
CUST_82982,1097.0,0.0,0.0,0.0,1,0,0.0,137,1,8,0,Sleeping Dog
CUST_65922,1669.0,0.0,0.0,0.0,0,0,0.0,113,1,3,1,Lost Cause
CUST_58231,3360.0,0.0,0.0,0.0,0,0,0.0,12,2,6,1,Lost Cause
CUST_39301,3384.0,0.0,0.0,0.0,0,0,0.0,546,3,8,1,Persuadable
CUST_72711,1881.0,0.0,0.0,0.0,1,0,0.0,15,2,2,0,Lost Cause
CUST_51323,1732.0,1385.6,346.4,0.2,1,1,636.67,422,0,4,1,Persuadable
CUST_28752,2403.0,0.0,0.0,0.0,1,0,0.0,105,1,7,1,Lost Cause
CUST_92205,1756.0,0.0,0.0,0.0,0,0,0.0,406,0,5,0,Lost Cause
CUST_23395,1094.0,0.0,0.0,0.0,0,0,0.0,24,2,5,0,Lost Cause
CUST_95957,1943.0,0.0,0.0,0.0,0,0,0.0,90,3,7,0,Persuadable
CUST_66273,1216.0,0.0,0.0,0.0,0,0,0.0,32,0,7,0,Sleeping Dog
CUST_14895,1173.0,0.0,0.0,0.0,0,0,0.0,16,0,5,0,Lost Cause
CUST_86559,1708.0,0.0,0.0,0.0,1,0,0.0,125,1,4,0,Lost Cause
CUST_20699,2566.0,0.0,0.0,0.0,1,0,0.0,37,2,4,1,Lost Cause
CUST_75061,4893.0,0.0,0.0,0.0,1,0,0.0,116,1,3,1,Lost Cause
CUST_19715,3648.0,0.0,0.0,0.0,1,0,0.0,24,2,5,1,Lost Cause
CUST_29169,1271.0,1143.9,127.1,0.1,1,1,563.13,58,3,7,1,Persuadable
CUST_26163,1081.0,0.0,0.0,0.0,0,0,0.0,192,1,2,1,Persuadable
CUST_15782,1673.0,1422.05,250.95,0.15,1,1,709.67,78,3,4,0,Persuadable
CUST_98177,2536.0,0.0,0.0,0.0,0,0,0.0,128,0,3,0,Lost Cause
CUST_94328,1177.0,0.0,0.0,0.0,0,0,0.0,135,0,4,1,Lost Cause
CUST_45585,3643.0,0.0,0.0,0.0,1,0,0.0,232,1,6,1,Persuadable
CUST_40682,1800.0,1530.0,270.0,0.15,1,1,682.73,57,0,7,1,Sure Thing
CUST_57864,3604.0,2883.2,720.8,0.2,1,1,1265.65,149,3,3,1,Persuadable
CUST_94416,6431.0,0.0,0.0,0.0,1,0,0.0,401,2,7,0,Sleeping Dog
CUST_65114,6362.0,0.0,0.0,0.0,0,0,0.0,167,0,6,0,Sleeping Dog
CUST_48067,1751.0,0.0,0.0,0.0,0,0,0.0,90,2,5,1,Lost Cause
CUST_52685,1126.0,0.0,0.0,0.0,0,0,0.0,129,1,2,1,Lost Cause
CUST_28073,1854.0,0.0,0.0,0.0,1,0,0.0,171,0,3,0,Lost Cause
CUST_46035,2538.0,2157.3,380.7,0.15,1,1,1027.57,123,4,4,1,Persuadable
CUST_74977,4867.0,0.0,0.0,0.0,0,0,0.0,12,1,4,0,Lost Cause
CUST_93362,2392.0,2152.8,239.2,0.1,1,1,1028.53,35,1,4,1,Sure Thing
CUST_75450,1669.0,0.0,0.0,0.0,1,0,0.0,209,0,4,0,Lost Cause
CUST_20382,3517.0,0.0,0.0,0.0,0,0,0.0,48,2,4,1,Lost Cause
CUST_14437,1872.0,0.0,0.0,0.0,1,0,0.0,167,1,6,1,Lost Cause
CUST_80971,4895.0,4895.0,0.0,0.0,0,1,2632.68,65,0,4,1,Sure Thing
CUST_74612,3448.0,2930.8,517.2,0.15,1,1,1287.5,98,3,2,1,Persuadable
CUST_71929,1758.0,1406.4,351.6,0.2,1,1,680.89,18,0,4,1,Sure Thing
CUST_22329,3470.0,0.0,0.0,0.0,0,0,0.0,33,3,3,1,Persuadable
CUST_35169,9493.0,0.0,0.0,0.0,0,0,0.0,388,4,6,1,Persuadable
CUST_97468,6479.0,0.0,0.0,0.0,0,0,0.0,275,3,4,0,Persuadable
CUST_44594,2606.0,0.0,0.0,0.0,1,0,0.0,136,2,4,0,Lost Cause
CUST_86957,9503.0,0.0,0.0,0.0,0,0,0.0,83,0,7,0,Sleeping Dog
CUST_70631,1670.0,1503.0,167.0,0.1,1,1,724.24,145,3,3,1,Persuadable
CUST_55033,4873.0,0.0,0.0,0.0,1,0,0.0,125,1,2,1,Lost Cause
CUST_73133,1949.0,0.0,0.0,0.0,1,0,0.0,110,0,3,0,Lost Cause
CUST_83165,9472.0,8051.2,1420.8,0.15,1,1,4114.13,17,3,3,1,Persuadable
CUST_83861,1929.0,0.0,0.0,0.0,0,0,0.0,130,1,4,1,Lost Cause
CUST_62290,6534.0,5553.9,980.1,0.15,1,1,2458.66,185,0,3,1,Persuadable
CUST_41750,1822.0,0.0,0.0,0.0,0,0,0.0,600,4,6,1,Persuadable
CUST_50461,2488.0,0.0,0.0,0.0,0,0,0.0,11,1,6,0,Sleeping Dog
CUST_83800,1836.0,0.0,0.0,0.0,0,0,0.0,167,0,4,0,Lost Cause
CUST_88222,3580.0,0.0,0.0,0.0,0,0,0.0,111,2,4,1,Lost Cause
CUST_34226,6487.0,0.0,0.0,0.0,0,0,0.0,78,0,1,0,Lost Cause
CUST_16721,1805.0,0.0,0.0,0.0,1,0,0.0,26,2,5,1,Lost Cause
CUST_66154,6629.0,6629.0,0.0,0.0,0,1,3737.37,73,1,2,1,Sure Thing
CUST_30609,1209.0,1209.0,0.0,0.0,0,1,724.92,62,1,3,1,Sure Thing
CUST_62130,1834.0,1834.0,0.0,0.0,0,1,1048.89,53,0,4,1,Sure Thing
CUST_82909,3516.0,2637.0,879.0,0.25,1,1,1194.78,167,3,7,1,Persuadable
CUST_65249,3610.0,0.0,0.0,0.0,1,0,0.0,154,0,5,0,Lost Cause
CUST_58895,1885.0,0.0,0.0,0.0,0,0,0.0,116,1,4,1,Lost Cause
CUST_15656,6419.0,5456.15,962.85,0.15,1,1,2557.75,344,0,2,1,Persuadable
CUST_84520,1262.0,0.0,0.0,0.0,0,0,0.0,61,2,5,0,Lost Cause
CUST_73740,6575.0,5588.75,986.25,0.15,1,1,2482.83,43,1,7,1,Sure Thing
CUST_74309,1298.0,0.0,0.0,0.0,1,0,0.0,138,1,7,0,Sleeping Dog
CUST_39984,3379.0,3379.0,0.0,0.0,0,1,1886.32,36,2,7,0,Sleeping Dog
CUST_83822,3480.0,2784.0,696.0,0.2,1,1,1223.97,55,3,7,1,Persuadable
CUST_15901,1665.0,1498.5,166.5,0.1,1,1,779.96,40,1,5,1,Sure Thing
CUST_41552,4798.0,0.0,0.0,0.0,1,0,0.0,18,5,5,1,Persuadable
CUST_41055,2354.0,0.0,0.0,0.0,0,0,0.0,220,2,3,1,Persuadable
CUST_47685,2350.0,1880.0,470.0,0.2,1,1,779.4,45,1,5,1,Sure Thing
CUST_83965,3492.0,2793.6,698.4,0.2,1,1,1347.49,86,0,6,1,Sure Thing
CUST_24716,4936.0,0.0,0.0,0.0,0,0,0.0,15,2,5,0,Lost Cause
CUST_21138,1770.0,1504.5,265.5,0.15,1,1,726.56,154,3,2,0,Persuadable
CUST_45298,3380.0,3042.0,338.0,0.1,1,1,1445.21,58,4,3,0,Persuadable
CUST_61112,1893.0,0.0,0.0,0.0,0,0,0.0,173,1,3,0,Lost Cause
CUST_33429,3562.0,3562.0,0.0,0.0,0,1,2123.38,73,1,2,1,Sure Thing
CUST_60200,1213.0,1091.7,121.3,0.1,1,1,538.4,36,1,5,1,Sure Thing
CUST_81308,9412.0,0.0,0.0,0.0,0,0,0.0,96,0,4,0,Lost Cause
CUST_58244,2528.0,2528.0,0.0,0.0,0,1,1380.95,26,1,5,1,Sure Thing
CUST_27347,4662.0,4195.8,466.2,0.1,1,1,2215.79,79,3,4,1,Persuadable
CUST_26920,9575.0,0.0,0.0,0.0,0,0,0.0,55,1,4,0,Lost Cause
CUST_41822,3479.0,0.0,0.0,0.0,1,0,0.0,301,1,4,1,Persuadable
CUST_56659,2612.0,0.0,0.0,0.0,1,0,0.0,17,3,5,0,Persuadable
CUST_50108,3539.0,0.0,0.0,0.0,0,0,0.0,152,1,3,1,Lost Cause
CUST_99099,1809.0,1628.1,180.9,0.1,1,1,799.68,34,1,3,1,Sure Thing
CUST_17967,3570.0,3570.0,0.0,0.0,0,1,1988.95,56,1,4,1,Sure Thing
CUST_21871,1130.0,0.0,0.0,0.0,1,0,0.0,74,4,3,1,Persuadable
CUST_87452,2419.0,1935.2,483.8,0.2,1,1,785.32,296,4,5,1,Persuadable
CUST_84270,1760.0,1408.0,352.0,0.2,1,1,644.75,43,0,1,1,Sure Thing
CUST_43613,1177.0,0.0,0.0,0.0,1,0,0.0,21,1,2,0,Lost Cause
CUST_38179,1822.0,0.0,0.0,0.0,0,0,0.0,56,3,6,0,Persuadable
CUST_62188,3370.0,3370.0,0.0,0.0,0,1,1930.04,23,1,4,1,Sure Thing
CUST_65099,3458.0,0.0,0.0,0.0,0,0,0.0,26,1,4,0,Lost Cause
CUST_45262,2478.0,0.0,0.0,0.0,0,0,0.0,112,2,2,0,Lost Cause
CUST_88213,1076.0,1076.0,0.0,0.0,0,1,560.93,17,1,2,1,Sure Thing
CUST_28268,1141.0,1141.0,0.0,0.0,0,1,626.26,13,1,5,1,Sure Thing
CUST_87866,1245.0,0.0,0.0,0.0,1,0,0.0,160,1,5,1,Lost Cause
CUST_96269,1205.0,1205.0,0.0,0.0,0,1,707.38,63,1,8,1,Sure Thing
CUST_70545,1285.0,0.0,0.0,0.0,1,0,0.0,26,2,3,1,Lost Cause
CUST_82146,6418.0,0.0,0.0,0.0,0,0,0.0,45,2,9,1,Lost Cause
CUST_81966,9487.0,0.0,0.0,0.0,0,0,0.0,133,0,3,1,Lost Cause
CUST_49922,2457.0,2088.45,368.55,0.15,1,1,1041.98,48,1,4,1,Sure Thing
CUST_89364,2564.0,0.0,0.0,0.0,0,0,0.0,91,0,6,1,Lost Cause
CUST_52913,1858.0,0.0,0.0,0.0,0,0,0.0,25,1,4,1,Sure Thing
CUST_65677,1123.0,0.0,0.0,0.0,1,0,0.0,116,1,4,1,Lost Cause
CUST_59841,1922.0,0.0,0.0,0.0,0,0,0.0,55,2,6,1,Lost Cause
CUST_56332,3373.0,0.0,0.0,0.0,1,0,0.0,128,0,2,0,Lost Cause
CUST_35032,1732.0,0.0,0.0,0.0,0,0,0.0,208,2,3,0,Lost Cause
CUST_47846,1341.0,0.0,0.0,0.0,0,0,0.0,123,2,2,1,Lost Cause
CUST_69474,2392.0,2033.2,358.8,0.15,1,1,1020.04,52,4,4,1,Persuadable
CUST_54936,2456.0,0.0,0.0,0.0,1,0,0.0,45,2,2,1,Lost Cause
CUST_39794,2584.0,0.0,0.0,0.0,1,0,0.0,57,1,7,0,Sleeping Dog
CUST_71588,1718.0,1460.3,257.7,0.15,1,1,665.72,31,0,3,1,Sure Thing
CUST_80984,6606.0,5284.8,1321.2,0.2,1,1,2150.21,33,1,4,1,Sure Thing
CUST_60331,2534.0,0.0,0.0,0.0,0,0,0.0,197,1,7,1,Persuadable
CUST_38141,1765.0,0.0,0.0,0.0,0,0,0.0,68,1,5,0,Lost Cause
CUST_19074,1063.0,0.0,0.0,0.0,0,0,0.0,78,0,3,0,Lost Cause
CUST_16406,1742.0,0.0,0.0,0.0,0,0,0.0,118,1,3,1,Lost Cause
CUST_33291,3529.0,0.0,0.0,0.0,0,0,0.0,116,1,5,1,Lost Cause
CUST_51568,4679.0,0.0,0.0,0.0,0,0,0.0,18,4,4,1,Persuadable
CUST_56851,3460.0,0.0,0.0,0.0,0,0,0.0,223,2,3,1,Persuadable
CUST_64823,1761.0,1761.0,0.0,0.0,0,1,1026.75,33,0,4,1,Sure Thing
CUST_33312,1660.0,0.0,0.0,0.0,1,0,0.0,164,0,5,1,Lost Cause
CUST_53108,3621.0,0.0,0.0,0.0,1,0,0.0,187,2,2,1,Persuadable
CUST_76918,6507.0,0.0,0.0,0.0,0,0,0.0,160,1,2,1,Lost Cause
CUST_44171,1283.0,0.0,0.0,0.0,1,0,0.0,113,1,3,0,Lost Cause
CUST_51779,1768.0,1591.2,176.8,0.1,1,1,833.25,11,4,9,1,Persuadable
CUST_78828,2526.0,2526.0,0.0,0.0,0,1,1454.16,63,0,7,1,Sure Thing
CUST_22411,2647.0,0.0,0.0,0.0,0,0,0.0,121,3,4,0,Persuadable
CUST_67009,2498.0,2498.0,0.0,0.0,0,1,1440.46,68,0,9,1,Sure Thing
CUST_25422,1201.0,0.0,0.0,0.0,1,0,0.0,248,1,4,1,Persuadable
CUST_52468,1219.0,1219.0,0.0,0.0,0,1,719.81,54,0,5,1,Sure Thing
CUST_42371,3397.0,0.0,0.0,0.0,0,0,0.0,51,2,5,1,Lost Cause
CUST_67022,1126.0,0.0,0.0,0.0,0,0,0.0,47,2,8,0,Sleeping Dog
CUST_81229,2613.0,0.0,0.0,0.0,1,0,0.0,58,2,4,1,Lost Cause
CUST_61196,2594.0,0.0,0.0,0.0,0,0,0.0,107,3,3,0,Persuadable
CUST_90354,1911.0,1624.35,286.65,0.15,1,1,726.64,157,4,4,1,Persuadable
CUST_36715,2401.0,0.0,0.0,0.0,0,0,0.0,140,3,4,0,Persuadable
CUST_37605,6491.0,0.0,0.0,0.0,0,0,0.0,207,4,3,1,Persuadable
CUST_41174,2574.0,0.0,0.0,0.0,0,0,0.0,270,5,3,1,Persuadable
CUST_19956,1058.0,0.0,0.0,0.0,0,0,0.0,213,1,3,0,Lost Cause
CUST_86373,1213.0,0.0,0.0,0.0,0,0,0.0,12,2,3,1,Lost Cause
CUST_79252,1782.0,0.0,0.0,0.0,1,0,0.0,169,0,2,1,Lost Cause
CUST_71949,3484.0,0.0,0.0,0.0,1,0,0.0,38,0,7,0,Sleeping Dog
CUST_72646,2401.0,0.0,0.0,0.0,1,0,0.0,27,0,5,0,Lost Cause
CUST_80017,4847.0,0.0,0.0,0.0,0,0,0.0,132,0,3,1,Lost Cause
CUST_73037,2593.0,0.0,0.0,0.0,0,0,0.0,56,1,3,0,Lost Cause
CUST_99818,1663.0,1663.0,0.0,0.0,0,1,991.8,17,0,2,1,Sure Thing
CUST_16548,1860.0,0.0,0.0,0.0,0,0,0.0,27,0,5,0,Lost Cause
CUST_83294,3398.0,0.0,0.0,0.0,1,0,0.0,10,2,3,1,Lost Cause
CUST_33177,6482.0,0.0,0.0,0.0,1,0,0.0,290,2,5,0,Lost Cause
CUST_34022,4768.0,0.0,0.0,0.0,1,0,0.0,12,1,5,0,Lost Cause
CUST_15542,2530.0,0.0,0.0,0.0,0,0,0.0,38,1,7,0,Sleeping Dog
CUST_70428,4699.0,4699.0,0.0,0.0,0,1,2748.1,74,1,4,1,Sure Thing
CUST_32740,6580.0,0.0,0.0,0.0,0,0,0.0,62,2,3,1,Lost Cause
CUST_69353,4652.0,0.0,0.0,0.0,1,0,0.0,301,1,3,0,Lost Cause
CUST_66532,2522.0,2269.8,252.2,0.1,1,1,1098.11,14,1,5,1,Sure Thing
CUST_26052,1324.0,0.0,0.0,0.0,0,0,0.0,96,0,4,1,Lost Cause
CUST_57076,1868.0,0.0,0.0,0.0,1,0,0.0,146,2,5,0,Lost Cause
CUST_63420,4676.0,0.0,0.0,0.0,1,0,0.0,332,0,6,0,Sleeping Dog
CUST_10671,3501.0,0.0,0.0,0.0,1,0,0.0,126,1,8,0,Sleeping Dog
CUST_10163,2597.0,0.0,0.0,0.0,0,0,0.0,205,1,4,0,Lost Cause
CUST_51424,2371.0,1896.8,474.2,0.2,1,1,916.43,20,1,3,1,Sure Thing
CUST_63744,1750.0,1312.5,437.5,0.25,1,1,590.12,68,0,5,1,Sure Thing
CUST_80331,2437.0,2437.0,0.0,0.0,0,1,1268.62,66,1,3,1,Sure Thing
CUST_20634,6520.0,5868.0,652.0,0.1,1,1,2854.0,270,2,5,1,Persuadable
CUST_14798,9620.0,0.0,0.0,0.0,1,0,0.0,29,1,1,0,Lost Cause
CUST_32420,2604.0,2604.0,0.0,0.0,0,1,1477.81,29,4,4,0,Persuadable
CUST_39300,1717.0,1717.0,0.0,0.0,0,1,920.38,57,1,2,1,Sure Thing
CUST_99881,1154.0,980.9,173.1,0.15,1,1,492.8,16,1,4,1,Sure Thing
CUST_20749,3407.0,2895.95,511.05,0.15,1,1,1507.67,34,3,1,0,Persuadable
CUST_35121,1705.0,1278.75,426.25,0.25,1,1,463.92,413,3,4,0,Persuadable
CUST_47487,6353.0,6353.0,0.0,0.0,0,1,3430.49,77,1,5,1,Sure Thing
CUST_43361,2586.0,0.0,0.0,0.0,0,0,0.0,129,1,4,1,Lost Cause
CUST_31223,1073.0,0.0,0.0,0.0,1,0,0.0,165,0,7,1,Lost Cause
CUST_82930,3465.0,0.0,0.0,0.0,1,0,0.0,64,2,3,0,Lost Cause
CUST_24056,1818.0,0.0,0.0,0.0,1,0,0.0,29,0,6,0,Sleeping Dog
CUST_38380,4937.0,0.0,0.0,0.0,1,0,0.0,37,2,6,1,Lost Cause
CUST_36035,1947.0,0.0,0.0,0.0,1,0,0.0,55,0,3,0,Lost Cause
CUST_40620,2600.0,0.0,0.0,0.0,0,0,0.0,131,0,6,1,Lost Cause
CUST_29877,6490.0,0.0,0.0,0.0,0,0,0.0,70,2,4,1,Lost Cause
CUST_65316,1810.0,0.0,0.0,0.0,1,0,0.0,10,1,6,0,Sleeping Dog
CUST_74041,1741.0,0.0,0.0,0.0,0,0,0.0,98,2,5,1,Lost Cause
CUST_63352,4853.0,0.0,0.0,0.0,1,0,0.0,315,2,4,0,Lost Cause
CUST_40911,1103.0,882.4,220.6,0.2,1,1,436.88,210,2,3,1,Persuadable
CUST_42784,2351.0,0.0,0.0,0.0,0,0,0.0,219,3,4,1,Persuadable
CUST_13191,2473.0,0.0,0.0,0.0,1,0,0.0,200,1,4,0,Lost Cause
CUST_43160,1174.0,0.0,0.0,0.0,0,0,0.0,56,2,3,1,Lost Cause
CUST_74641,9540.0,9540.0,0.0,0.0,0,1,5066.25,183,2,6,0,Sleeping Dog
CUST_59723,2570.0,0.0,0.0,0.0,0,0,0.0,28,1,2,0,Lost Cause
CUST_13631,3523.0,0.0,0.0,0.0,0,0,0.0,138,2,2,0,Lost Cause
CUST_16172,3416.0,0.0,0.0,0.0,1,0,0.0,133,1,6,0,Sleeping Dog
CUST_52080,1727.0,0.0,0.0,0.0,0,0,0.0,13,3,3,1,Persuadable
CUST_99097,3413.0,0.0,0.0,0.0,1,0,0.0,196,2,6,0,Sleeping Dog
CUST_30281,2548.0,0.0,0.0,0.0,0,0,0.0,290,2,3,1,Persuadable
CUST_38671,2612.0,0.0,0.0,0.0,0,0,0.0,47,2,3,1,Lost Cause
CUST_61431,2513.0,0.0,0.0,0.0,0,0,0.0,210,1,3,0,Lost Cause
CUST_38602,9369.0,0.0,0.0,0.0,0,0,0.0,20,0,3,0,Lost Cause
CUST_98789,2603.0,0.0,0.0,0.0,0,0,0.0,119,1,3,0,Lost Cause
CUST_61399,6586.0,0.0,0.0,0.0,0,0,0.0,89,4,4,0,Persuadable
CUST_33472,4864.0,0.0,0.0,0.0,0,0,0.0,104,1,2,0,Lost Cause
CUST_59230,2439.0,1951.2,487.8,0.2,1,1,816.29,322,1,3,1,Persuadable
CUST_83616,1105.0,0.0,0.0,0.0,0,0,0.0,256,1,4,0,Lost Cause
CUST_17099,2389.0,2389.0,0.0,0.0,0,1,1365.94,194,0,3,1,Persuadable
CUST_35431,2597.0,0.0,0.0,0.0,0,0,0.0,48,0,2,0,Lost Cause
CUST_66492,1803.0,0.0,0.0,0.0,0,0,0.0,301,3,3,0,Persuadable
CUST_57684,4889.0,0.0,0.0,0.0,1,0,0.0,22,0,1,0,Lost Cause
CUST_40111,2359.0,0.0,0.0,0.0,1,0,0.0,240,1,8,0,Sleeping Dog
CUST_73936,6409.0,0.0,0.0,0.0,0,0,0.0,57,1,4,0,Lost Cause
CUST_32614,1122.0,0.0,0.0,0.0,1,0,0.0,16,2,1,1,Lost Cause
CUST_51991,3528.0,0.0,0.0,0.0,0,0,0.0,142,1,5,1,Lost Cause
CUST_80476,2426.0,0.0,0.0,0.0,0,0,0.0,41,2,5,0,Lost Cause
CUST_70920,2417.0,2054.45,362.55,0.15,1,1,930.07,43,1,4,1,Sure Thing
CUST_73530,3448.0,0.0,0.0,0.0,0,0,0.0,53,0,6,0,Sleeping Dog
CUST_46224,3425.0,0.0,0.0,0.0,0,0,0.0,17,0,5,0,Lost Cause
CUST_17788,2382.0,0.0,0.0,0.0,1,0,0.0,33,2,2,1,Lost Cause
CUST_38082,6375.0,0.0,0.0,0.0,0,0,0.0,10,3,7,1,Persuadable
CUST_99570,1918.0,0.0,0.0,0.0,1,0,0.0,80,2,5,1,Lost Cause
CUST_86816,2382.0,0.0,0.0,0.0,0,0,0.0,20,0,3,0,Lost Cause
CUST_93588,2611.0,0.0,0.0,0.0,1,0,0.0,147,0,4,1,Lost Cause
CUST_26531,1193.0,0.0,0.0,0.0,0,0,0.0,42,3,3,1,Persuadable
CUST_98340,1654.0,1488.6,165.4,0.1,1,1,825.65,354,3,4,1,Persuadable
CUST_54857,1774.0,0.0,0.0,0.0,0,0,0.0,255,1,6,1,Persuadable
CUST_20142,1218.0,0.0,0.0,0.0,0,0,0.0,51,2,4,1,Lost Cause
CUST_58355,6462.0,5815.8,646.2,0.1,1,1,3031.4,193,1,5,1,Persuadable
CUST_19866,1827.0,1827.0,0.0,0.0,0,1,951.55,205,1,4,1,Persuadable
CUST_80067,1848.0,0.0,0.0,0.0,0,0,0.0,527,2,4,0,Lost Cause
CUST_74027,2567.0,0.0,0.0,0.0,0,0,0.0,119,2,6,1,Lost Cause
CUST_67906,4783.0,0.0,0.0,0.0,0,0,0.0,20,4,4,0,Persuadable
CUST_38138,1929.0,0.0,0.0,0.0,0,0,0.0,134,3,4,1,Persuadable
CUST_39956,4821.0,0.0,0.0,0.0,0,0,0.0,127,2,4,1,Lost Cause
CUST_86295,4905.0,0.0,0.0,0.0,1,0,0.0,132,1,5,1,Lost Cause
CUST_15439,6469.0,0.0,0.0,0.0,0,0,0.0,54,3,5,1,Persuadable
CUST_57241,2596.0,0.0,0.0,0.0,0,0,0.0,245,0,3,1,Persuadable
CUST_52533,6416.0,0.0,0.0,0.0,0,0,0.0,394,3,3,0,Persuadable
CUST_38270,1234.0,987.2,246.8,0.2,1,1,414.98,39,1,3,1,Sure Thing
CUST_88815,2457.0,2088.45,368.55,0.15,1,1,979.6,21,0,2,1,Sure Thing
CUST_49279,6433.0,0.0,0.0,0.0,0,0,0.0,35,2,4,0,Lost Cause
CUST_33888,4756.0,0.0,0.0,0.0,1,0,0.0,216,1,4,0,Lost Cause
CUST_27630,3503.0,0.0,0.0,0.0,1,0,0.0,145,0,7,1,Lost Cause
CUST_71063,3641.0,0.0,0.0,0.0,1,0,0.0,131,0,4,0,Lost Cause
CUST_45144,2603.0,2603.0,0.0,0.0,0,1,1526.4,71,1,6,0,Sleeping Dog
CUST_62161,1349.0,0.0,0.0,0.0,0,0,0.0,113,1,2,0,Lost Cause
CUST_87360,1671.0,0.0,0.0,0.0,0,0,0.0,54,1,2,0,Lost Cause
CUST_60979,2560.0,2304.0,256.0,0.1,1,1,1248.38,87,3,4,1,Persuadable
CUST_16979,1256.0,1067.6,188.4,0.15,1,1,543.6,199,1,9,1,Persuadable
CUST_36189,3604.0,0.0,0.0,0.0,0,0,0.0,487,0,3,1,Persuadable
CUST_52600,1660.0,0.0,0.0,0.0,0,0,0.0,333,2,4,0,Lost Cause
CUST_69560,2383.0,1906.4,476.6,0.2,1,1,791.23,335,3,3,1,Persuadable
CUST_88040,2532.0,2532.0,0.0,0.0,0,1,1451.73,71,1,3,1,Sure Thing
CUST_71558,2625.0,2231.25,393.75,0.15,1,1,992.47,85,3,4,1,Persuadable
CUST_96205,1666.0,0.0,0.0,0.0,0,0,0.0,156,1,3,1,Lost Cause
CUST_16910,2603.0,1952.25,650.75,0.25,1,1,753.98,316,3,7,0,Persuadable
CUST_67713,2496.0,2496.0,0.0,0.0,0,1,1365.96,28,1,3,1,Sure Thing
CUST_56857,1146.0,0.0,0.0,0.0,0,0,0.0,53,4,5,1,Persuadable
CUST_44964,1219.0,0.0,0.0,0.0,1,0,0.0,27,2,4,1,Lost Cause
CUST_95667,1226.0,0.0,0.0,0.0,0,0,0.0,123,2,6,1,Lost Cause
CUST_35227,3444.0,2927.4,516.6,0.15,1,1,1456.53,53,3,4,0,Persuadable
CUST_15978,6584.0,5596.4,987.6,0.15,1,1,2700.21,57,1,3,1,Sure Thing
CUST_97527,1322.0,1123.7,198.3,0.15,1,1,545.04,18,1,3,1,Sure Thing
CUST_27153,2367.0,0.0,0.0,0.0,0,0,0.0,61,1,3,0,Lost Cause
CUST_69765,2469.0,0.0,0.0,0.0,1,0,0.0,248,3,4,1,Persuadable
CUST_49071,4680.0,0.0,0.0,0.0,0,0,0.0,41,1,4,0,Lost Cause
CUST_79519,1242.0,0.0,0.0,0.0,0,0,0.0,152,1,5,0,Lost Cause
CUST_19503,1340.0,0.0,0.0,0.0,0,0,0.0,129,4,3,0,Persuadable
CUST_70703,6511.0,0.0,0.0,0.0,1,0,0.0,248,1,4,0,Lost Cause
CUST_74379,4906.0,0.0,0.0,0.0,1,0,0.0,27,0,6,0,Sleeping Dog
CUST_67866,2489.0,2115.65,373.35,0.15,1,1,1005.63,465,2,4,1,Persuadable
CUST_26905,1129.0,0.0,0.0,0.0,1,0,0.0,114,2,1,0,Lost Cause
CUST_55838,4916.0,4916.0,0.0,0.0,0,1,2915.69,600,3,4,1,Persuadable
CUST_68279,1133.0,0.0,0.0,0.0,0,0,0.0,300,1,4,1,Persuadable
CUST_99489,1753.0,0.0,0.0,0.0,1,0,0.0,40,2,5,0,Lost Cause
CUST_36806,6446.0,6446.0,0.0,0.0,0,1,3373.66,16,1,6,1,Sure Thing
CUST_55000,1103.0,827.25,275.75,0.25,1,1,383.04,45,1,3,1,Sure Thing
CUST_32168,9498.0,0.0,0.0,0.0,1,0,0.0,99,1,2,1,Lost Cause
CUST_80119,1736.0,1736.0,0.0,0.0,0,1,985.04,32,1,3,1,Sure Thing
CUST_48714,1784.0,0.0,0.0,0.0,0,0,0.0,31,2,1,1,Lost Cause
CUST_64093,3430.0,0.0,0.0,0.0,0,0,0.0,84,2,4,1,Lost Cause
CUST_65419,6438.0,0.0,0.0,0.0,0,0,0.0,14,1,2,0,Lost Cause
CUST_59145,1051.0,0.0,0.0,0.0,1,0,0.0,25,2,6,1,Lost Cause
CUST_87425,2571.0,0.0,0.0,0.0,0,0,0.0,74,3,4,1,Persuadable
CUST_87811,9545.0,9545.0,0.0,0.0,0,1,5323.37,17,0,3,1,Sure Thing
CUST_12461,1223.0,1223.0,0.0,0.0,0,1,726.82,70,1,3,0,Lost Cause
CUST_24291,3544.0,3544.0,0.0,0.0,0,1,2043.47,87,0,7,1,Sure Thing
CUST_56804,3370.0,2696.0,674.0,0.2,1,1,1098.11,82,3,5,0,Persuadable
CUST_86971,2442.0,0.0,0.0,0.0,0,0,0.0,254,5,6,1,Persuadable
CUST_74946,1762.0,0.0,0.0,0.0,1,0,0.0,100,0,5,1,Lost Cause
CUST_94080,3491.0,0.0,0.0,0.0,0,0,0.0,85,2,3,1,Lost Cause
CUST_71332,1700.0,0.0,0.0,0.0,0,0,0.0,73,0,2,1,Sure Thing
CUST_87794,4919.0,3935.2,983.8,0.2,1,1,1605.78,214,3,2,1,Persuadable
CUST_40841,2535.0,0.0,0.0,0.0,0,0,0.0,280,2,2,1,Persuadable
CUST_58758,1730.0,1384.0,346.0,0.2,1,1,591.11,240,0,4,1,Persuadable
CUST_86272,1819.0,1455.2,363.8,0.2,1,1,637.33,144,3,3,1,Persuadable
CUST_47643,1910.0,1910.0,0.0,0.0,0,1,1108.61,27,0,3,1,Sure Thing
CUST_60408,1277.0,0.0,0.0,0.0,1,0,0.0,48,2,2,0,Lost Cause
CUST_53950,3470.0,0.0,0.0,0.0,1,0,0.0,15,0,4,0,Lost Cause
CUST_66849,3406.0,0.0,0.0,0.0,0,0,0.0,330,4,3,1,Persuadable
CUST_38044,2387.0,0.0,0.0,0.0,0,0,0.0,139,3,2,0,Persuadable
CUST_25997,1780.0,0.0,0.0,0.0,0,0,0.0,174,1,5,1,Lost Cause
CUST_89751,3384.0,0.0,0.0,0.0,0,0,0.0,54,1,8,0,Sleeping Dog
CUST_33911,6595.0,0.0,0.0,0.0,0,0,0.0,234,1,4,1,Persuadable
CUST_65533,1707.0,1707.0,0.0,0.0,0,1,934.46,46,0,3,0,Lost Cause
CUST_92566,3381.0,3381.0,0.0,0.0,0,1,1963.55,10,0,5,1,Sure Thing
CUST_24571,4799.0,0.0,0.0,0.0,1,0,0.0,66,2,4,0,Lost Cause
CUST_67941,6542.0,0.0,0.0,0.0,0,0,0.0,111,2,4,1,Lost Cause
CUST_68005,6626.0,0.0,0.0,0.0,1,0,0.0,88,2,3,1,Lost Cause
CUST_96250,1070.0,909.5,160.5,0.15,1,1,412.58,247,0,5,1,Persuadable
CUST_68712,2601.0,2601.0,0.0,0.0,0,1,1492.0,23,0,7,1,Sure Thing
CUST_53541,1063.0,0.0,0.0,0.0,0,0,0.0,106,1,4,1,Lost Cause
CUST_33387,3369.0,0.0,0.0,0.0,1,0,0.0,96,1,6,1,Lost Cause
CUST_58908,1251.0,1125.9,125.1,0.1,1,1,554.55,49,0,4,0,Lost Cause
CUST_95457,6401.0,5760.9,640.1,0.1,1,1,3070.37,217,4,4,0,Persuadable
CUST_23057,1856.0,0.0,0.0,0.0,1,0,0.0,177,2,2,0,Lost Cause
CUST_74028,2615.0,0.0,0.0,0.0,1,0,0.0,168,1,5,0,Lost Cause
CUST_65731,2524.0,0.0,0.0,0.0,0,0,0.0,260,1,4,1,Persuadable
CUST_34858,1068.0,0.0,0.0,0.0,1,0,0.0,163,1,8,1,Lost Cause
CUST_58689,1943.0,1748.7,194.3,0.1,1,1,842.28,41,0,5,1,Sure Thing
CUST_54638,1763.0,0.0,0.0,0.0,0,0,0.0,156,0,2,1,Lost Cause
CUST_56486,1207.0,0.0,0.0,0.0,0,0,0.0,54,0,1,0,Lost Cause
CUST_30567,1135.0,0.0,0.0,0.0,1,0,0.0,43,1,5,0,Lost Cause
CUST_39739,1891.0,1891.0,0.0,0.0,0,1,1044.34,19,0,5,1,Sure Thing
CUST_67804,4931.0,4191.35,739.65,0.15,1,1,2061.87,173,4,4,0,Persuadable
CUST_13754,1717.0,0.0,0.0,0.0,0,0,0.0,158,0,4,1,Lost Cause
CUST_37044,1096.0,0.0,0.0,0.0,1,0,0.0,42,1,5,0,Lost Cause
CUST_77260,1713.0,0.0,0.0,0.0,0,0,0.0,176,2,5,1,Lost Cause
CUST_76912,6586.0,0.0,0.0,0.0,0,0,0.0,309,2,2,1,Persuadable
CUST_18706,4788.0,0.0,0.0,0.0,0,0,0.0,23,2,4,1,Lost Cause
CUST_18894,1803.0,1352.25,450.75,0.25,1,1,548.32,41,1,2,1,Sure Thing
CUST_28037,1781.0,0.0,0.0,0.0,0,0,0.0,176,4,3,0,Persuadable
CUST_93986,6467.0,5820.3,646.7,0.1,1,1,2941.89,48,3,5,0,Persuadable
CUST_91942,1876.0,0.0,0.0,0.0,1,0,0.0,127,0,4,0,Lost Cause
CUST_61612,6528.0,0.0,0.0,0.0,1,0,0.0,20,1,3,0,Lost Cause
CUST_39725,1734.0,1734.0,0.0,0.0,0,1,943.57,82,1,4,1,Sure Thing
CUST_15926,3555.0,0.0,0.0,0.0,1,0,0.0,171,1,4,1,Lost Cause
CUST_19496,1837.0,0.0,0.0,0.0,0,0,0.0,149,4,7,0,Persuadable
CUST_66447,6571.0,5585.35,985.65,0.15,1,1,2673.19,212,0,11,1,Persuadable
CUST_39806,6361.0,6361.0,0.0,0.0,0,1,3701.65,261,4,6,1,Persuadable
CUST_98199,1204.0,1083.6,120.4,0.1,1,1,558.13,188,0,3,1,Persuadable
CUST_51321,6614.0,0.0,0.0,0.0,1,0,0.0,143,2,8,1,Lost Cause
CUST_75095,2512.0,2135.2,376.8,0.15,1,1,1063.62,13,1,4,1,Sure Thing
CUST_32656,1693.0,0.0,0.0,0.0,0,0,0.0,101,1,5,1,Lost Cause
CUST_65147,4746.0,4034.1,711.9,0.15,1,1,1911.06,14,3,5,1,Persuadable
CUST_59666,6402.0,0.0,0.0,0.0,0,0,0.0,208,1,7,1,Persuadable
CUST_92368,2360.0,0.0,0.0,0.0,1,0,0.0,56,2,6,0,Sleeping Dog
CUST_48787,3643.0,0.0,0.0,0.0,0,0,0.0,109,0,5,0,Lost Cause
CUST_72946,1074.0,912.9,161.1,0.15,1,1,430.43,49,0,4,1,Sure Thing
CUST_31727,3482.0,0.0,0.0,0.0,1,0,0.0,193,1,3,0,Lost Cause
CUST_78056,1150.0,0.0,0.0,0.0,0,0,0.0,271,4,3,1,Persuadable
CUST_13081,2626.0,2232.1,393.9,0.15,1,1,1100.31,71,4,5,1,Persuadable
CUST_44196,6418.0,0.0,0.0,0.0,1,0,0.0,248,1,3,0,Lost Cause
CUST_46735,1246.0,0.0,0.0,0.0,1,0,0.0,47,1,2,0,Lost Cause
CUST_90102,1277.0,0.0,0.0,0.0,0,0,0.0,101,1,3,1,Lost Cause
CUST_89578,3483.0,3134.7,348.3,0.1,1,1,1566.74,244,3,3,0,Persuadable
CUST_35498,9594.0,0.0,0.0,0.0,1,0,0.0,57,0,6,0,Sleeping Dog
CUST_86865,1110.0,0.0,0.0,0.0,0,0,0.0,379,0,9,1,Persuadable
CUST_41656,2557.0,0.0,0.0,0.0,1,0,0.0,25,2,5,0,Lost Cause
CUST_77695,2580.0,2580.0,0.0,0.0,0,1,1535.57,12,3,3,1,Persuadable
CUST_47900,3440.0,0.0,0.0,0.0,0,0,0.0,291,0,5,0,Lost Cause
CUST_94899,6489.0,6489.0,0.0,0.0,0,1,3866.26,18,1,2,1,Sure Thing
CUST_57701,4769.0,3815.2,953.8,0.2,1,1,1614.52,587,1,8,1,Persuadable
CUST_29033,6372.0,0.0,0.0,0.0,0,0,0.0,372,0,4,1,Persuadable
CUST_20805,3590.0,3051.5,538.5,0.15,1,1,1416.97,27,4,7,1,Persuadable
CUST_45851,4671.0,3736.8,934.2,0.2,1,1,1609.04,102,0,7,1,Lost Cause
CUST_36832,2396.0,2396.0,0.0,0.0,0,1,1282.9,34,0,7,0,Sleeping Dog
CUST_73437,3397.0,2887.45,509.55,0.15,1,1,1409.48,77,1,6,1,Sure Thing
CUST_23944,6620.0,0.0,0.0,0.0,1,0,0.0,17,0,7,0,Sleeping Dog
CUST_29873,3394.0,3394.0,0.0,0.0,0,1,1847.71,40,1,3,1,Sure Thing
CUST_50372,6581.0,5264.8,1316.2,0.2,1,1,2247.66,64,1,3,1,Sure Thing
CUST_99464,2592.0,2203.2,388.8,0.15,1,1,996.85,79,1,4,1,Sure Thing
CUST_25379,6427.0,0.0,0.0,0.0,1,0,0.0,465,1,3,0,Lost Cause
CUST_46751,1109.0,0.0,0.0,0.0,1,0,0.0,207,2,6,0,Sleeping Dog
CUST_99822,2440.0,0.0,0.0,0.0,1,0,0.0,170,2,4,1,Lost Cause
CUST_15110,2516.0,2138.6,377.4,0.15,1,1,1014.3,102,0,6,1,Lost Cause
CUST_64341,4882.0,4393.8,488.2,0.1,1,1,2262.38,229,0,3,1,Persuadable
CUST_22087,2449.0,2449.0,0.0,0.0,0,1,1404.01,59,0,4,1,Sure Thing
CUST_33762,1216.0,0.0,0.0,0.0,1,0,0.0,158,0,4,0,Lost Cause
CUST_92617,1060.0,0.0,0.0,0.0,0,0,0.0,600,4,5,1,Persuadable
CUST_19596,2475.0,0.0,0.0,0.0,0,0,0.0,55,1,4,0,Lost Cause
CUST_28313,3627.0,0.0,0.0,0.0,1,0,0.0,144,2,3,0,Lost Cause
CUST_76549,2493.0,0.0,0.0,0.0,1,0,0.0,233,1,4,0,Lost Cause
CUST_33705,1745.0,0.0,0.0,0.0,0,0,0.0,306,0,5,1,Persuadable
CUST_77364,1068.0,0.0,0.0,0.0,1,0,0.0,161,2,1,0,Lost Cause
CUST_83445,2450.0,2450.0,0.0,0.0,0,1,1411.15,50,1,2,1,Sure Thing
CUST_88645,6367.0,0.0,0.0,0.0,1,0,0.0,57,0,1,0,Lost Cause
CUST_12023,6478.0,0.0,0.0,0.0,1,0,0.0,12,2,4,0,Lost Cause
CUST_69796,6510.0,0.0,0.0,0.0,1,0,0.0,181,2,3,1,Persuadable
CUST_90073,3522.0,0.0,0.0,0.0,1,0,0.0,15,0,5,0,Lost Cause
CUST_74429,4669.0,4202.1,466.9,0.1,1,1,2001.06,249,1,4,1,Persuadable
CUST_71627,4709.0,0.0,0.0,0.0,1,0,0.0,25,2,2,1,Lost Cause
CUST_43848,2507.0,0.0,0.0,0.0,1,0,0.0,32,0,5,0,Lost Cause
CUST_47804,6555.0,6555.0,0.0,0.0,0,1,3484.45,87,1,5,1,Sure Thing
CUST_25379,2438.0,0.0,0.0,0.0,1,0,0.0,170,3,6,1,Persuadable
CUST_69664,1089.0,0.0,0.0,0.0,0,0,0.0,27,5,4,1,Persuadable
CUST_37766,2552.0,0.0,0.0,0.0,1,0,0.0,79,2,6,1,Lost Cause
CUST_78099,2592.0,2073.6,518.4,0.2,1,1,1022.71,89,0,4,1,Sure Thing
CUST_46060,6506.0,0.0,0.0,0.0,1,0,0.0,38,1,5,0,Lost Cause
CUST_79122,1069.0,1069.0,0.0,0.0,0,1,617.21,24,2,7,0,Sleeping Dog
CUST_26087,4800.0,0.0,0.0,0.0,0,0,0.0,227,2,6,1,Persuadable
CUST_58868,2462.0,1969.6,492.4,0.2,1,1,806.98,93,3,5,0,Persuadable
CUST_33225,1074.0,0.0,0.0,0.0,1,0,0.0,11,2,6,0,Sleeping Dog
CUST_16643,1938.0,1938.0,0.0,0.0,0,1,1098.49,204,3,6,1,Persuadable
CUST_46727,1152.0,0.0,0.0,0.0,0,0,0.0,484,4,4,1,Persuadable
CUST_21005,3365.0,0.0,0.0,0.0,1,0,0.0,121,2,4,0,Lost Cause
CUST_75697,6543.0,6543.0,0.0,0.0,0,1,3913.1,94,0,6,0,Sleeping Dog
CUST_26029,4681.0,3510.75,1170.25,0.25,1,1,1476.29,262,1,8,1,Persuadable
CUST_24226,1268.0,0.0,0.0,0.0,1,0,0.0,375,0,3,0,Lost Cause
CUST_73646,2452.0,0.0,0.0,0.0,0,0,0.0,178,0,2,1,Lost Cause
CUST_70603,1767.0,0.0,0.0,0.0,0,0,0.0,80,1,2,1,Sure Thing
CUST_38731,6356.0,0.0,0.0,0.0,1,0,0.0,117,2,3,1,Lost Cause
CUST_78926,1659.0,0.0,0.0,0.0,0,0,0.0,154,1,3,1,Lost Cause
CUST_15997,1691.0,0.0,0.0,0.0,0,0,0.0,35,3,6,0,Persuadable
CUST_65506,4895.0,4405.5,489.5,0.1,1,1,2215.53,81,3,9,0,Persuadable
CUST_88229,1681.0,1512.9,168.1,0.1,1,1,731.63,222,2,7,1,Persuadable
CUST_59815,2502.0,0.0,0.0,0.0,1,0,0.0,137,0,2,1,Lost Cause
CUST_52092,3595.0,2876.0,719.0,0.2,1,1,1287.92,73,3,6,0,Persuadable
CUST_72539,1910.0,0.0,0.0,0.0,0,0,0.0,140,1,2,0,Lost Cause
CUST_76077,1313.0,1116.05,196.95,0.15,1,1,545.48,25,3,6,1,Persuadable
CUST_31817,1851.0,1665.9,185.1,0.1,1,1,803.21,71,3,3,0,Persuadable
CUST_47861,1809.0,0.0,0.0,0.0,0,0,0.0,199,2,2,0,Lost Cause
CUST_23428,2497.0,2497.0,0.0,0.0,0,1,1377.48,39,1,6,1,Sure Thing
CUST_53934,3427.0,0.0,0.0,0.0,0,0,0.0,34,2,9,0,Sleeping Dog
CUST_20258,1701.0,0.0,0.0,0.0,0,0,0.0,371,0,4,0,Lost Cause
CUST_67775,1270.0,0.0,0.0,0.0,0,0,0.0,38,3,3,1,Persuadable
CUST_91580,1937.0,1937.0,0.0,0.0,0,1,1060.99,46,1,8,1,Sure Thing
CUST_15469,1246.0,0.0,0.0,0.0,1,0,0.0,429,1,4,0,Lost Cause
CUST_38854,9381.0,0.0,0.0,0.0,1,0,0.0,169,1,2,1,Lost Cause
CUST_16256,1780.0,0.0,0.0,0.0,0,0,0.0,154,5,6,1,Persuadable
CUST_86256,2362.0,1889.6,472.4,0.2,1,1,769.49,240,2,3,1,Persuadable
CUST_43937,1663.0,0.0,0.0,0.0,1,0,0.0,24,0,1,0,Lost Cause
CUST_11651,1156.0,0.0,0.0,0.0,0,0,0.0,156,2,3,0,Lost Cause
CUST_60288,1681.0,0.0,0.0,0.0,1,0,0.0,94,1,5,1,Lost Cause
CUST_94730,6430.0,5144.0,1286.0,0.2,1,1,2070.72,222,1,3,1,Persuadable
CUST_35051,2539.0,2158.15,380.85,0.15,1,1,1053.15,95,4,5,1,Persuadable
CUST_37386,1948.0,1655.8,292.2,0.15,1,1,833.73,126,4,4,1,Persuadable
CUST_85054,6605.0,6605.0,0.0,0.0,0,1,3906.2,87,1,5,1,Sure Thing
CUST_26184,1262.0,0.0,0.0,0.0,0,0,0.0,88,3,3,0,Persuadable
CUST_43787,3362.0,0.0,0.0,0.0,0,0,0.0,185,4,4,1,Persuadable
CUST_31621,1092.0,928.2,163.8,0.15,1,1,421.06,128,3,3,1,Persuadable
CUST_85564,4693.0,0.0,0.0,0.0,0,0,0.0,130,1,3,1,Lost Cause
CUST_87984,1872.0,1872.0,0.0,0.0,0,1,1042.74,81,1,6,0,Sleeping Dog
CUST_69792,3426.0,0.0,0.0,0.0,1,0,0.0,100,2,3,1,Lost Cause
CUST_55253,3645.0,0.0,0.0,0.0,1,0,0.0,174,0,6,1,Lost Cause
CUST_44051,1220.0,0.0,0.0,0.0,0,0,0.0,219,1,3,0,Lost Cause
CUST_59811,1242.0,0.0,0.0,0.0,0,0,0.0,153,1,3,1,Lost Cause
CUST_40447,1690.0,0.0,0.0,0.0,0,0,0.0,319,4,3,1,Persuadable
CUST_93930,9565.0,7652.0,1913.0,0.2,1,1,3654.95,215,1,2,1,Persuadable
CUST_40254,1762.0,0.0,0.0,0.0,1,0,0.0,109,1,4,0,Lost Cause
CUST_94045,9459.0,9459.0,0.0,0.0,0,1,5510.07,143,1,6,0,Sleeping Dog
CUST_67418,1189.0,1070.1,118.9,0.1,1,1,503.08,322,1,9,1,Persuadable
CUST_24472,1124.0,0.0,0.0,0.0,1,0,0.0,125,3,3,1,Persuadable
CUST_13471,1861.0,1674.9,186.1,0.1,1,1,860.97,219,1,4,1,Persuadable
CUST_18329,6611.0,5619.35,991.65,0.15,1,1,2886.7,150,4,1,1,Persuadable
CUST_44865,1787.0,0.0,0.0,0.0,1,0,0.0,106,0,4,0,Lost Cause
CUST_56850,4707.0,0.0,0.0,0.0,0,0,0.0,43,4,2,1,Persuadable
CUST_64220,6555.0,6555.0,0.0,0.0,0,1,3879.8,76,0,2,1,Sure Thing
CUST_16397,1756.0,1317.0,439.0,0.25,1,1,488.82,422,0,3,1,Persuadable
CUST_45525,2528.0,0.0,0.0,0.0,1,0,0.0,138,0,4,1,Lost Cause
CUST_63072,3488.0,0.0,0.0,0.0,0,0,0.0,109,1,6,1,Lost Cause
CUST_93820,2599.0,2209.15,389.85,0.15,1,1,1068.66,334,2,3,1,Persuadable
CUST_94530,1185.0,0.0,0.0,0.0,0,0,0.0,115,0,5,0,Lost Cause
CUST_33284,4687.0,0.0,0.0,0.0,1,0,0.0,99,0,2,0,Lost Cause
CUST_71330,3628.0,0.0,0.0,0.0,0,0,0.0,180,2,2,0,Lost Cause
CUST_93369,1714.0,0.0,0.0,0.0,1,0,0.0,159,3,5,1,Persuadable
CUST_35122,9523.0,0.0,0.0,0.0,0,0,0.0,35,3,1,0,Persuadable
CUST_80553,1309.0,0.0,0.0,0.0,0,0,0.0,86,5,5,1,Persuadable
CUST_91906,1128.0,1128.0,0.0,0.0,0,1,628.55,86,0,7,1,Sure Thing
CUST_72812,3352.0,3352.0,0.0,0.0,0,1,1753.67,67,1,7,1,Sure Thing
CUST_17999,4830.0,4830.0,0.0,0.0,0,1,2796.6,97,1,8,0,Sleeping Dog
CUST_32436,1656.0,1656.0,0.0,0.0,0,1,922.5,73,0,3,1,Sure Thing
CUST_52963,2562.0,2562.0,0.0,0.0,0,1,1477.55,36,1,5,1,Sure Thing
CUST_12096,3600.0,3600.0,0.0,0.0,0,1,1895.19,73,0,2,1,Sure Thing
CUST_35279,4692.0,3753.6,938.4,0.2,1,1,1505.21,19,1,5,1,Sure Thing
CUST_36201,1067.0,960.3,106.7,0.1,1,1,504.58,112,0,3,1,Lost Cause
CUST_29715,3422.0,2737.6,684.4,0.2,1,1,1250.76,240,3,5,1,Persuadable
CUST_39309,1311.0,0.0,0.0,0.0,1,0,0.0,165,2,8,1,Lost Cause
CUST_25078,1178.0,1178.0,0.0,0.0,0,1,613.02,63,0,6,1,Sure Thing
CUST_66614,1839.0,1655.1,183.9,0.1,1,1,789.53,20,0,4,1,Sure Thing
CUST_15105,9444.0,0.0,0.0,0.0,0,0,0.0,37,4,2,1,Persuadable
CUST_12839,6649.0,0.0,0.0,0.0,0,0,0.0,104,2,3,1,Lost Cause
CUST_78920,4691.0,0.0,0.0,0.0,0,0,0.0,37,2,5,1,Lost Cause
CUST_53619,2426.0,0.0,0.0,0.0,0,0,0.0,104,2,3,1,Lost Cause
CUST_52821,1274.0,0.0,0.0,0.0,1,0,0.0,41,0,3,0,Lost Cause
CUST_23493,2554.0,0.0,0.0,0.0,0,0,0.0,236,3,1,1,Persuadable
CUST_27069,4725.0,4252.5,472.5,0.1,1,1,2001.29,70,0,3,1,Sure Thing
CUST_17531,6434.0,0.0,0.0,0.0,0,0,0.0,43,2,3,1,Lost Cause
CUST_47051,1281.0,0.0,0.0,0.0,1,0,0.0,210,3,5,0,Persuadable
CUST_17736,3479.0,2957.15,521.85,0.15,1,1,1499.39,60,0,9,1,Sure Thing
CUST_17710,3378.0,3378.0,0.0,0.0,0,1,1757.7,24,3,4,1,Persuadable
CUST_77155,9356.0,0.0,0.0,0.0,0,0,0.0,111,0,3,1,Lost Cause
CUST_23975,3464.0,2944.4,519.6,0.15,1,1,1482.07,114,3,5,1,Persuadable
CUST_72424,1264.0,1264.0,0.0,0.0,0,1,754.03,160,4,3,1,Persuadable
CUST_55603,3570.0,3034.5,535.5,0.15,1,1,1372.15,42,0,3,1,Sure Thing
CUST_33252,6561.0,5904.9,656.1,0.1,1,1,2838.98,80,0,5,1,Sure Thing
CUST_90797,1179.0,1179.0,0.0,0.0,0,1,627.49,49,3,3,0,Persuadable
CUST_11431,1103.0,0.0,0.0,0.0,0,0,0.0,20,2,6,1,Lost Cause
CUST_84603,1938.0,1938.0,0.0,0.0,0,1,1142.22,261,2,4,1,Persuadable
CUST_47481,2396.0,0.0,0.0,0.0,0,0,0.0,166,2,5,0,Lost Cause
CUST_19557,1766.0,0.0,0.0,0.0,0,0,0.0,53,2,7,1,Lost Cause
CUST_84971,1690.0,0.0,0.0,0.0,1,0,0.0,119,2,5,0,Lost Cause
CUST_10162,3438.0,3094.2,343.8,0.1,1,1,1651.2,36,1,3,1,Sure Thing
CUST_44742,4730.0,3784.0,946.0,0.2,1,1,1527.47,275,2,5,1,Persuadable
CUST_29675,1749.0,1749.0,0.0,0.0,0,1,1000.94,24,1,5,1,Sure Thing
CUST_83997,1172.0,1054.8,117.2,0.1,1,1,542.25,10,1,2,1,Sure Thing
CUST_27015,4672.0,0.0,0.0,0.0,1,0,0.0,93,0,4,1,Lost Cause
CUST_60057,2607.0,0.0,0.0,0.0,0,0,0.0,114,2,5,1,Lost Cause
CUST_42591,1835.0,0.0,0.0,0.0,1,0,0.0,113,0,2,1,Lost Cause
CUST_19833,1074.0,1074.0,0.0,0.0,0,1,592.32,16,0,3,1,Sure Thing
CUST_17896,2522.0,2143.7,378.3,0.15,1,1,957.89,55,3,6,0,Persuadable
CUST_42972,1937.0,0.0,0.0,0.0,0,0,0.0,92,4,2,1,Persuadable
CUST_59733,2630.0,2104.0,526.0,0.2,1,1,856.16,39,0,5,0,Lost Cause
CUST_51800,3580.0,3043.0,537.0,0.15,1,1,1531.18,257,3,6,1,Persuadable
CUST_15347,1307.0,0.0,0.0,0.0,0,0,0.0,20,1,4,0,Lost Cause
CUST_69063,2549.0,2549.0,0.0,0.0,0,1,1461.45,90,1,6,0,Sleeping Dog
CUST_12643,6424.0,0.0,0.0,0.0,1,0,0.0,151,0,2,0,Lost Cause
CUST_50785,1734.0,0.0,0.0,0.0,1,0,0.0,46,1,5,0,Lost Cause
CUST_28681,3369.0,0.0,0.0,0.0,1,0,0.0,127,0,5,1,Lost Cause
CUST_60026,6356.0,0.0,0.0,0.0,1,0,0.0,222,0,5,1,Persuadable
CUST_25892,2435.0,2069.75,365.25,0.15,1,1,1020.53,35,0,3,1,Sure Thing
CUST_57299,1796.0,1796.0,0.0,0.0,0,1,1003.97,308,0,6,0,Sleeping Dog
CUST_27073,4836.0,0.0,0.0,0.0,1,0,0.0,106,2,5,0,Lost Cause
CUST_40682,3542.0,0.0,0.0,0.0,1,0,0.0,52,2,4,1,Lost Cause
CUST_24289,1237.0,0.0,0.0,0.0,0,0,0.0,77,1,12,0,Sleeping Dog
CUST_17927,9498.0,8548.2,949.8,0.1,1,1,4416.45,54,3,2,1,Persuadable
CUST_58330,1879.0,0.0,0.0,0.0,0,0,0.0,164,2,2,1,Lost Cause
CUST_76707,1209.0,0.0,0.0,0.0,0,0,0.0,200,2,5,1,Persuadable
CUST_87454,4832.0,0.0,0.0,0.0,1,0,0.0,224,0,5,0,Lost Cause
CUST_75428,2384.0,0.0,0.0,0.0,1,0,0.0,520,1,5,0,Lost Cause
CUST_60601,2476.0,0.0,0.0,0.0,1,0,0.0,198,0,2,1,Persuadable
CUST_87465,2593.0,0.0,0.0,0.0,0,0,0.0,120,1,4,1,Lost Cause
CUST_12539,2420.0,0.0,0.0,0.0,0,0,0.0,59,3,4,1,Persuadable
CUST_32669,2649.0,0.0,0.0,0.0,0,0,0.0,104,2,5,1,Lost Cause
CUST_80968,3393.0,0.0,0.0,0.0,0,0,0.0,15,2,3,1,Lost Cause
CUST_30644,1877.0,0.0,0.0,0.0,0,0,0.0,173,1,5,1,Lost Cause
CUST_28745,1893.0,0.0,0.0,0.0,0,0,0.0,80,0,5,0,Lost Cause
CUST_38228,6541.0,5559.85,981.15,0.15,1,1,2790.08,12,0,2,1,Sure Thing
CUST_44521,3624.0,0.0,0.0,0.0,1,0,0.0,17,2,4,0,Lost Cause
CUST_36928,1088.0,979.2,108.8,0.1,1,1,494.53,68,6,6,1,Persuadable
CUST_28322,1674.0,0.0,0.0,0.0,0,0,0.0,115,1,2,1,Lost Cause
CUST_67714,1866.0,0.0,0.0,0.0,1,0,0.0,84,2,5,1,Lost Cause
CUST_97896,2616.0,0.0,0.0,0.0,0,0,0.0,125,2,3,0,Lost Cause
CUST_72292,2515.0,2515.0,0.0,0.0,0,1,1337.11,88,1,4,1,Sure Thing
CUST_39055,1896.0,0.0,0.0,0.0,1,0,0.0,140,1,2,1,Lost Cause
CUST_52891,1658.0,1658.0,0.0,0.0,0,1,926.68,39,1,5,1,Sure Thing
CUST_91912,3625.0,3262.5,362.5,0.1,1,1,1677.11,24,1,4,1,Sure Thing
CUST_16588,2499.0,0.0,0.0,0.0,1,0,0.0,118,2,4,0,Lost Cause
CUST_16304,4709.0,4709.0,0.0,0.0,0,1,2488.1,89,1,3,1,Sure Thing
CUST_17345,2522.0,2522.0,0.0,0.0,0,1,1407.15,13,1,4,1,Sure Thing
CUST_39300,4822.0,0.0,0.0,0.0,1,0,0.0,67,0,4,0,Lost Cause
CUST_34259,2443.0,0.0,0.0,0.0,1,0,0.0,23,2,9,0,Sleeping Dog
CUST_98553,2412.0,0.0,0.0,0.0,1,0,0.0,100,2,4,1,Lost Cause
CUST_25352,2357.0,1767.75,589.25,0.25,1,1,773.26,70,0,1,1,Sure Thing
CUST_43365,3558.0,0.0,0.0,0.0,0,0,0.0,123,1,3,0,Lost Cause
CUST_29446,2556.0,2300.4,255.6,0.1,1,1,1248.12,206,4,2,1,Persuadable
CUST_12336,3510.0,3510.0,0.0,0.0,0,1,1924.71,52,1,6,1,Sure Thing
CUST_72032,6600.0,0.0,0.0,0.0,0,0,0.0,402,1,4,1,Persuadable
CUST_85415,6513.0,0.0,0.0,0.0,1,0,0.0,102,1,3,1,Lost Cause
CUST_17521,1656.0,1490.4,165.6,0.1,1,1,767.37,125,3,5,1,Persuadable
CUST_81707,1657.0,0.0,0.0,0.0,0,0,0.0,146,2,5,0,Lost Cause
CUST_33481,1085.0,922.25,162.75,0.15,1,1,460.24,141,2,3,1,Lost Cause
CUST_28474,1128.0,0.0,0.0,0.0,0,0,0.0,95,1,8,1,Lost Cause
CUST_56760,4870.0,0.0,0.0,0.0,1,0,0.0,77,0,1,1,Sure Thing
CUST_65718,1136.0,0.0,0.0,0.0,1,0,0.0,16,0,3,0,Lost Cause
CUST_54629,1819.0,1455.2,363.8,0.2,1,1,674.99,12,1,5,1,Sure Thing
CUST_55232,1667.0,1333.6,333.4,0.2,1,1,574.16,63,1,7,1,Sure Thing
CUST_96544,1711.0,0.0,0.0,0.0,0,0,0.0,58,1,4,0,Lost Cause
CUST_77169,3528.0,0.0,0.0,0.0,0,0,0.0,68,3,1,0,Persuadable
CUST_60669,1709.0,0.0,0.0,0.0,1,0,0.0,27,2,3,0,Lost Cause
CUST_88021,1705.0,0.0,0.0,0.0,1,0,0.0,170,4,2,1,Persuadable
CUST_79184,1252.0,1126.8,125.2,0.1,1,1,541.7,243,1,4,1,Persuadable
CUST_57945,1666.0,0.0,0.0,0.0,1,0,0.0,345,1,4,0,Lost Cause
CUST_23140,1742.0,0.0,0.0,0.0,0,0,0.0,91,7,4,0,Persuadable
CUST_93457,9533.0,0.0,0.0,0.0,0,0,0.0,154,0,5,1,Lost Cause
CUST_24357,1800.0,0.0,0.0,0.0,1,0,0.0,242,8,7,0,Persuadable
CUST_78673,1768.0,0.0,0.0,0.0,0,0,0.0,75,3,3,1,Persuadable
CUST_75633,6483.0,6483.0,0.0,0.0,0,1,3799.9,54,0,2,1,Sure Thing
CUST_86943,2556.0,0.0,0.0,0.0,1,0,0.0,341,0,2,1,Persuadable
CUST_88258,2539.0,0.0,0.0,0.0,0,0,0.0,97,2,4,1,Lost Cause
CUST_22924,3425.0,0.0,0.0,0.0,1,0,0.0,92,0,3,0,Lost Cause
CUST_79286,1143.0,0.0,0.0,0.0,0,0,0.0,33,1,3,0,Lost Cause
CUST_84071,1827.0,1644.3,182.7,0.1,1,1,808.97,23,1,7,1,Sure Thing
CUST_67326,4725.0,4016.25,708.75,0.15,1,1,1760.77,231,1,7,1,Persuadable
CUST_40651,1236.0,0.0,0.0,0.0,0,0,0.0,124,1,4,1,Lost Cause
CUST_80202,4924.0,4924.0,0.0,0.0,0,1,2709.44,57,1,8,0,Sleeping Dog
CUST_58777,6376.0,6376.0,0.0,0.0,0,1,3340.04,35,0,3,1,Sure Thing
CUST_26994,1067.0,0.0,0.0,0.0,1,0,0.0,107,1,8,1,Lost Cause
CUST_77263,1187.0,0.0,0.0,0.0,0,0,0.0,115,0,5,1,Lost Cause
CUST_69634,2606.0,0.0,0.0,0.0,1,0,0.0,37,2,3,1,Lost Cause
CUST_20800,1305.0,0.0,0.0,0.0,0,0,0.0,238,1,1,0,Lost Cause
CUST_47823,3364.0,3364.0,0.0,0.0,0,1,1970.58,20,1,8,1,Sure Thing
CUST_73878,1909.0,1622.65,286.35,0.15,1,1,721.0,62,1,8,1,Sure Thing
CUST_28708,1143.0,0.0,0.0,0.0,1,0,0.0,146,2,3,1,Lost Cause
CUST_22819,2377.0,2377.0,0.0,0.0,0,1,1396.81,48,1,3,1,Sure Thing
CUST_84905,2424.0,0.0,0.0,0.0,0,0,0.0,221,2,4,1,Persuadable
CUST_73870,6396.0,0.0,0.0,0.0,0,0,0.0,171,1,5,1,Lost Cause
CUST_19283,1167.0,0.0,0.0,0.0,1,0,0.0,196,2,9,1,Persuadable
CUST_40573,2639.0,0.0,0.0,0.0,0,0,0.0,25,3,4,0,Persuadable
CUST_88707,1231.0,1231.0,0.0,0.0,0,1,709.37,28,1,5,1,Sure Thing
CUST_40933,2450.0,0.0,0.0,0.0,0,0,0.0,50,2,6,1,Lost Cause
CUST_15774,4762.0,4762.0,0.0,0.0,0,1,2837.07,97,0,6,0,Sleeping Dog
CUST_82055,1197.0,897.75,299.25,0.25,1,1,323.73,175,3,4,1,Persuadable
CUST_20983,2645.0,2645.0,0.0,0.0,0,1,1443.43,227,2,8,0,Sleeping Dog
CUST_28133,1718.0,0.0,0.0,0.0,0,0,0.0,156,0,3,0,Lost Cause
CUST_24939,2373.0,1779.75,593.25,0.25,1,1,801.61,326,5,6,1,Persuadable
CUST_10781,3535.0,3004.75,530.25,0.15,1,1,1530.63,171,3,6,1,Persuadable
CUST_66700,1681.0,0.0,0.0,0.0,0,0,0.0,53,2,1,1,Lost Cause
CUST_37624,9525.0,0.0,0.0,0.0,1,0,0.0,46,2,4,0,Lost Cause
CUST_16823,1226.0,0.0,0.0,0.0,1,0,0.0,152,2,4,0,Lost Cause
CUST_28489,4660.0,0.0,0.0,0.0,0,0,0.0,35,3,5,1,Persuadable
CUST_49961,1796.0,1347.0,449.0,0.25,1,1,521.91,21,1,3,1,Sure Thing
CUST_39118,2544.0,2162.4,381.6,0.15,1,1,1041.62,101,1,4,0,Lost Cause
CUST_91816,2425.0,0.0,0.0,0.0,0,0,0.0,216,1,3,1,Persuadable
CUST_32263,4749.0,4036.65,712.35,0.15,1,1,1787.74,22,3,8,1,Persuadable
CUST_23565,4732.0,0.0,0.0,0.0,0,0,0.0,198,1,3,1,Persuadable
CUST_30354,1781.0,1513.85,267.15,0.15,1,1,729.48,210,4,2,1,Persuadable
CUST_52951,1180.0,0.0,0.0,0.0,0,0,0.0,88,0,4,0,Lost Cause
CUST_33648,6507.0,5856.3,650.7,0.1,1,1,2848.88,17,1,2,1,Sure Thing
CUST_60729,3383.0,2875.55,507.45,0.15,1,1,1509.46,33,4,3,1,Persuadable
CUST_51971,4947.0,0.0,0.0,0.0,0,0,0.0,157,1,3,0,Lost Cause
CUST_28658,6645.0,5316.0,1329.0,0.2,1,1,2526.59,159,1,7,1,Lost Cause
CUST_31253,1106.0,1106.0,0.0,0.0,0,1,626.97,284,2,10,0,Sleeping Dog
CUST_74166,6556.0,0.0,0.0,0.0,0,0,0.0,114,0,3,1,Lost Cause
CUST_58563,3640.0,0.0,0.0,0.0,0,0,0.0,25,0,2,0,Lost Cause
CUST_36390,3351.0,3015.9,335.1,0.1,1,1,1425.03,25,0,2,1,Sure Thing
CUST_98664,2614.0,0.0,0.0,0.0,0,0,0.0,163,0,4,1,Lost Cause
CUST_61578,1716.0,0.0,0.0,0.0,1,0,0.0,34,3,6,0,Persuadable
CUST_89025,4943.0,4448.7,494.3,0.1,1,1,2358.93,57,0,4,1,Sure Thing
CUST_42658,6430.0,5465.5,964.5,0.15,1,1,2711.17,90,5,5,1,Persuadable
CUST_16852,2646.0,2646.0,0.0,0.0,0,1,1470.8,13,1,8,1,Sure Thing
CUST_12551,3610.0,3610.0,0.0,0.0,0,1,2120.8,44,0,7,1,Sure Thing
CUST_81947,3481.0,0.0,0.0,0.0,1,0,0.0,72,0,6,0,Sleeping Dog
CUST_71001,1117.0,0.0,0.0,0.0,0,0,0.0,49,2,6,0,Sleeping Dog
CUST_59159,1220.0,0.0,0.0,0.0,0,0,0.0,27,3,7,0,Persuadable
CUST_61707,1078.0,0.0,0.0,0.0,1,0,0.0,166,2,8,1,Lost Cause
CUST_43243,1941.0,1941.0,0.0,0.0,0,1,1030.61,211,2,9,0,Sleeping Dog
CUST_31800,4754.0,4040.9,713.1,0.15,1,1,2005.22,45,1,5,1,Sure Thing
CUST_85939,1875.0,0.0,0.0,0.0,0,0,0.0,188,1,4,0,Lost Cause
CUST_67828,3611.0,0.0,0.0,0.0,0,0,0.0,68,4,2,1,Persuadable
CUST_17239,2641.0,0.0,0.0,0.0,1,0,0.0,94,2,2,0,Lost Cause
CUST_16710,1885.0,0.0,0.0,0.0,0,0,0.0,242,5,7,0,Persuadable
CUST_31384,9418.0,0.0,0.0,0.0,1,0,0.0,176,1,4,0,Lost Cause
CUST_31038,1886.0,0.0,0.0,0.0,0,0,0.0,206,1,4,1,Persuadable
CUST_50846,1668.0,1251.0,417.0,0.25,1,1,554.86,27,1,4,1,Sure Thing
CUST_97983,2578.0,0.0,0.0,0.0,0,0,0.0,18,5,3,0,Persuadable
CUST_77821,3476.0,0.0,0.0,0.0,0,0,0.0,278,1,5,1,Persuadable
CUST_47991,2463.0,2463.0,0.0,0.0,0,1,1287.02,68,2,5,1,Lost Cause
CUST_89057,1690.0,1521.0,169.0,0.1,1,1,715.41,50,0,3,1,Sure Thing
CUST_16971,1126.0,0.0,0.0,0.0,0,0,0.0,164,1,3,1,Lost Cause
CUST_39139,4759.0,0.0,0.0,0.0,1,0,0.0,227,2,5,0,Lost Cause
CUST_95445,3516.0,0.0,0.0,0.0,1,0,0.0,248,1,4,0,Lost Cause
CUST_87067,6479.0,0.0,0.0,0.0,1,0,0.0,55,0,5,0,Lost Cause
CUST_90257,1910.0,0.0,0.0,0.0,0,0,0.0,239,2,6,1,Persuadable
CUST_94742,1745.0,1570.5,174.5,0.1,1,1,784.52,15,0,5,1,Sure Thing
CUST_47711,4689.0,4689.0,0.0,0.0,0,1,2750.71,16,1,1,1,Sure Thing
CUST_16530,1191.0,0.0,0.0,0.0,0,0,0.0,127,1,4,0,Lost Cause
CUST_21116,3540.0,0.0,0.0,0.0,0,0,0.0,17,0,5,0,Lost Cause
CUST_75794,1195.0,1075.5,119.5,0.1,1,1,574.32,57,0,3,1,Sure Thing
CUST_10282,1178.0,0.0,0.0,0.0,0,0,0.0,144,4,4,1,Persuadable
CUST_89473,1103.0,0.0,0.0,0.0,1,0,0.0,59,2,6,1,Lost Cause
CUST_11898,3516.0,0.0,0.0,0.0,0,0,0.0,33,2,3,0,Lost Cause
CUST_14135,1192.0,0.0,0.0,0.0,0,0,0.0,49,3,5,1,Persuadable
CUST_16629,4948.0,0.0,0.0,0.0,0,0,0.0,83,0,2,0,Lost Cause
CUST_95120,1764.0,1764.0,0.0,0.0,0,1,954.42,87,1,7,1,Sure Thing
CUST_99087,3626.0,0.0,0.0,0.0,1,0,0.0,193,1,2,0,Lost Cause
CUST_75031,2613.0,0.0,0.0,0.0,1,0,0.0,176,2,6,1,Lost Cause
CUST_43380,1304.0,1043.2,260.8,0.2,1,1,458.56,83,1,4,1,Sure Thing
CUST_27071,4707.0,4236.3,470.7,0.1,1,1,2167.47,234,1,3,1,Persuadable
CUST_30074,1160.0,1160.0,0.0,0.0,0,1,637.07,24,1,2,1,Sure Thing
CUST_77843,3614.0,0.0,0.0,0.0,1,0,0.0,45,2,4,1,Lost Cause
CUST_49901,6646.0,0.0,0.0,0.0,0,0,0.0,221,1,6,1,Persuadable
CUST_21205,2578.0,0.0,0.0,0.0,0,0,0.0,66,2,5,1,Lost Cause
CUST_65661,3468.0,0.0,0.0,0.0,0,0,0.0,486,2,3,0,Lost Cause
CUST_15906,1851.0,0.0,0.0,0.0,0,0,0.0,85,0,2,0,Lost Cause
CUST_12591,3510.0,3159.0,351.0,0.1,1,1,1492.75,198,7,3,1,Persuadable
CUST_72987,1743.0,1568.7,174.3,0.1,1,1,867.4,71,1,3,1,Sure Thing
CUST_73370,6441.0,0.0,0.0,0.0,0,0,0.0,76,2,4,0,Lost Cause
CUST_90685,1892.0,0.0,0.0,0.0,1,0,0.0,67,0,3,0,Lost Cause
CUST_64400,1785.0,0.0,0.0,0.0,1,0,0.0,162,0,4,0,Lost Cause
CUST_35150,2550.0,0.0,0.0,0.0,0,0,0.0,105,3,2,1,Persuadable
CUST_41852,3611.0,0.0,0.0,0.0,0,0,0.0,355,1,3,0,Lost Cause
CUST_52870,6434.0,0.0,0.0,0.0,0,0,0.0,44,2,2,0,Lost Cause
CUST_62756,1085.0,0.0,0.0,0.0,1,0,0.0,22,1,5,0,Lost Cause
CUST_66481,1275.0,0.0,0.0,0.0,0,0,0.0,69,1,3,0,Lost Cause
CUST_11283,6622.0,0.0,0.0,0.0,0,0,0.0,125,3,5,1,Persuadable
CUST_43691,2535.0,0.0,0.0,0.0,0,0,0.0,246,1,3,1,Persuadable
CUST_11125,3398.0,0.0,0.0,0.0,1,0,0.0,60,1,4,0,Lost Cause
CUST_77065,4875.0,0.0,0.0,0.0,0,0,0.0,137,2,5,0,Lost Cause
CUST_36170,1823.0,0.0,0.0,0.0,0,0,0.0,61,3,5,1,Persuadable
CUST_18438,6494.0,0.0,0.0,0.0,0,0,0.0,125,1,5,1,Lost Cause
CUST_30095,1105.0,994.5,110.5,0.1,1,1,490.46,269,3,5,0,Persuadable
CUST_26154,2593.0,0.0,0.0,0.0,0,0,0.0,41,1,1,0,Lost Cause
CUST_18004,3428.0,3428.0,0.0,0.0,0,1,2000.4,72,0,3,1,Sure Thing
CUST_19752,2436.0,0.0,0.0,0.0,0,0,0.0,600,1,2,1,Persuadable
CUST_65426,1692.0,1522.8,169.2,0.1,1,1,775.89,253,1,8,1,Persuadable
CUST_36819,2626.0,2363.4,262.6,0.1,1,1,1188.3,109,3,7,0,Persuadable
CUST_34217,1277.0,1021.6,255.4,0.2,1,1,416.47,97,3,4,1,Persuadable
CUST_98708,1279.0,0.0,0.0,0.0,0,0,0.0,50,2,5,1,Lost Cause
CUST_42994,1158.0,0.0,0.0,0.0,0,0,0.0,97,4,9,1,Persuadable
CUST_25036,1174.0,0.0,0.0,0.0,1,0,0.0,236,2,3,1,Persuadable
CUST_87275,1672.0,0.0,0.0,0.0,0,0,0.0,148,2,2,0,Lost Cause
CUST_59416,2411.0,2411.0,0.0,0.0,0,1,1373.43,51,0,2,1,Sure Thing
CUST_19587,4745.0,0.0,0.0,0.0,1,0,0.0,36,2,5,0,Lost Cause
CUST_10645,1883.0,1600.55,282.45,0.15,1,1,697.42,46,4,2,1,Persuadable
CUST_40930,6414.0,0.0,0.0,0.0,1,0,0.0,32,2,6,1,Lost Cause
CUST_91835,1066.0,1066.0,0.0,0.0,0,1,571.27,22,1,5,1,Sure Thing
CUST_40090,6479.0,0.0,0.0,0.0,1,0,0.0,75,2,5,0,Lost Cause
CUST_97489,1899.0,0.0,0.0,0.0,0,0,0.0,24,0,3,0,Lost Cause
CUST_62142,3359.0,0.0,0.0,0.0,0,0,0.0,32,2,3,0,Lost Cause
CUST_36475,3439.0,0.0,0.0,0.0,1,0,0.0,105,2,6,0,Sleeping Dog
CUST_28888,1169.0,0.0,0.0,0.0,1,0,0.0,31,2,4,0,Lost Cause
CUST_53732,1076.0,0.0,0.0,0.0,0,0,0.0,17,4,4,1,Persuadable
CUST_91623,4785.0,4067.25,717.75,0.15,1,1,2090.68,55,1,4,1,Sure Thing
CUST_56305,6498.0,0.0,0.0,0.0,0,0,0.0,39,2,4,1,Lost Cause
CUST_56037,1877.0,0.0,0.0,0.0,0,0,0.0,96,1,4,1,Lost Cause
CUST_19346,1307.0,980.25,326.75,0.25,1,1,372.26,22,0,1,1,Sure Thing
CUST_10587,3569.0,0.0,0.0,0.0,0,0,0.0,177,1,4,1,Lost Cause
CUST_22763,1669.0,0.0,0.0,0.0,0,0,0.0,294,1,4,0,Lost Cause
CUST_69165,1787.0,0.0,0.0,0.0,1,0,0.0,173,0,2,0,Lost Cause
CUST_79615,1754.0,0.0,0.0,0.0,1,0,0.0,101,0,5,1,Lost Cause
CUST_46116,1747.0,0.0,0.0,0.0,0,0,0.0,246,3,4,1,Persuadable
CUST_95751,1802.0,1531.7,270.3,0.15,1,1,700.81,152,3,4,1,Persuadable
CUST_35556,3621.0,3258.9,362.1,0.1,1,1,1671.24,11,1,4,1,Sure Thing
CUST_69042,1713.0,1713.0,0.0,0.0,0,1,1003.93,70,1,4,1,Sure Thing
CUST_28099,1109.0,0.0,0.0,0.0,0,0,0.0,238,2,4,1,Persuadable
CUST_55096,1196.0,0.0,0.0,0.0,0,0,0.0,60,3,5,1,Persuadable
CUST_81986,2507.0,0.0,0.0,0.0,1,0,0.0,14,2,2,1,Lost Cause
CUST_23230,1938.0,1744.2,193.8,0.1,1,1,831.25,174,0,5,0,Lost Cause
CUST_39009,6580.0,0.0,0.0,0.0,0,0,0.0,204,1,3,0,Lost Cause
CUST_80969,1154.0,0.0,0.0,0.0,0,0,0.0,31,3,1,1,Persuadable
CUST_43866,3648.0,0.0,0.0,0.0,0,0,0.0,102,0,5,1,Lost Cause
CUST_94246,4810.0,4088.5,721.5,0.15,1,1,1996.84,35,0,2,1,Sure Thing
CUST_86975,1133.0,906.4,226.6,0.2,1,1,418.85,162,4,5,0,Persuadable
CUST_51855,4685.0,0.0,0.0,0.0,0,0,0.0,48,4,8,1,Persuadable
CUST_91557,4883.0,0.0,0.0,0.0,0,0,0.0,55,2,2,0,Lost Cause
CUST_16416,1069.0,0.0,0.0,0.0,1,0,0.0,233,0,9,1,Persuadable
CUST_82516,1220.0,0.0,0.0,0.0,1,0,0.0,87,2,7,1,Lost Cause
CUST_65915,2581.0,0.0,0.0,0.0,0,0,0.0,142,1,2,0,Lost Cause
CUST_28058,1814.0,0.0,0.0,0.0,0,0,0.0,71,1,5,0,Lost Cause
CUST_86637,6607.0,0.0,0.0,0.0,1,0,0.0,52,0,4,0,Lost Cause
CUST_50718,4736.0,0.0,0.0,0.0,1,0,0.0,127,0,4,0,Lost Cause
CUST_42602,1063.0,850.4,212.6,0.2,1,1,420.5,30,0,2,1,Sure Thing
CUST_84658,2635.0,0.0,0.0,0.0,1,0,0.0,66,2,5,0,Lost Cause
CUST_88112,2590.0,0.0,0.0,0.0,1,0,0.0,38,2,5,1,Lost Cause
CUST_68067,2373.0,0.0,0.0,0.0,1,0,0.0,152,0,5,0,Lost Cause
CUST_37516,3566.0,0.0,0.0,0.0,0,0,0.0,356,0,5,0,Lost Cause
CUST_97969,4926.0,0.0,0.0,0.0,0,0,0.0,600,1,5,1,Persuadable
CUST_11089,2419.0,2419.0,0.0,0.0,0,1,1412.5,81,0,4,1,Sure Thing
CUST_47346,2351.0,2351.0,0.0,0.0,0,1,1326.39,44,1,6,1,Sure Thing
CUST_84663,2507.0,0.0,0.0,0.0,1,0,0.0,80,1,1,0,Lost Cause
CUST_20487,2623.0,0.0,0.0,0.0,1,0,0.0,235,0,6,0,Sleeping Dog
CUST_10155,2539.0,0.0,0.0,0.0,0,0,0.0,37,0,2,0,Lost Cause
CUST_77494,2371.0,2371.0,0.0,0.0,0,1,1320.2,374,5,4,1,Persuadable
CUST_86229,1855.0,1576.75,278.25,0.15,1,1,794.14,60,3,7,0,Persuadable
CUST_48547,1705.0,1278.75,426.25,0.25,1,1,559.69,520,2,3,1,Persuadable
CUST_38795,1112.0,0.0,0.0,0.0,0,0,0.0,228,1,4,1,Persuadable
CUST_65296,1689.0,0.0,0.0,0.0,1,0,0.0,208,1,4,0,Lost Cause
CUST_31447,1328.0,0.0,0.0,0.0,1,0,0.0,55,2,5,1,Lost Cause
CUST_46598,2397.0,0.0,0.0,0.0,0,0,0.0,11,3,5,0,Persuadable
CUST_51814,1823.0,1823.0,0.0,0.0,0,1,1074.81,67,1,3,1,Sure Thing
CUST_85330,2389.0,2389.0,0.0,0.0,0,1,1284.64,53,0,4,1,Sure Thing
CUST_97960,3589.0,2871.2,717.8,0.2,1,1,1378.11,14,0,4,0,Lost Cause
CUST_73278,1091.0,0.0,0.0,0.0,0,0,0.0,94,2,5,1,Lost Cause
CUST_65077,1176.0,0.0,0.0,0.0,0,0,0.0,71,2,4,1,Lost Cause
CUST_81906,3582.0,0.0,0.0,0.0,0,0,0.0,130,1,3,0,Lost Cause
CUST_19528,1050.0,0.0,0.0,0.0,1,0,0.0,126,1,7,1,Lost Cause
CUST_60100,2556.0,0.0,0.0,0.0,0,0,0.0,25,3,5,1,Persuadable
CUST_18179,1066.0,0.0,0.0,0.0,1,0,0.0,462,1,3,1,Persuadable
CUST_58781,1818.0,0.0,0.0,0.0,1,0,0.0,34,1,2,0,Lost Cause
CUST_65267,2471.0,1976.8,494.2,0.2,1,1,927.14,80,1,5,1,Sure Thing
CUST_92379,3476.0,0.0,0.0,0.0,0,0,0.0,90,1,5,0,Lost Cause
