transaction_id,customer_id,timestamp,channel,campaign_id,product_category,region,returning_customer,prior_orders,product_views,cart_added,dwell_time_seconds,price_comparison_tabs,original_value,discount_percent,discount_amount,treated,conversion,final_value,cost,profit
DEMO_000001,CUST_0074,2025-01-01 00:00:00,Email,RETARGET,Electronics,North,0,1,3,1,214,2,136.84,0.2,27.37,1,1,109.47,64.28,45.19
DEMO_000002,CUST_0644,2025-01-01 01:00:00,Email,WELCOME10,Electronics,West,1,4,6,0,208,1,152.2,0.15,22.83,1,1,129.37,98.29,31.08
DEMO_000003,CUST_0545,2025-01-01 02:00:00,Email,LOYALTY,Fashion,North,0,0,2,0,119,1,119.63,0.15,17.94,1,0,0.0,80.88,0.0
DEMO_000004,CUST_0365,2025-01-01 03:00:00,Organic,FLASH20,Home,North,0,0,5,1,191,2,79.06,0.15,11.86,1,0,0.0,47.8,0.0
DEMO_000005,CUST_0360,2025-01-01 04:00:00,Email,LOYALTY,Electronics,South,0,1,4,1,229,1,169.71,0.0,0.0,0,1,169.71,112.68,57.03
DEMO_000006,CUST_0715,2025-01-01 05:00:00,Direct,FLASH20,Home,South,1,1,8,1,368,2,81.05,0.1,8.1,1,0,0.0,48.13,0.0
DEMO_000007,CUST_0071,2025-01-01 06:00:00,Social,WELCOME10,Home,South,1,2,8,1,144,2,83.32,0.2,16.66,1,1,66.66,56.29,10.37
DEMO_000008,CUST_0580,2025-01-01 07:00:00,Social,LOYALTY,Beauty,South,1,4,7,0,142,0,72.16,0.0,0.0,0,0,0.0,45.7,0.0
DEMO_000009,CUST_0167,2025-01-01 08:00:00,Organic,LOYALTY,Sports,South,1,4,4,1,268,0,92.72,0.25,23.18,1,1,69.54,56.21,13.33
DEMO_000010,CUST_0078,2025-01-01 09:00:00,Direct,FLASH20,Beauty,West,1,3,7,0,242,0,98.2,0.05,4.91,1,0,0.0,66.53,0.0
DEMO_000011,CUST_0438,2025-01-01 10:00:00,Email,SUMMER15,Home,East,1,4,8,1,244,0,128.0,0.0,0.0,0,1,128.0,71.84,56.16
DEMO_000012,CUST_0812,2025-01-01 11:00:00,PPC,SUMMER15,Fashion,West,1,4,8,0,57,0,61.02,0.1,6.1,1,0,0.0,34.25,0.0
DEMO_000013,CUST_0612,2025-01-01 12:00:00,PPC,FLASH20,Home,West,0,0,6,1,301,0,91.18,0.2,18.24,1,0,0.0,58.89,0.0
DEMO_000014,CUST_0634,2025-01-01 13:00:00,Direct,SUMMER15,Home,East,1,6,7,1,293,0,78.24,0.0,0.0,0,1,78.24,47.34,30.9
DEMO_000015,CUST_0597,2025-01-01 14:00:00,Organic,SUMMER15,Home,West,1,4,11,1,291,0,135.97,0.0,0.0,0,0,0.0,65.7,0.0
DEMO_000016,CUST_0654,2025-01-01 15:00:00,Social,SUMMER15,Home,North,0,0,5,1,385,0,128.53,0.15,19.28,1,0,0.0,66.94,0.0
DEMO_000017,CUST_0427,2025-01-01 16:00:00,Email,WELCOME10,Sports,West,1,3,6,1,151,1,70.58,0.05,3.53,1,0,0.0,41.25,0.0
DEMO_000018,CUST_0106,2025-01-01 17:00:00,Direct,RETARGET,Home,South,1,1,3,0,161,0,139.98,0.0,0.0,0,1,139.98,63.51,76.47
DEMO_000019,CUST_0699,2025-01-01 18:00:00,Organic,SUMMER15,Sports,East,0,0,1,0,139,6,109.56,0.0,0.0,0,0,0.0,62.16,0.0
DEMO_000020,CUST_0375,2025-01-01 19:00:00,Organic,WELCOME10,Fashion,North,0,1,4,1,271,3,160.28,0.0,0.0,0,0,0.0,80.75,0.0
DEMO_000021,CUST_0416,2025-01-01 20:00:00,Direct,WELCOME10,Electronics,North,0,1,6,0,389,5,83.87,0.05,4.19,1,0,0.0,42.31,0.0
DEMO_000022,CUST_0308,2025-01-01 21:00:00,PPC,RETARGET,Electronics,West,0,0,1,0,425,2,146.31,0.2,29.26,1,0,0.0,95.97,0.0
DEMO_000023,CUST_0152,2025-01-01 22:00:00,PPC,FLASH20,Home,South,0,1,5,0,76,3,165.55,0.2,33.11,1,0,0.0,85.24,0.0
DEMO_000024,CUST_0771,2025-01-01 23:00:00,Organic,SUMMER15,Fashion,North,0,0,3,1,163,0,115.7,0.2,23.14,1,1,92.56,75.97,16.59
DEMO_000025,CUST_0651,2025-01-02 00:00:00,Email,FLASH20,Beauty,East,0,1,3,0,180,4,288.31,0.0,0.0,0,0,0.0,165.13,0.0
DEMO_000026,CUST_0536,2025-01-02 01:00:00,PPC,WELCOME10,Electronics,North,0,2,5,1,227,2,139.93,0.0,0.0,0,0,0.0,92.83,0.0
DEMO_000027,CUST_0335,2025-01-02 02:00:00,Email,SUMMER15,Sports,South,1,2,9,1,81,0,247.96,0.0,0.0,0,1,247.96,153.17,94.79
DEMO_000028,CUST_0685,2025-01-02 03:00:00,Email,SUMMER15,Home,East,1,4,5,1,307,1,348.92,0.0,0.0,0,0,0.0,190.24,0.0
DEMO_000029,CUST_0454,2025-01-02 04:00:00,Direct,RETARGET,Home,East,0,0,6,1,425,1,52.84,0.0,0.0,0,0,0.0,24.21,0.0
DEMO_000030,CUST_0369,2025-01-02 05:00:00,Organic,WELCOME10,Beauty,South,0,1,1,1,260,2,188.34,0.25,47.08,1,1,141.26,123.38,17.88
DEMO_000031,CUST_0375,2025-01-02 06:00:00,PPC,FLASH20,Beauty,South,0,0,3,1,132,0,141.51,0.0,0.0,0,0,0.0,86.7,0.0
DEMO_000032,CUST_0189,2025-01-02 07:00:00,PPC,LOYALTY,Electronics,West,0,0,4,0,126,0,125.15,0.15,18.77,1,0,0.0,60.2,0.0
DEMO_000033,CUST_0076,2025-01-02 08:00:00,PPC,RETARGET,Sports,North,0,0,7,1,237,4,83.31,0.15,12.5,1,0,0.0,55.41,0.0
DEMO_000034,CUST_0461,2025-01-02 09:00:00,Organic,FLASH20,Fashion,North,0,0,5,0,267,0,75.11,0.0,0.0,0,0,0.0,42.24,0.0
DEMO_000035,CUST_0739,2025-01-02 10:00:00,Direct,SUMMER15,Home,North,0,0,1,0,129,2,69.83,0.2,13.97,1,0,0.0,31.9,0.0
DEMO_000036,CUST_0053,2025-01-02 11:00:00,Direct,SUMMER15,Fashion,West,1,0,2,0,288,1,305.05,0.0,0.0,0,0,0.0,158.03,0.0
DEMO_000037,CUST_0714,2025-01-02 12:00:00,PPC,SUMMER15,Fashion,South,0,1,3,0,138,1,139.68,0.25,34.92,1,0,0.0,90.48,0.0
DEMO_000038,CUST_0689,2025-01-02 13:00:00,PPC,LOYALTY,Home,North,1,5,9,1,274,0,60.85,0.0,0.0,0,0,0.0,33.25,0.0
DEMO_000039,CUST_0230,2025-01-02 14:00:00,PPC,SUMMER15,Sports,North,0,1,3,1,142,0,69.85,0.2,13.97,1,0,0.0,44.41,0.0
DEMO_000040,CUST_0526,2025-01-02 15:00:00,Organic,LOYALTY,Fashion,North,0,0,5,0,186,1,45.09,0.1,4.51,1,0,0.0,24.47,0.0
DEMO_000041,CUST_0137,2025-01-02 16:00:00,Organic,LOYALTY,Fashion,West,1,5,3,0,321,0,191.71,0.05,9.59,1,1,182.12,92.18,89.94
DEMO_000042,CUST_0631,2025-01-02 17:00:00,Organic,RETARGET,Sports,South,0,0,4,0,174,1,114.48,0.1,11.45,1,0,0.0,56.64,0.0
DEMO_000043,CUST_0583,2025-01-02 18:00:00,Organic,SUMMER15,Electronics,North,1,2,8,1,395,1,141.05,0.1,14.11,1,1,126.94,92.06,34.88
DEMO_000044,CUST_0295,2025-01-02 19:00:00,PPC,RETARGET,Sports,North,1,5,8,0,211,1,112.29,0.0,0.0,0,0,0.0,55.21,0.0
DEMO_000045,CUST_0056,2025-01-02 20:00:00,PPC,FLASH20,Fashion,East,1,3,9,0,133,2,171.83,0.0,0.0,0,0,0.0,114.29,0.0
DEMO_000046,CUST_0808,2025-01-02 21:00:00,PPC,LOYALTY,Sports,East,0,1,3,1,103,5,93.82,0.15,14.07,1,1,79.75,48.45,31.3
DEMO_000047,CUST_0371,2025-01-02 22:00:00,Email,LOYALTY,Fashion,West,0,0,6,0,144,3,128.12,0.1,12.81,1,0,0.0,86.29,0.0
DEMO_000048,CUST_0743,2025-01-02 23:00:00,Email,RETARGET,Home,North,0,1,6,0,224,1,126.89,0.1,12.69,1,1,114.2,59.93,54.27
DEMO_000049,CUST_0564,2025-01-03 00:00:00,Social,FLASH20,Electronics,North,0,2,3,1,607,1,66.54,0.2,13.31,1,0,0.0,38.34,0.0
DEMO_000050,CUST_0648,2025-01-03 01:00:00,PPC,LOYALTY,Home,North,0,3,7,1,148,2,81.01,0.2,16.2,1,0,0.0,37.12,0.0
DEMO_000051,CUST_0632,2025-01-03 02:00:00,Email,SUMMER15,Electronics,South,1,3,5,1,260,1,97.88,0.1,9.79,1,1,88.09,49.82,38.27
DEMO_000052,CUST_0162,2025-01-03 03:00:00,Organic,FLASH20,Home,East,1,4,12,0,253,1,129.6,0.0,0.0,0,1,129.6,83.82,45.78
DEMO_000053,CUST_0303,2025-01-03 04:00:00,Social,FLASH20,Home,East,0,1,1,0,107,2,209.51,0.1,20.95,1,0,0.0,103.29,0.0
DEMO_000054,CUST_0388,2025-01-03 05:00:00,PPC,LOYALTY,Fashion,North,0,1,4,1,204,2,118.16,0.0,0.0,0,0,0.0,77.4,0.0
DEMO_000055,CUST_0414,2025-01-03 06:00:00,Social,LOYALTY,Fashion,East,1,1,3,0,344,0,107.83,0.2,21.57,1,0,0.0,63.15,0.0
DEMO_000056,CUST_0036,2025-01-03 07:00:00,Direct,WELCOME10,Electronics,East,1,2,9,1,569,0,128.96,0.0,0.0,0,1,128.96,79.58,49.38
DEMO_000057,CUST_0455,2025-01-03 08:00:00,Organic,RETARGET,Home,North,0,0,6,0,57,2,104.51,0.2,20.9,1,0,0.0,55.67,0.0
DEMO_000058,CUST_0128,2025-01-03 09:00:00,Social,LOYALTY,Fashion,East,0,3,9,0,199,2,111.03,0.0,0.0,0,0,0.0,75.11,0.0
DEMO_000059,CUST_0619,2025-01-03 10:00:00,Email,WELCOME10,Fashion,South,1,8,5,1,87,1,221.88,0.0,0.0,0,1,221.88,142.03,79.85
DEMO_000060,CUST_0568,2025-01-03 11:00:00,Direct,RETARGET,Beauty,North,1,3,4,0,116,2,101.46,0.1,10.15,1,1,91.31,66.93,24.38
DEMO_000061,CUST_0768,2025-01-03 12:00:00,PPC,LOYALTY,Beauty,South,1,2,6,1,139,2,126.2,0.1,12.62,1,1,113.58,61.02,52.56
DEMO_000062,CUST_0620,2025-01-03 13:00:00,Direct,WELCOME10,Beauty,West,0,2,2,0,252,1,83.91,0.1,8.39,1,0,0.0,42.91,0.0
DEMO_000063,CUST_0305,2025-01-03 14:00:00,Organic,FLASH20,Sports,East,0,0,5,0,267,3,197.82,0.05,9.89,1,1,187.93,127.28,60.65
DEMO_000064,CUST_0805,2025-01-03 15:00:00,Email,RETARGET,Sports,South,0,0,7,0,135,0,74.43,0.1,7.44,1,0,0.0,44.95,0.0
DEMO_000065,CUST_0342,2025-01-03 16:00:00,Email,SUMMER15,Beauty,West,0,1,7,0,152,0,108.6,0.05,5.43,1,1,103.17,58.48,44.69
DEMO_000066,CUST_0271,2025-01-03 17:00:00,Social,RETARGET,Beauty,South,1,1,6,1,188,0,174.53,0.1,17.45,1,0,0.0,97.18,0.0
DEMO_000067,CUST_0754,2025-01-03 18:00:00,Organic,FLASH20,Home,South,0,0,4,1,210,0,75.97,0.0,0.0,0,0,0.0,41.85,0.0
DEMO_000068,CUST_0308,2025-01-03 19:00:00,Email,SUMMER15,Fashion,North,1,4,3,0,664,1,165.76,0.15,24.86,1,0,0.0,95.86,0.0
DEMO_000069,CUST_0063,2025-01-03 20:00:00,Social,SUMMER15,Electronics,West,1,5,5,0,176,0,44.61,0.0,0.0,0,0,0.0,25.09,0.0
DEMO_000070,CUST_0391,2025-01-03 21:00:00,Direct,FLASH20,Home,West,1,2,3,0,117,1,68.62,0.1,6.86,1,0,0.0,38.06,0.0
DEMO_000071,CUST_0662,2025-01-03 22:00:00,Organic,LOYALTY,Electronics,North,1,4,9,0,131,0,107.51,0.0,0.0,0,0,0.0,56.48,0.0
DEMO_000072,CUST_0157,2025-01-03 23:00:00,Organic,RETARGET,Beauty,East,1,1,6,0,43,0,331.74,0.0,0.0,0,0,0.0,183.53,0.0
DEMO_000073,CUST_0385,2025-01-04 00:00:00,Email,WELCOME10,Electronics,West,0,0,2,0,341,3,119.76,0.1,11.98,1,1,107.78,58.78,49.0
DEMO_000074,CUST_0108,2025-01-04 01:00:00,Social,RETARGET,Sports,East,0,1,6,1,251,5,120.91,0.2,24.18,1,1,96.73,59.72,37.01
DEMO_000075,CUST_0571,2025-01-04 02:00:00,PPC,FLASH20,Home,North,0,2,4,0,401,2,188.01,0.0,0.0,0,0,0.0,114.37,0.0
DEMO_000076,CUST_0396,2025-01-04 03:00:00,Direct,WELCOME10,Beauty,West,1,2,7,0,283,0,68.8,0.0,0.0,0,0,0.0,46.22,0.0
DEMO_000077,CUST_0275,2025-01-04 04:00:00,PPC,RETARGET,Fashion,South,1,4,7,0,298,0,28.65,0.15,4.3,1,0,0.0,14.29,0.0
DEMO_000078,CUST_0189,2025-01-04 05:00:00,Organic,SUMMER15,Sports,South,0,0,5,0,280,6,244.75,0.1,24.48,1,0,0.0,161.53,0.0
DEMO_000079,CUST_0470,2025-01-04 06:00:00,PPC,LOYALTY,Sports,South,0,1,2,0,184,1,147.24,0.05,7.36,1,0,0.0,87.44,0.0
DEMO_000080,CUST_0557,2025-01-04 07:00:00,Email,LOYALTY,Home,West,0,2,8,0,52,4,91.8,0.2,18.36,1,0,0.0,61.43,0.0
DEMO_000081,CUST_0783,2025-01-04 08:00:00,Social,WELCOME10,Beauty,East,0,0,4,1,454,1,115.1,0.25,28.78,1,0,0.0,62.26,0.0
DEMO_000082,CUST_0364,2025-01-04 09:00:00,Organic,SUMMER15,Electronics,East,1,3,6,0,254,1,180.09,0.0,0.0,0,0,0.0,109.63,0.0
DEMO_000083,CUST_0133,2025-01-04 10:00:00,Organic,LOYALTY,Electronics,West,0,0,6,1,195,0,105.83,0.0,0.0,0,0,0.0,60.86,0.0
DEMO_000084,CUST_0693,2025-01-04 11:00:00,Direct,SUMMER15,Beauty,West,1,5,6,0,128,0,119.73,0.0,0.0,0,1,119.73,80.8,38.93
DEMO_000085,CUST_0524,2025-01-04 12:00:00,Direct,WELCOME10,Beauty,West,1,2,8,0,166,1,280.31,0.1,28.03,1,1,252.28,130.04,122.24
DEMO_000086,CUST_0583,2025-01-04 13:00:00,Direct,WELCOME10,Electronics,West,0,0,4,0,179,1,64.1,0.25,16.02,1,1,48.08,29.71,18.37
DEMO_000087,CUST_0080,2025-01-04 14:00:00,Email,RETARGET,Fashion,West,0,0,7,1,167,2,141.56,0.0,0.0,0,0,0.0,91.84,0.0
DEMO_000088,CUST_0260,2025-01-04 15:00:00,Organic,WELCOME10,Electronics,West,1,5,8,0,205,2,64.72,0.1,6.47,1,1,58.25,29.92,28.33
DEMO_000089,CUST_0639,2025-01-04 16:00:00,Direct,WELCOME10,Fashion,East,1,3,9,1,289,2,226.66,0.15,34.0,1,0,0.0,149.3,0.0
DEMO_000090,CUST_0693,2025-01-04 17:00:00,PPC,FLASH20,Electronics,North,0,2,6,1,260,0,127.98,0.05,6.4,1,0,0.0,60.36,0.0
DEMO_000091,CUST_0362,2025-01-04 18:00:00,Email,WELCOME10,Beauty,North,0,0,7,0,334,1,82.35,0.05,4.12,1,0,0.0,39.19,0.0
DEMO_000092,CUST_0670,2025-01-04 19:00:00,Social,LOYALTY,Sports,West,1,2,9,0,91,0,57.1,0.05,2.86,1,0,0.0,30.04,0.0
DEMO_000093,CUST_0701,2025-01-04 20:00:00,Organic,FLASH20,Fashion,South,1,2,7,1,456,2,95.81,0.15,14.37,1,0,0.0,59.13,0.0
DEMO_000094,CUST_0322,2025-01-04 21:00:00,Organic,LOYALTY,Electronics,West,1,1,8,1,154,1,121.94,0.1,12.19,1,1,109.75,71.05,38.7
DEMO_000095,CUST_0748,2025-01-04 22:00:00,Direct,FLASH20,Sports,West,1,4,8,1,124,2,188.91,0.0,0.0,0,0,0.0,124.5,0.0
DEMO_000096,CUST_0240,2025-01-04 23:00:00,Organic,LOYALTY,Sports,East,1,4,11,1,143,1,68.57,0.0,0.0,0,1,68.57,40.79,27.78
DEMO_000097,CUST_0199,2025-01-05 00:00:00,PPC,LOYALTY,Sports,West,0,0,3,0,118,1,77.39,0.2,15.48,1,1,61.91,45.43,16.48
DEMO_000098,CUST_0568,2025-01-05 01:00:00,PPC,FLASH20,Beauty,South,1,3,9,1,164,0,89.69,0.0,0.0,0,0,0.0,52.13,0.0
DEMO_000099,CUST_0530,2025-01-05 02:00:00,PPC,WELCOME10,Home,South,0,0,8,1,155,1,79.14,0.15,11.87,1,1,67.27,43.0,24.27
DEMO_000100,CUST_0116,2025-01-05 03:00:00,Email,SUMMER15,Sports,West,1,1,8,0,65,0,88.98,0.0,0.0,0,0,0.0,53.12,0.0
DEMO_000101,CUST_0693,2025-01-05 04:00:00,Social,WELCOME10,Sports,West,1,1,8,1,339,0,73.31,0.0,0.0,0,0,0.0,49.4,0.0
DEMO_000102,CUST_0166,2025-01-05 05:00:00,Social,WELCOME10,Electronics,North,1,4,4,0,76,0,135.33,0.0,0.0,0,0,0.0,91.16,0.0
DEMO_000103,CUST_0670,2025-01-05 06:00:00,PPC,SUMMER15,Sports,West,0,0,6,1,674,0,90.26,0.0,0.0,0,0,0.0,42.92,0.0
DEMO_000104,CUST_0006,2025-01-05 07:00:00,PPC,SUMMER15,Fashion,South,1,4,13,1,179,1,112.72,0.0,0.0,0,0,0.0,62.53,0.0
DEMO_000105,CUST_0663,2025-01-05 08:00:00,Direct,WELCOME10,Fashion,West,1,2,8,0,254,4,128.63,0.1,12.86,1,1,115.77,75.41,40.36
DEMO_000106,CUST_0655,2025-01-05 09:00:00,Email,SUMMER15,Fashion,East,1,5,10,0,125,0,60.3,0.1,6.03,1,0,0.0,37.06,0.0
DEMO_000107,CUST_0650,2025-01-05 10:00:00,Organic,FLASH20,Home,East,1,2,5,1,205,2,146.52,0.0,0.0,0,1,146.52,76.06,70.46
DEMO_000108,CUST_0553,2025-01-05 11:00:00,Organic,WELCOME10,Beauty,North,0,0,2,0,78,1,123.25,0.0,0.0,0,0,0.0,83.33,0.0
DEMO_000109,CUST_0392,2025-01-05 12:00:00,Social,SUMMER15,Fashion,South,0,1,8,0,144,0,123.31,0.0,0.0,0,0,0.0,67.27,0.0
DEMO_000110,CUST_0587,2025-01-05 13:00:00,Email,WELCOME10,Sports,East,1,2,10,0,153,1,105.64,0.05,5.28,1,0,0.0,54.47,0.0
DEMO_000111,CUST_0230,2025-01-05 14:00:00,Social,WELCOME10,Fashion,West,1,1,8,1,291,0,99.35,0.0,0.0,0,0,0.0,62.53,0.0
DEMO_000112,CUST_0650,2025-01-05 15:00:00,PPC,WELCOME10,Electronics,North,1,2,10,1,400,3,114.92,0.0,0.0,0,0,0.0,67.26,0.0
DEMO_000113,CUST_0462,2025-01-05 16:00:00,Organic,FLASH20,Beauty,North,1,3,7,0,166,0,117.1,0.1,11.71,1,0,0.0,77.06,0.0
DEMO_000114,CUST_0382,2025-01-05 17:00:00,Email,LOYALTY,Fashion,East,0,0,4,0,340,3,65.95,0.1,6.6,1,0,0.0,31.29,0.0
DEMO_000115,CUST_0421,2025-01-05 18:00:00,Organic,LOYALTY,Home,South,0,0,7,0,78,0,227.89,0.1,22.79,1,0,0.0,105.42,0.0
DEMO_000116,CUST_0473,2025-01-05 19:00:00,Organic,LOYALTY,Fashion,West,1,3,5,1,165,0,82.02,0.0,0.0,0,1,82.02,54.7,27.32
DEMO_000117,CUST_0031,2025-01-05 20:00:00,Email,LOYALTY,Sports,North,0,0,6,0,22,1,115.59,0.0,0.0,0,0,0.0,63.87,0.0
DEMO_000118,CUST_0116,2025-01-05 21:00:00,Email,RETARGET,Home,South,1,2,6,0,353,0,189.49,0.05,9.47,1,1,180.02,94.69,85.33
DEMO_000119,CUST_0204,2025-01-05 22:00:00,Email,SUMMER15,Fashion,North,1,6,8,0,264,0,96.18,0.1,9.62,1,1,86.56,59.72,26.84
DEMO_000120,CUST_0095,2025-01-05 23:00:00,PPC,LOYALTY,Beauty,East,1,1,5,0,229,0,124.79,0.15,18.72,1,1,106.07,84.78,21.29
DEMO_000121,CUST_0366,2025-01-06 00:00:00,Email,RETARGET,Fashion,West,0,0,3,0,216,1,41.84,0.0,0.0,0,0,0.0,28.44,0.0
DEMO_000122,CUST_0556,2025-01-06 01:00:00,Direct,FLASH20,Beauty,North,1,1,8,0,379,2,45.98,0.0,0.0,0,0,0.0,30.88,0.0
DEMO_000123,CUST_0545,2025-01-06 02:00:00,PPC,RETARGET,Home,South,0,1,3,1,345,0,110.88,0.1,11.09,1,1,99.79,53.89,45.9
DEMO_000124,CUST_0392,2025-01-06 03:00:00,Social,WELCOME10,Beauty,West,0,1,5,0,138,0,122.15,0.15,18.32,1,1,103.83,78.86,24.97
DEMO_000125,CUST_0712,2025-01-06 04:00:00,Direct,RETARGET,Sports,North,0,1,5,0,76,0,184.52,0.1,18.45,1,1,166.07,88.31,77.76
DEMO_000126,CUST_0470,2025-01-06 05:00:00,Email,FLASH20,Electronics,West,0,0,7,1,233,2,160.86,0.05,8.04,1,1,152.82,85.59,67.23
DEMO_000127,CUST_0065,2025-01-06 06:00:00,Organic,SUMMER15,Fashion,West,1,3,9,0,182,0,54.79,0.0,0.0,0,1,54.79,26.9,27.89
DEMO_000128,CUST_0637,2025-01-06 07:00:00,Direct,WELCOME10,Beauty,North,1,4,4,0,85,1,198.49,0.1,19.85,1,0,0.0,105.57,0.0
DEMO_000129,CUST_0478,2025-01-06 08:00:00,Organic,LOYALTY,Electronics,North,0,1,5,1,123,2,65.64,0.0,0.0,0,0,0.0,33.28,0.0
DEMO_000130,CUST_0528,2025-01-06 09:00:00,PPC,FLASH20,Sports,East,1,4,9,0,81,0,165.38,0.0,0.0,0,0,0.0,108.53,0.0
DEMO_000131,CUST_0470,2025-01-06 10:00:00,PPC,SUMMER15,Electronics,North,0,0,3,0,479,2,91.54,0.1,9.15,1,1,82.39,61.99,20.4
DEMO_000132,CUST_0461,2025-01-06 11:00:00,Email,SUMMER15,Fashion,East,1,5,7,0,87,1,380.74,0.1,38.07,1,0,0.0,186.55,0.0
DEMO_000133,CUST_0075,2025-01-06 12:00:00,Organic,RETARGET,Sports,North,1,2,5,1,199,0,86.0,0.0,0.0,0,0,0.0,41.26,0.0
DEMO_000134,CUST_0465,2025-01-06 13:00:00,Direct,FLASH20,Home,East,1,5,3,1,150,2,108.49,0.05,5.42,1,0,0.0,52.92,0.0
DEMO_000135,CUST_0662,2025-01-06 14:00:00,Direct,WELCOME10,Beauty,South,0,0,10,1,160,0,120.45,0.1,12.05,1,1,108.4,69.87,38.53
DEMO_000136,CUST_0253,2025-01-06 15:00:00,Email,SUMMER15,Electronics,East,0,1,5,0,162,2,100.57,0.1,10.06,1,0,0.0,65.66,0.0
DEMO_000137,CUST_0502,2025-01-06 16:00:00,Social,WELCOME10,Electronics,West,0,0,8,0,206,5,71.61,0.25,17.9,1,1,53.71,44.5,9.21
DEMO_000138,CUST_0025,2025-01-06 17:00:00,PPC,LOYALTY,Electronics,South,1,1,13,1,310,0,302.43,0.0,0.0,0,0,0.0,165.45,0.0
DEMO_000139,CUST_0289,2025-01-06 18:00:00,Direct,RETARGET,Electronics,East,1,3,12,1,228,1,85.22,0.0,0.0,0,1,85.22,57.15,28.07
DEMO_000140,CUST_0363,2025-01-06 19:00:00,Email,RETARGET,Fashion,East,0,1,7,1,143,0,83.85,0.0,0.0,0,0,0.0,48.12,0.0
DEMO_000141,CUST_0818,2025-01-06 20:00:00,Direct,LOYALTY,Electronics,West,0,0,7,0,189,2,106.78,0.1,10.68,1,0,0.0,67.33,0.0
DEMO_000142,CUST_0178,2025-01-06 21:00:00,Social,LOYALTY,Electronics,North,1,6,5,0,86,2,122.36,0.0,0.0,0,0,0.0,69.13,0.0
DEMO_000143,CUST_0230,2025-01-06 22:00:00,Email,FLASH20,Fashion,North,0,1,4,0,131,0,82.42,0.0,0.0,0,0,0.0,49.72,0.0
DEMO_000144,CUST_0340,2025-01-06 23:00:00,Email,LOYALTY,Electronics,South,1,3,12,1,206,0,172.27,0.25,43.07,1,1,129.2,92.43,36.77
DEMO_000145,CUST_0826,2025-01-07 00:00:00,Social,WELCOME10,Electronics,East,1,1,13,1,155,1,120.15,0.0,0.0,0,1,120.15,55.52,64.63
DEMO_000146,CUST_0710,2025-01-07 01:00:00,Email,FLASH20,Fashion,West,0,0,4,0,381,1,113.19,0.0,0.0,0,0,0.0,66.88,0.0
DEMO_000147,CUST_0028,2025-01-07 02:00:00,Organic,FLASH20,Sports,South,0,0,5,0,130,6,144.19,0.2,28.84,1,1,115.35,74.46,40.89
DEMO_000148,CUST_0194,2025-01-07 03:00:00,Direct,WELCOME10,Fashion,North,0,0,9,1,199,1,76.56,0.05,3.83,1,1,72.73,44.15,28.58
DEMO_000149,CUST_0684,2025-01-07 04:00:00,Organic,FLASH20,Fashion,East,0,1,7,1,235,1,86.21,0.15,12.93,1,1,73.28,51.71,21.57
DEMO_000150,CUST_0048,2025-01-07 05:00:00,PPC,LOYALTY,Sports,East,1,5,8,1,120,1,111.06,0.0,0.0,0,1,111.06,61.52,49.54
DEMO_000151,CUST_0712,2025-01-07 06:00:00,PPC,SUMMER15,Home,South,1,0,5,0,51,0,170.45,0.0,0.0,0,0,0.0,82.86,0.0
DEMO_000152,CUST_0234,2025-01-07 07:00:00,Email,FLASH20,Electronics,North,0,0,4,0,156,4,100.51,0.0,0.0,0,0,0.0,63.84,0.0
DEMO_000153,CUST_0764,2025-01-07 08:00:00,Direct,SUMMER15,Electronics,West,0,1,6,0,58,3,97.25,0.1,9.73,1,0,0.0,47.62,0.0
DEMO_000154,CUST_0244,2025-01-07 09:00:00,PPC,SUMMER15,Fashion,West,0,0,4,0,222,1,43.43,0.25,10.86,1,0,0.0,20.84,0.0
DEMO_000155,CUST_0361,2025-01-07 10:00:00,Email,WELCOME10,Fashion,East,0,1,5,1,278,1,82.1,0.0,0.0,0,0,0.0,42.94,0.0
DEMO_000156,CUST_0551,2025-01-07 11:00:00,PPC,SUMMER15,Beauty,East,1,3,11,1,272,0,53.37,0.15,8.01,1,1,45.36,24.73,20.63
DEMO_000157,CUST_0105,2025-01-07 12:00:00,Direct,RETARGET,Beauty,South,1,1,6,1,331,0,59.7,0.2,11.94,1,1,47.76,31.72,16.04
DEMO_000158,CUST_0464,2025-01-07 13:00:00,Email,RETARGET,Electronics,South,1,2,9,1,205,1,132.24,0.0,0.0,0,0,0.0,82.55,0.0
DEMO_000159,CUST_0420,2025-01-07 14:00:00,Direct,LOYALTY,Sports,North,0,0,4,0,387,1,499.44,0.0,0.0,0,0,0.0,315.53,0.0
DEMO_000160,CUST_0652,2025-01-07 15:00:00,Social,LOYALTY,Home,North,1,1,8,1,259,0,122.41,0.1,12.24,1,0,0.0,67.94,0.0
DEMO_000161,CUST_0829,2025-01-07 16:00:00,Social,LOYALTY,Sports,South,0,0,2,0,370,1,130.29,0.0,0.0,0,0,0.0,64.13,0.0
DEMO_000162,CUST_0553,2025-01-07 17:00:00,Direct,FLASH20,Beauty,South,1,4,10,1,323,1,79.66,0.15,11.95,1,0,0.0,53.69,0.0
DEMO_000163,CUST_0340,2025-01-07 18:00:00,Direct,FLASH20,Fashion,North,1,3,4,1,209,1,69.98,0.0,0.0,0,0,0.0,44.75,0.0
DEMO_000164,CUST_0338,2025-01-07 19:00:00,Direct,LOYALTY,Fashion,West,1,5,3,0,208,1,282.95,0.0,0.0,0,1,282.95,127.67,155.28
DEMO_000165,CUST_0348,2025-01-07 20:00:00,Email,LOYALTY,Fashion,South,0,0,3,0,247,0,78.07,0.15,11.71,1,0,0.0,46.03,0.0
DEMO_000166,CUST_0678,2025-01-07 21:00:00,Social,FLASH20,Fashion,East,0,1,2,0,49,1,45.61,0.0,0.0,0,0,0.0,30.44,0.0
DEMO_000167,CUST_0267,2025-01-07 22:00:00,Organic,FLASH20,Electronics,South,1,4,9,0,71,1,125.27,0.0,0.0,0,0,0.0,83.14,0.0
DEMO_000168,CUST_0139,2025-01-07 23:00:00,Organic,FLASH20,Beauty,South,0,2,1,0,430,2,92.44,0.0,0.0,0,0,0.0,50.09,0.0
DEMO_000169,CUST_0278,2025-01-08 00:00:00,Direct,SUMMER15,Sports,West,1,8,12,1,296,0,146.66,0.0,0.0,0,1,146.66,86.62,60.04
DEMO_000170,CUST_0018,2025-01-08 01:00:00,Direct,SUMMER15,Sports,East,0,0,1,0,324,1,227.11,0.1,22.71,1,1,204.4,134.39,70.01
DEMO_000171,CUST_0088,2025-01-08 02:00:00,Social,WELCOME10,Beauty,West,1,2,7,0,154,0,132.43,0.0,0.0,0,1,132.43,81.83,50.6
DEMO_000172,CUST_0075,2025-01-08 03:00:00,Organic,FLASH20,Fashion,South,0,0,5,1,424,1,124.23,0.0,0.0,0,0,0.0,82.8,0.0
DEMO_000173,CUST_0642,2025-01-08 04:00:00,PPC,LOYALTY,Fashion,South,1,4,2,0,160,1,150.93,0.2,30.19,1,0,0.0,84.11,0.0
DEMO_000174,CUST_0601,2025-01-08 05:00:00,PPC,LOYALTY,Home,South,0,0,2,0,244,0,378.84,0.15,56.83,1,0,0.0,175.86,0.0
DEMO_000175,CUST_0580,2025-01-08 06:00:00,PPC,RETARGET,Sports,East,0,0,3,1,454,0,312.73,0.0,0.0,0,0,0.0,192.66,0.0
DEMO_000176,CUST_0384,2025-01-08 07:00:00,PPC,WELCOME10,Fashion,South,0,3,6,0,263,1,97.3,0.0,0.0,0,0,0.0,64.96,0.0
DEMO_000177,CUST_0597,2025-01-08 08:00:00,Email,LOYALTY,Home,South,0,1,2,0,91,0,171.99,0.0,0.0,0,0,0.0,111.83,0.0
DEMO_000178,CUST_0134,2025-01-08 09:00:00,Email,LOYALTY,Sports,North,1,7,8,1,217,0,250.57,0.05,12.53,1,1,238.04,114.17,123.87
DEMO_000179,CUST_0750,2025-01-08 10:00:00,Social,FLASH20,Sports,East,1,2,7,1,263,0,153.25,0.15,22.99,1,0,0.0,100.07,0.0
DEMO_000180,CUST_0417,2025-01-08 11:00:00,PPC,SUMMER15,Electronics,East,1,2,8,1,304,1,108.87,0.0,0.0,0,0,0.0,52.68,0.0
DEMO_000181,CUST_0781,2025-01-08 12:00:00,Direct,SUMMER15,Sports,East,1,3,8,0,349,1,89.66,0.0,0.0,0,0,0.0,60.53,0.0
DEMO_000182,CUST_0126,2025-01-08 13:00:00,Organic,LOYALTY,Fashion,West,1,5,4,1,305,0,117.26,0.0,0.0,0,1,117.26,72.76,44.5
DEMO_000183,CUST_0414,2025-01-08 14:00:00,Email,RETARGET,Beauty,West,0,1,3,0,172,1,67.16,0.0,0.0,0,0,0.0,32.17,0.0
DEMO_000184,CUST_0580,2025-01-08 15:00:00,Email,LOYALTY,Home,West,1,1,5,0,150,0,167.82,0.2,33.56,1,0,0.0,79.41,0.0
DEMO_000185,CUST_0412,2025-01-08 16:00:00,Email,FLASH20,Sports,North,0,1,3,0,155,1,209.75,0.0,0.0,0,0,0.0,107.79,0.0
DEMO_000186,CUST_0371,2025-01-08 17:00:00,Direct,LOYALTY,Electronics,West,1,1,5,1,182,1,93.82,0.1,9.38,1,1,84.44,47.17,37.27
DEMO_000187,CUST_0138,2025-01-08 18:00:00,Email,WELCOME10,Fashion,South,0,0,2,0,128,1,91.58,0.15,13.74,1,1,77.84,41.3,36.54
DEMO_000188,CUST_0317,2025-01-08 19:00:00,Organic,LOYALTY,Electronics,South,1,2,4,0,320,0,69.74,0.15,10.46,1,0,0.0,45.66,0.0
DEMO_000189,CUST_0198,2025-01-08 20:00:00,Direct,WELCOME10,Beauty,South,0,1,7,1,246,3,138.4,0.1,13.84,1,0,0.0,66.31,0.0
DEMO_000190,CUST_0251,2025-01-08 21:00:00,Direct,RETARGET,Sports,South,0,1,8,1,184,1,111.62,0.0,0.0,0,0,0.0,75.63,0.0
DEMO_000191,CUST_0569,2025-01-08 22:00:00,Email,RETARGET,Beauty,West,0,0,7,1,232,2,58.58,0.1,5.86,1,0,0.0,29.92,0.0
DEMO_000192,CUST_0525,2025-01-08 23:00:00,Email,FLASH20,Fashion,East,0,0,4,0,139,2,416.43,0.0,0.0,0,0,0.0,242.41,0.0
DEMO_000193,CUST_0505,2025-01-09 00:00:00,Email,SUMMER15,Beauty,West,0,0,2,0,54,0,50.39,0.1,5.04,1,0,0.0,30.77,0.0
DEMO_000194,CUST_0301,2025-01-09 01:00:00,Email,LOYALTY,Home,West,0,0,1,0,257,4,58.68,0.15,8.8,1,1,49.88,30.47,19.41
DEMO_000195,CUST_0799,2025-01-09 02:00:00,Email,LOYALTY,Sports,South,0,2,5,1,381,4,171.19,0.25,42.8,1,1,128.39,94.99,33.4
DEMO_000196,CUST_0073,2025-01-09 03:00:00,Organic,LOYALTY,Home,East,1,3,8,0,299,1,150.76,0.0,0.0,0,0,0.0,94.64,0.0
DEMO_000197,CUST_0285,2025-01-09 04:00:00,Direct,FLASH20,Home,East,0,0,1,0,288,2,81.33,0.2,16.27,1,0,0.0,37.81,0.0
DEMO_000198,CUST_0098,2025-01-09 05:00:00,Organic,SUMMER15,Sports,South,1,2,6,1,137,0,79.01,0.0,0.0,0,0,0.0,42.13,0.0
DEMO_000199,CUST_0282,2025-01-09 06:00:00,Organic,WELCOME10,Sports,East,0,2,4,1,423,1,137.83,0.15,20.67,1,1,117.16,87.07,30.09
DEMO_000200,CUST_0801,2025-01-09 07:00:00,Email,SUMMER15,Sports,East,1,1,4,0,124,0,132.97,0.25,33.24,1,0,0.0,69.99,0.0
DEMO_000201,CUST_0305,2025-01-09 08:00:00,Social,FLASH20,Electronics,West,0,2,2,0,78,1,81.72,0.0,0.0,0,0,0.0,37.89,0.0
DEMO_000202,CUST_0756,2025-01-09 09:00:00,Organic,FLASH20,Fashion,West,0,0,3,0,34,2,175.43,0.2,35.09,1,1,140.34,86.52,53.82
DEMO_000203,CUST_0412,2025-01-09 10:00:00,Direct,FLASH20,Sports,East,1,4,10,1,260,0,145.09,0.1,14.51,1,0,0.0,87.89,0.0
DEMO_000204,CUST_0582,2025-01-09 11:00:00,Direct,SUMMER15,Electronics,West,1,3,4,0,378,1,204.67,0.1,20.47,1,1,184.2,137.64,46.56
DEMO_000205,CUST_0381,2025-01-09 12:00:00,PPC,RETARGET,Home,North,0,1,5,0,348,1,109.68,0.05,5.48,1,0,0.0,55.13,0.0
DEMO_000206,CUST_0221,2025-01-09 13:00:00,Email,SUMMER15,Beauty,West,0,3,4,0,185,1,161.51,0.15,24.23,1,1,137.28,91.9,45.38
DEMO_000207,CUST_0636,2025-01-09 14:00:00,Email,RETARGET,Sports,South,0,2,4,0,314,2,101.22,0.1,10.12,1,0,0.0,51.15,0.0
DEMO_000208,CUST_0807,2025-01-09 15:00:00,PPC,SUMMER15,Home,South,0,0,9,1,591,2,143.09,0.1,14.31,1,1,128.78,94.78,34.0
DEMO_000209,CUST_0219,2025-01-09 16:00:00,Direct,FLASH20,Home,West,0,1,3,1,195,3,131.76,0.0,0.0,0,0,0.0,86.57,0.0
DEMO_000210,CUST_0648,2025-01-09 17:00:00,PPC,LOYALTY,Sports,South,1,1,5,0,239,1,164.29,0.1,16.43,1,0,0.0,88.71,0.0
DEMO_000211,CUST_0217,2025-01-09 18:00:00,Social,SUMMER15,Electronics,West,0,0,9,1,432,1,141.71,0.0,0.0,0,0,0.0,64.98,0.0
DEMO_000212,CUST_0597,2025-01-09 19:00:00,Organic,SUMMER15,Fashion,South,1,1,5,0,79,0,47.94,0.0,0.0,0,0,0.0,28.27,0.0
DEMO_000213,CUST_0657,2025-01-09 20:00:00,Email,SUMMER15,Sports,South,0,0,2,0,84,1,84.61,0.0,0.0,0,0,0.0,50.29,0.0
DEMO_000214,CUST_0374,2025-01-09 21:00:00,PPC,RETARGET,Beauty,South,0,3,3,1,467,1,116.45,0.15,17.47,1,1,98.98,68.95,30.03
DEMO_000215,CUST_0613,2025-01-09 22:00:00,Organic,WELCOME10,Sports,South,0,1,5,1,369,1,138.36,0.15,20.75,1,0,0.0,71.68,0.0
DEMO_000216,CUST_0226,2025-01-09 23:00:00,Social,FLASH20,Electronics,West,0,1,2,0,117,2,162.58,0.0,0.0,0,0,0.0,74.05,0.0
DEMO_000217,CUST_0066,2025-01-10 00:00:00,PPC,LOYALTY,Fashion,North,0,0,1,0,94,0,143.58,0.0,0.0,0,0,0.0,65.67,0.0
DEMO_000218,CUST_0080,2025-01-10 01:00:00,Email,LOYALTY,Fashion,East,1,2,9,1,136,0,81.69,0.0,0.0,0,1,81.69,51.4,30.29
DEMO_000219,CUST_0372,2025-01-10 02:00:00,Social,FLASH20,Home,West,1,3,3,1,256,1,169.55,0.0,0.0,0,1,169.55,97.01,72.54
DEMO_000220,CUST_0751,2025-01-10 03:00:00,Email,WELCOME10,Sports,South,0,0,6,0,118,2,77.94,0.15,11.69,1,1,66.25,39.93,26.32
DEMO_000221,CUST_0106,2025-01-10 04:00:00,Direct,WELCOME10,Electronics,East,0,0,5,0,120,2,198.04,0.0,0.0,0,1,198.04,130.77,67.27
DEMO_000222,CUST_0379,2025-01-10 05:00:00,Email,FLASH20,Beauty,South,1,1,2,0,86,0,204.07,0.0,0.0,0,0,0.0,133.34,0.0
DEMO_000223,CUST_0586,2025-01-10 06:00:00,Email,RETARGET,Fashion,North,0,1,6,0,189,2,111.66,0.0,0.0,0,0,0.0,71.21,0.0
DEMO_000224,CUST_0168,2025-01-10 07:00:00,Organic,WELCOME10,Home,East,0,1,7,1,129,2,83.8,0.0,0.0,0,0,0.0,49.69,0.0
DEMO_000225,CUST_0601,2025-01-10 08:00:00,Organic,RETARGET,Home,West,1,6,1,1,310,2,82.0,0.25,20.5,1,1,61.5,48.5,13.0
DEMO_000226,CUST_0254,2025-01-10 09:00:00,Organic,LOYALTY,Home,East,0,0,3,0,355,1,68.56,0.0,0.0,0,0,0.0,39.22,0.0
DEMO_000227,CUST_0673,2025-01-10 10:00:00,PPC,WELCOME10,Electronics,South,0,1,8,1,262,4,74.06,0.0,0.0,0,0,0.0,36.45,0.0
DEMO_000228,CUST_0482,2025-01-10 11:00:00,Direct,SUMMER15,Sports,North,0,0,1,0,318,0,103.42,0.0,0.0,0,1,103.42,63.84,39.58
DEMO_000229,CUST_0455,2025-01-10 12:00:00,Organic,SUMMER15,Beauty,West,1,2,7,1,217,1,87.2,0.25,21.8,1,0,0.0,49.68,0.0
DEMO_000230,CUST_0147,2025-01-10 13:00:00,Organic,RETARGET,Beauty,West,0,0,5,1,158,2,54.36,0.2,10.87,1,1,43.49,31.29,12.2
DEMO_000231,CUST_0385,2025-01-10 14:00:00,PPC,FLASH20,Beauty,West,1,2,4,1,196,0,90.23,0.0,0.0,0,0,0.0,54.89,0.0
DEMO_000232,CUST_0713,2025-01-10 15:00:00,Email,SUMMER15,Sports,South,0,0,4,1,110,1,116.96,0.1,11.7,1,1,105.26,62.64,42.62
DEMO_000233,CUST_0016,2025-01-10 16:00:00,Organic,SUMMER15,Beauty,East,0,0,2,1,174,1,96.29,0.0,0.0,0,1,96.29,58.93,37.36
DEMO_000234,CUST_0631,2025-01-10 17:00:00,Email,FLASH20,Home,South,0,0,5,1,212,2,74.98,0.0,0.0,0,0,0.0,38.02,0.0
DEMO_000235,CUST_0410,2025-01-10 18:00:00,Organic,WELCOME10,Sports,North,1,2,6,1,234,1,38.24,0.0,0.0,0,0,0.0,24.82,0.0
DEMO_000236,CUST_0599,2025-01-10 19:00:00,Email,SUMMER15,Home,North,0,0,5,0,324,3,187.81,0.0,0.0,0,0,0.0,127.11,0.0
DEMO_000237,CUST_0552,2025-01-10 20:00:00,Direct,WELCOME10,Sports,South,1,3,9,0,390,1,110.19,0.0,0.0,0,0,0.0,64.58,0.0
DEMO_000238,CUST_0359,2025-01-10 21:00:00,Organic,LOYALTY,Beauty,East,0,0,4,1,257,3,129.58,0.2,25.92,1,0,0.0,69.68,0.0
DEMO_000239,CUST_0257,2025-01-10 22:00:00,Direct,LOYALTY,Fashion,North,0,0,6,1,141,2,121.68,0.15,18.25,1,0,0.0,62.83,0.0
DEMO_000240,CUST_0522,2025-01-10 23:00:00,Organic,FLASH20,Fashion,East,0,1,5,0,91,3,140.3,0.2,28.06,1,0,0.0,91.94,0.0
DEMO_000241,CUST_0116,2025-01-11 00:00:00,Email,WELCOME10,Home,South,0,1,6,1,176,2,124.99,0.15,18.75,1,0,0.0,65.64,0.0
DEMO_000242,CUST_0486,2025-01-11 01:00:00,Social,SUMMER15,Home,West,0,1,5,0,112,1,117.26,0.0,0.0,0,0,0.0,74.72,0.0
DEMO_000243,CUST_0078,2025-01-11 02:00:00,Organic,RETARGET,Fashion,South,1,2,6,1,259,0,158.14,0.0,0.0,0,0,0.0,86.02,0.0
DEMO_000244,CUST_0541,2025-01-11 03:00:00,Social,SUMMER15,Electronics,North,1,4,6,0,94,0,174.17,0.1,17.42,1,1,156.75,113.62,43.13
DEMO_000245,CUST_0523,2025-01-11 04:00:00,PPC,WELCOME10,Beauty,South,1,2,1,0,396,2,209.03,0.0,0.0,0,0,0.0,114.82,0.0
DEMO_000246,CUST_0070,2025-01-11 05:00:00,Organic,WELCOME10,Fashion,West,1,3,6,0,295,1,77.14,0.1,7.71,1,0,0.0,44.97,0.0
DEMO_000247,CUST_0630,2025-01-11 06:00:00,Direct,RETARGET,Electronics,South,1,7,8,0,331,1,125.49,0.0,0.0,0,1,125.49,60.01,65.48
DEMO_000248,CUST_0346,2025-01-11 07:00:00,Organic,WELCOME10,Fashion,East,1,1,8,0,122,3,54.47,0.2,10.89,1,1,43.58,36.73,6.85
DEMO_000249,CUST_0655,2025-01-11 08:00:00,PPC,FLASH20,Home,West,0,0,6,0,94,3,90.32,0.15,13.55,1,0,0.0,52.34,0.0
DEMO_000250,CUST_0034,2025-01-11 09:00:00,Social,RETARGET,Fashion,South,1,4,8,1,167,2,102.65,0.0,0.0,0,0,0.0,60.82,0.0
DEMO_000251,CUST_0149,2025-01-11 10:00:00,Social,LOYALTY,Fashion,East,1,3,8,1,242,0,156.56,0.0,0.0,0,1,156.56,74.97,81.59
DEMO_000252,CUST_0411,2025-01-11 11:00:00,Direct,FLASH20,Beauty,North,0,1,7,1,230,0,106.38,0.0,0.0,0,1,106.38,64.77,41.61
DEMO_000253,CUST_0156,2025-01-11 12:00:00,PPC,SUMMER15,Home,South,1,2,5,0,373,3,151.83,0.2,30.37,1,1,121.46,83.22,38.24
DEMO_000254,CUST_0274,2025-01-11 13:00:00,PPC,WELCOME10,Fashion,South,1,3,11,0,412,0,96.03,0.0,0.0,0,0,0.0,52.56,0.0
DEMO_000255,CUST_0550,2025-01-11 14:00:00,Social,WELCOME10,Beauty,East,0,0,5,1,249,3,86.49,0.0,0.0,0,0,0.0,48.34,0.0
DEMO_000256,CUST_0120,2025-01-11 15:00:00,Organic,RETARGET,Electronics,West,1,1,10,1,121,1,78.18,0.25,19.55,1,0,0.0,44.82,0.0
DEMO_000257,CUST_0564,2025-01-11 16:00:00,Social,WELCOME10,Home,South,0,1,3,1,202,3,153.06,0.15,22.96,1,1,130.1,97.16,32.94
DEMO_000258,CUST_0086,2025-01-11 17:00:00,PPC,WELCOME10,Sports,South,0,2,3,0,681,2,94.61,0.0,0.0,0,0,0.0,50.01,0.0
DEMO_000259,CUST_0145,2025-01-11 18:00:00,Email,RETARGET,Fashion,West,0,1,4,1,124,0,37.64,0.0,0.0,0,1,37.64,24.56,13.08
DEMO_000260,CUST_0489,2025-01-11 19:00:00,Social,FLASH20,Sports,South,1,3,7,1,264,1,149.32,0.1,14.93,1,1,134.39,71.0,63.39
DEMO_000261,CUST_0660,2025-01-11 20:00:00,Email,SUMMER15,Beauty,East,0,0,4,1,167,0,73.83,0.0,0.0,0,0,0.0,42.23,0.0
DEMO_000262,CUST_0142,2025-01-11 21:00:00,Email,LOYALTY,Electronics,East,1,2,13,1,559,3,122.36,0.1,12.24,1,1,110.12,74.14,35.98
DEMO_000263,CUST_0249,2025-01-11 22:00:00,Organic,FLASH20,Sports,North,0,1,4,0,226,2,67.48,0.15,10.12,1,0,0.0,45.43,0.0
DEMO_000264,CUST_0770,2025-01-11 23:00:00,Social,RETARGET,Beauty,West,0,0,8,1,168,0,112.91,0.0,0.0,0,1,112.91,61.15,51.76
DEMO_000265,CUST_0824,2025-01-12 00:00:00,Direct,FLASH20,Home,South,1,1,5,1,188,0,30.82,0.0,0.0,0,0,0.0,18.68,0.0
DEMO_000266,CUST_0484,2025-01-12 01:00:00,PPC,LOYALTY,Electronics,East,0,1,4,1,96,1,110.48,0.0,0.0,0,1,110.48,69.7,40.78
DEMO_000267,CUST_0372,2025-01-12 02:00:00,Email,RETARGET,Electronics,South,1,2,6,1,263,0,75.65,0.0,0.0,0,1,75.65,48.53,27.12
DEMO_000268,CUST_0288,2025-01-12 03:00:00,Direct,FLASH20,Fashion,West,0,1,1,0,216,1,63.4,0.0,0.0,0,0,0.0,41.9,0.0
DEMO_000269,CUST_0510,2025-01-12 04:00:00,Email,SUMMER15,Electronics,East,1,5,7,1,123,0,158.2,0.0,0.0,0,1,158.2,83.78,74.42
DEMO_000270,CUST_0492,2025-01-12 05:00:00,Email,RETARGET,Sports,North,1,1,4,1,308,1,106.34,0.0,0.0,0,0,0.0,68.46,0.0
DEMO_000271,CUST_0245,2025-01-12 06:00:00,PPC,SUMMER15,Sports,North,0,0,7,0,409,1,100.5,0.1,10.05,1,0,0.0,67.34,0.0
DEMO_000272,CUST_0018,2025-01-12 07:00:00,Organic,WELCOME10,Fashion,West,0,1,4,0,84,3,80.97,0.15,12.15,1,0,0.0,45.18,0.0
DEMO_000273,CUST_0126,2025-01-12 08:00:00,Direct,FLASH20,Fashion,East,0,0,8,1,305,2,167.76,0.1,16.78,1,1,150.98,102.16,48.82
DEMO_000274,CUST_0798,2025-01-12 09:00:00,Social,RETARGET,Beauty,South,1,0,8,1,308,0,92.24,0.0,0.0,0,0,0.0,48.36,0.0
DEMO_000275,CUST_0348,2025-01-12 10:00:00,Social,WELCOME10,Electronics,North,1,4,7,1,249,0,219.09,0.0,0.0,0,1,219.09,111.51,107.58
DEMO_000276,CUST_0401,2025-01-12 11:00:00,Email,RETARGET,Beauty,North,0,1,2,0,207,0,195.06,0.0,0.0,0,0,0.0,100.25,0.0
DEMO_000277,CUST_0389,2025-01-12 12:00:00,PPC,RETARGET,Sports,West,0,1,7,0,135,1,213.02,0.05,10.65,1,0,0.0,98.38,0.0
DEMO_000278,CUST_0652,2025-01-12 13:00:00,Organic,RETARGET,Electronics,West,1,2,9,0,45,0,173.4,0.0,0.0,0,1,173.4,101.1,72.3
DEMO_000279,CUST_0054,2025-01-12 14:00:00,Email,FLASH20,Electronics,South,0,0,3,0,223,3,85.39,0.25,21.35,1,1,64.04,55.35,8.69
DEMO_000280,CUST_0068,2025-01-12 15:00:00,PPC,SUMMER15,Sports,North,1,3,10,0,293,0,114.85,0.0,0.0,0,0,0.0,59.27,0.0
DEMO_000281,CUST_0229,2025-01-12 16:00:00,PPC,FLASH20,Home,South,1,0,5,1,149,1,102.37,0.1,10.24,1,1,92.13,46.81,45.32
DEMO_000282,CUST_0405,2025-01-12 17:00:00,Email,WELCOME10,Home,North,0,1,2,0,119,3,163.56,0.15,24.53,1,0,0.0,84.25,0.0
DEMO_000283,CUST_0559,2025-01-12 18:00:00,Organic,RETARGET,Beauty,East,0,2,3,1,160,3,111.63,0.1,11.16,1,0,0.0,70.06,0.0
DEMO_000284,CUST_0408,2025-01-12 19:00:00,Social,LOYALTY,Fashion,East,0,0,4,1,282,1,100.54,0.0,0.0,0,0,0.0,55.59,0.0
DEMO_000285,CUST_0367,2025-01-12 20:00:00,Email,FLASH20,Fashion,West,0,1,5,0,214,2,236.54,0.0,0.0,0,0,0.0,148.18,0.0
DEMO_000286,CUST_0781,2025-01-12 21:00:00,Organic,FLASH20,Electronics,South,1,5,2,1,153,2,96.8,0.1,9.68,1,1,87.12,48.39,38.73
DEMO_000287,CUST_0134,2025-01-12 22:00:00,Social,LOYALTY,Home,North,1,2,4,0,177,0,84.69,0.1,8.47,1,1,76.22,50.61,25.61
DEMO_000288,CUST_0476,2025-01-12 23:00:00,Social,FLASH20,Sports,North,1,4,6,0,181,0,93.61,0.1,9.36,1,1,84.25,57.86,26.39
DEMO_000289,CUST_0451,2025-01-13 00:00:00,Social,RETARGET,Electronics,South,1,4,15,1,275,0,181.65,0.0,0.0,0,1,181.65,115.55,66.1
DEMO_000290,CUST_0394,2025-01-13 01:00:00,PPC,RETARGET,Electronics,East,0,0,6,1,194,0,122.06,0.1,12.21,1,0,0.0,74.13,0.0
DEMO_000291,CUST_0672,2025-01-13 02:00:00,Social,RETARGET,Electronics,North,1,1,14,0,340,1,137.87,0.1,13.79,1,0,0.0,90.92,0.0
DEMO_000292,CUST_0222,2025-01-13 03:00:00,PPC,LOYALTY,Sports,West,0,1,2,0,227,1,124.74,0.0,0.0,0,0,0.0,59.75,0.0
DEMO_000293,CUST_0794,2025-01-13 04:00:00,PPC,LOYALTY,Beauty,South,0,1,4,0,336,0,41.81,0.0,0.0,0,1,41.81,24.11,17.7
DEMO_000294,CUST_0276,2025-01-13 05:00:00,Email,SUMMER15,Sports,West,0,2,7,1,273,3,69.34,0.1,6.93,1,0,0.0,38.38,0.0
DEMO_000295,CUST_0453,2025-01-13 06:00:00,Organic,WELCOME10,Home,South,1,3,6,1,285,2,98.94,0.1,9.89,1,0,0.0,67.26,0.0
DEMO_000296,CUST_0433,2025-01-13 07:00:00,PPC,FLASH20,Fashion,North,1,0,6,0,64,0,129.24,0.25,32.31,1,0,0.0,74.49,0.0
DEMO_000297,CUST_0707,2025-01-13 08:00:00,PPC,RETARGET,Fashion,North,0,0,3,0,213,1,72.03,0.15,10.8,1,0,0.0,43.77,0.0
DEMO_000298,CUST_0365,2025-01-13 09:00:00,Social,WELCOME10,Sports,East,1,4,5,0,175,0,71.04,0.1,7.1,1,1,63.94,46.98,16.96
DEMO_000299,CUST_0237,2025-01-13 10:00:00,PPC,FLASH20,Home,East,0,0,3,0,356,2,97.46,0.2,19.49,1,1,77.97,47.05,30.92
DEMO_000300,CUST_0018,2025-01-13 11:00:00,PPC,WELCOME10,Electronics,West,0,0,5,1,378,3,203.74,0.05,10.19,1,0,0.0,107.58,0.0
DEMO_000301,CUST_0302,2025-01-13 12:00:00,Email,FLASH20,Beauty,West,0,0,4,1,427,2,42.57,0.0,0.0,0,1,42.57,22.32,20.25
DEMO_000302,CUST_0688,2025-01-13 13:00:00,PPC,WELCOME10,Home,North,1,3,7,1,170,3,34.02,0.0,0.0,0,1,34.02,16.22,17.8
DEMO_000303,CUST_0008,2025-01-13 14:00:00,PPC,LOYALTY,Beauty,South,0,0,6,1,233,2,244.91,0.25,61.23,1,1,183.68,141.75,41.93
DEMO_000304,CUST_0746,2025-01-13 15:00:00,PPC,RETARGET,Beauty,North,0,4,3,1,448,0,56.34,0.0,0.0,0,1,56.34,29.33,27.01
DEMO_000305,CUST_0452,2025-01-13 16:00:00,Email,LOYALTY,Sports,North,0,1,6,0,118,2,93.47,0.0,0.0,0,0,0.0,45.61,0.0
DEMO_000306,CUST_0116,2025-01-13 17:00:00,Social,LOYALTY,Fashion,North,1,2,6,0,358,0,57.09,0.0,0.0,0,0,0.0,25.98,0.0
DEMO_000307,CUST_0251,2025-01-13 18:00:00,Direct,SUMMER15,Home,North,1,4,8,0,336,0,97.89,0.0,0.0,0,1,97.89,44.61,53.28
DEMO_000308,CUST_0461,2025-01-13 19:00:00,Organic,FLASH20,Electronics,East,0,1,4,0,179,2,105.5,0.25,26.38,1,0,0.0,56.96,0.0
DEMO_000309,CUST_0262,2025-01-13 20:00:00,Organic,WELCOME10,Beauty,North,1,2,7,0,454,0,231.55,0.0,0.0,0,1,231.55,136.73,94.82
DEMO_000310,CUST_0090,2025-01-13 21:00:00,Direct,SUMMER15,Beauty,North,0,3,4,0,344,0,155.14,0.0,0.0,0,0,0.0,77.4,0.0
DEMO_000311,CUST_0554,2025-01-13 22:00:00,Direct,FLASH20,Electronics,North,0,0,5,1,130,3,62.97,0.0,0.0,0,0,0.0,41.52,0.0
DEMO_000312,CUST_0559,2025-01-13 23:00:00,Organic,LOYALTY,Beauty,East,1,3,7,1,465,0,47.53,0.25,11.88,1,0,0.0,23.69,0.0
DEMO_000313,CUST_0099,2025-01-14 00:00:00,Direct,WELCOME10,Fashion,East,1,2,5,0,179,0,140.45,0.1,14.04,1,0,0.0,71.94,0.0
DEMO_000314,CUST_0234,2025-01-14 01:00:00,Direct,RETARGET,Electronics,West,0,1,6,0,232,1,88.78,0.0,0.0,0,0,0.0,46.16,0.0
DEMO_000315,CUST_0203,2025-01-14 02:00:00,Social,FLASH20,Fashion,North,1,5,7,1,283,1,81.01,0.2,16.2,1,0,0.0,39.39,0.0
DEMO_000316,CUST_0549,2025-01-14 03:00:00,Organic,RETARGET,Fashion,North,0,2,4,1,316,1,191.17,0.0,0.0,0,0,0.0,129.96,0.0
DEMO_000317,CUST_0608,2025-01-14 04:00:00,Email,FLASH20,Electronics,South,1,4,6,1,452,0,50.89,0.25,12.72,1,0,0.0,31.29,0.0
DEMO_000318,CUST_0605,2025-01-14 05:00:00,Email,FLASH20,Fashion,East,1,4,5,0,230,1,95.12,0.0,0.0,0,1,95.12,49.38,45.74
DEMO_000319,CUST_0781,2025-01-14 06:00:00,Organic,LOYALTY,Beauty,North,1,2,8,0,172,0,148.99,0.0,0.0,0,0,0.0,100.39,0.0
DEMO_000320,CUST_0640,2025-01-14 07:00:00,Organic,RETARGET,Electronics,North,0,1,7,1,151,2,65.95,0.0,0.0,0,0,0.0,39.31,0.0
DEMO_000321,CUST_0267,2025-01-14 08:00:00,PPC,WELCOME10,Sports,South,1,4,7,1,189,1,201.17,0.0,0.0,0,0,0.0,126.12,0.0
DEMO_000322,CUST_0089,2025-01-14 09:00:00,Organic,FLASH20,Sports,North,1,6,10,0,331,2,71.15,0.0,0.0,0,1,71.15,37.64,33.51
DEMO_000323,CUST_0511,2025-01-14 10:00:00,Organic,WELCOME10,Fashion,South,0,1,4,0,371,1,108.67,0.2,21.73,1,0,0.0,54.32,0.0
DEMO_000324,CUST_0763,2025-01-14 11:00:00,Social,FLASH20,Sports,West,0,0,7,0,149,1,82.11,0.0,0.0,0,0,0.0,45.44,0.0
DEMO_000325,CUST_0812,2025-01-14 12:00:00,Email,RETARGET,Fashion,East,1,4,5,0,296,1,32.69,0.2,6.54,1,1,26.15,17.84,8.31
DEMO_000326,CUST_0191,2025-01-14 13:00:00,Email,RETARGET,Beauty,South,0,0,3,0,132,3,92.83,0.15,13.92,1,0,0.0,62.79,0.0
DEMO_000327,CUST_0196,2025-01-14 14:00:00,Social,SUMMER15,Sports,South,1,2,10,1,103,1,160.22,0.0,0.0,0,0,0.0,77.45,0.0
DEMO_000328,CUST_0031,2025-01-14 15:00:00,Direct,SUMMER15,Fashion,West,0,1,6,1,122,0,70.42,0.2,14.08,1,0,0.0,33.88,0.0
DEMO_000329,CUST_0117,2025-01-14 16:00:00,Direct,FLASH20,Home,East,1,1,4,0,348,1,84.55,0.0,0.0,0,1,84.55,50.13,34.42
DEMO_000330,CUST_0462,2025-01-14 17:00:00,Direct,SUMMER15,Home,East,0,0,2,1,105,3,88.91,0.15,13.34,1,1,75.57,51.5,24.07
DEMO_000331,CUST_0455,2025-01-14 18:00:00,Direct,WELCOME10,Electronics,West,1,2,7,0,281,0,142.77,0.1,14.28,1,0,0.0,82.18,0.0
DEMO_000332,CUST_0308,2025-01-14 19:00:00,PPC,SUMMER15,Home,North,1,3,8,0,220,1,95.4,0.0,0.0,0,0,0.0,51.97,0.0
DEMO_000333,CUST_0258,2025-01-14 20:00:00,PPC,FLASH20,Fashion,North,0,1,4,0,360,2,113.34,0.05,5.67,1,1,107.67,60.42,47.25
DEMO_000334,CUST_0691,2025-01-14 21:00:00,PPC,FLASH20,Electronics,South,1,6,8,1,256,0,114.01,0.0,0.0,0,1,114.01,53.59,60.42
DEMO_000335,CUST_0383,2025-01-14 22:00:00,Organic,RETARGET,Electronics,South,1,1,6,1,300,0,88.63,0.0,0.0,0,1,88.63,56.04,32.59
DEMO_000336,CUST_0673,2025-01-14 23:00:00,Direct,FLASH20,Home,North,0,1,4,1,267,1,239.93,0.0,0.0,0,1,239.93,132.61,107.32
DEMO_000337,CUST_0802,2025-01-15 00:00:00,PPC,SUMMER15,Electronics,North,0,1,9,1,284,0,70.71,0.0,0.0,0,1,70.71,46.41,24.3
DEMO_000338,CUST_0264,2025-01-15 01:00:00,Organic,LOYALTY,Beauty,West,1,4,5,0,187,0,153.9,0.0,0.0,0,0,0.0,86.8,0.0
DEMO_000339,CUST_0168,2025-01-15 02:00:00,PPC,LOYALTY,Sports,East,1,2,3,0,253,0,199.16,0.0,0.0,0,1,199.16,131.01,68.15
DEMO_000340,CUST_0793,2025-01-15 03:00:00,Email,FLASH20,Electronics,East,0,0,5,0,160,2,105.4,0.2,21.08,1,1,84.32,69.83,14.49
DEMO_000341,CUST_0528,2025-01-15 04:00:00,Email,FLASH20,Home,North,1,4,4,0,318,1,115.28,0.0,0.0,0,0,0.0,66.7,0.0
DEMO_000342,CUST_0242,2025-01-15 05:00:00,Email,SUMMER15,Home,South,0,1,3,1,254,2,142.4,0.1,14.24,1,1,128.16,90.2,37.96
DEMO_000343,CUST_0518,2025-01-15 06:00:00,Direct,RETARGET,Sports,East,0,1,6,1,354,0,94.91,0.1,9.49,1,0,0.0,44.98,0.0
DEMO_000344,CUST_0429,2025-01-15 07:00:00,PPC,RETARGET,Home,East,1,5,6,1,170,2,47.79,0.05,2.39,1,0,0.0,22.79,0.0
DEMO_000345,CUST_0754,2025-01-15 08:00:00,Social,WELCOME10,Home,East,0,0,8,0,151,3,100.26,0.15,15.04,1,0,0.0,61.27,0.0
DEMO_000346,CUST_0213,2025-01-15 09:00:00,Social,SUMMER15,Sports,East,0,2,2,0,73,0,235.24,0.0,0.0,0,0,0.0,108.61,0.0
DEMO_000347,CUST_0825,2025-01-15 10:00:00,Email,SUMMER15,Sports,South,0,2,2,0,236,1,144.89,0.15,21.73,1,0,0.0,88.91,0.0
DEMO_000348,CUST_0779,2025-01-15 11:00:00,Email,RETARGET,Beauty,West,0,0,7,0,230,3,116.13,0.0,0.0,0,0,0.0,58.42,0.0
DEMO_000349,CUST_0150,2025-01-15 12:00:00,Social,WELCOME10,Home,South,0,0,5,1,187,3,157.64,0.25,39.41,1,0,0.0,79.45,0.0
DEMO_000350,CUST_0137,2025-01-15 13:00:00,PPC,SUMMER15,Beauty,North,1,2,8,1,242,0,105.11,0.0,0.0,0,0,0.0,56.01,0.0
DEMO_000351,CUST_0444,2025-01-15 14:00:00,Direct,SUMMER15,Sports,West,1,3,5,1,149,2,113.67,0.0,0.0,0,0,0.0,75.32,0.0
DEMO_000352,CUST_0037,2025-01-15 15:00:00,Email,FLASH20,Beauty,North,1,4,5,0,336,0,92.38,0.15,13.86,1,0,0.0,56.67,0.0
DEMO_000353,CUST_0248,2025-01-15 16:00:00,Social,SUMMER15,Electronics,South,1,4,9,1,379,0,139.06,0.15,20.86,1,1,118.2,86.61,31.59
DEMO_000354,CUST_0362,2025-01-15 17:00:00,Social,FLASH20,Beauty,North,0,1,5,0,187,3,88.12,0.1,8.81,1,1,79.31,55.52,23.79
DEMO_000355,CUST_0807,2025-01-15 18:00:00,Email,LOYALTY,Home,North,0,0,7,1,217,1,97.33,0.0,0.0,0,0,0.0,62.42,0.0
DEMO_000356,CUST_0826,2025-01-15 19:00:00,PPC,RETARGET,Beauty,South,1,3,10,0,63,0,166.59,0.0,0.0,0,1,166.59,81.49,85.1
DEMO_000357,CUST_0126,2025-01-15 20:00:00,Direct,WELCOME10,Beauty,North,0,1,1,0,299,0,102.78,0.0,0.0,0,0,0.0,68.52,0.0
DEMO_000358,CUST_0742,2025-01-15 21:00:00,PPC,WELCOME10,Fashion,South,0,1,2,0,112,2,144.66,0.1,14.47,1,0,0.0,78.31,0.0
DEMO_000359,CUST_0075,2025-01-15 22:00:00,PPC,WELCOME10,Sports,West,1,1,9,0,314,2,150.14,0.0,0.0,0,0,0.0,86.96,0.0
DEMO_000360,CUST_0623,2025-01-15 23:00:00,PPC,RETARGET,Fashion,North,1,2,7,0,71,1,108.36,0.0,0.0,0,0,0.0,68.96,0.0
DEMO_000361,CUST_0704,2025-01-16 00:00:00,PPC,LOYALTY,Fashion,West,1,1,6,0,97,0,95.84,0.1,9.58,1,1,86.26,61.92,24.34
DEMO_000362,CUST_0742,2025-01-16 01:00:00,Social,FLASH20,Home,South,0,1,7,1,134,1,61.94,0.0,0.0,0,1,61.94,35.08,26.86
DEMO_000363,CUST_0186,2025-01-16 02:00:00,Social,LOYALTY,Fashion,East,0,1,7,1,158,3,68.49,0.15,10.27,1,0,0.0,39.4,0.0
DEMO_000364,CUST_0744,2025-01-16 03:00:00,PPC,FLASH20,Electronics,South,0,1,3,0,611,4,147.54,0.15,22.13,1,0,0.0,80.29,0.0
DEMO_000365,CUST_0096,2025-01-16 04:00:00,Social,SUMMER15,Fashion,South,1,3,3,1,224,1,146.32,0.0,0.0,0,1,146.32,67.51,78.81
DEMO_000366,CUST_0432,2025-01-16 05:00:00,Email,FLASH20,Beauty,North,0,1,6,0,274,0,71.85,0.0,0.0,0,1,71.85,43.03,28.82
DEMO_000367,CUST_0391,2025-01-16 06:00:00,Email,LOYALTY,Electronics,East,0,2,4,1,144,3,134.07,0.05,6.7,1,0,0.0,81.21,0.0
DEMO_000368,CUST_0263,2025-01-16 07:00:00,Organic,WELCOME10,Home,West,0,0,6,1,170,0,123.64,0.0,0.0,0,1,123.64,69.09,54.55
DEMO_000369,CUST_0018,2025-01-16 08:00:00,Direct,LOYALTY,Electronics,East,1,6,11,0,483,0,170.88,0.15,25.63,1,1,145.25,78.79,66.46
DEMO_000370,CUST_0643,2025-01-16 09:00:00,Email,FLASH20,Beauty,East,1,1,6,0,178,2,297.22,0.15,44.58,1,0,0.0,172.43,0.0
DEMO_000371,CUST_0279,2025-01-16 10:00:00,Email,WELCOME10,Beauty,East,0,0,4,1,259,2,145.28,0.25,36.32,1,0,0.0,68.82,0.0
DEMO_000372,CUST_0551,2025-01-16 11:00:00,Organic,SUMMER15,Sports,South,0,0,3,0,245,2,82.2,0.0,0.0,0,0,0.0,45.57,0.0
DEMO_000373,CUST_0341,2025-01-16 12:00:00,Social,FLASH20,Electronics,North,0,0,3,0,449,3,156.73,0.15,23.51,1,0,0.0,99.31,0.0
DEMO_000374,CUST_0311,2025-01-16 13:00:00,Email,SUMMER15,Beauty,East,0,0,6,0,29,2,70.18,0.0,0.0,0,0,0.0,35.25,0.0
DEMO_000375,CUST_0738,2025-01-16 14:00:00,PPC,SUMMER15,Home,West,1,0,6,0,348,2,304.79,0.0,0.0,0,0,0.0,201.57,0.0
DEMO_000376,CUST_0078,2025-01-16 15:00:00,Social,LOYALTY,Fashion,South,0,2,6,0,387,0,64.59,0.1,6.46,1,0,0.0,39.59,0.0
DEMO_000377,CUST_0613,2025-01-16 16:00:00,PPC,FLASH20,Fashion,West,1,2,4,0,260,0,136.64,0.0,0.0,0,0,0.0,69.58,0.0
DEMO_000378,CUST_0622,2025-01-16 17:00:00,Email,FLASH20,Sports,West,1,4,7,1,209,0,112.26,0.0,0.0,0,1,112.26,56.45,55.81
DEMO_000379,CUST_0316,2025-01-16 18:00:00,Email,LOYALTY,Electronics,North,1,5,7,1,275,0,93.12,0.0,0.0,0,1,93.12,43.5,49.62
DEMO_000380,CUST_0218,2025-01-16 19:00:00,PPC,WELCOME10,Fashion,East,1,5,7,0,89,0,90.52,0.0,0.0,0,1,90.52,58.93,31.59
DEMO_000381,CUST_0004,2025-01-16 20:00:00,Organic,SUMMER15,Home,East,0,1,1,0,46,2,207.02,0.15,31.05,1,0,0.0,96.16,0.0
DEMO_000382,CUST_0780,2025-01-16 21:00:00,Direct,WELCOME10,Home,South,0,2,3,0,210,1,144.73,0.0,0.0,0,0,0.0,85.98,0.0
DEMO_000383,CUST_0789,2025-01-16 22:00:00,Organic,RETARGET,Electronics,East,0,0,7,1,69,2,104.74,0.2,20.95,1,1,83.79,65.24,18.55
DEMO_000384,CUST_0200,2025-01-16 23:00:00,Social,WELCOME10,Home,West,1,4,7,1,185,2,244.57,0.0,0.0,0,0,0.0,124.41,0.0
DEMO_000385,CUST_0026,2025-01-17 00:00:00,Direct,RETARGET,Home,East,0,0,6,1,148,2,106.33,0.1,10.63,1,1,95.7,57.15,38.55
DEMO_000386,CUST_0102,2025-01-17 01:00:00,PPC,WELCOME10,Beauty,West,0,0,3,1,208,4,156.13,0.1,15.61,1,0,0.0,80.81,0.0
DEMO_000387,CUST_0056,2025-01-17 02:00:00,PPC,SUMMER15,Beauty,West,0,1,5,0,166,2,61.36,0.0,0.0,0,0,0.0,38.93,0.0
DEMO_000388,CUST_0692,2025-01-17 03:00:00,Direct,LOYALTY,Home,West,0,0,7,0,81,1,62.86,0.15,9.43,1,1,53.43,42.68,10.75
DEMO_000389,CUST_0742,2025-01-17 04:00:00,PPC,RETARGET,Beauty,West,1,3,7,0,252,0,154.38,0.0,0.0,0,1,154.38,103.93,50.45
DEMO_000390,CUST_0127,2025-01-17 05:00:00,Social,WELCOME10,Sports,North,1,2,8,0,374,1,128.85,0.15,19.33,1,0,0.0,60.04,0.0
DEMO_000391,CUST_0622,2025-01-17 06:00:00,Social,SUMMER15,Beauty,North,0,0,9,0,89,2,294.72,0.1,29.47,1,0,0.0,178.57,0.0
DEMO_000392,CUST_0149,2025-01-17 07:00:00,Email,RETARGET,Sports,North,1,2,10,1,135,1,81.66,0.0,0.0,0,0,0.0,47.73,0.0
DEMO_000393,CUST_0305,2025-01-17 08:00:00,Organic,SUMMER15,Home,North,0,2,4,1,231,3,152.03,0.15,22.8,1,0,0.0,100.93,0.0
DEMO_000394,CUST_0499,2025-01-17 09:00:00,Email,SUMMER15,Fashion,East,0,1,9,0,48,2,100.43,0.15,15.06,1,1,85.37,58.54,26.83
DEMO_000395,CUST_0599,2025-01-17 10:00:00,Email,LOYALTY,Electronics,East,0,1,6,1,234,1,164.3,0.0,0.0,0,0,0.0,91.22,0.0
DEMO_000396,CUST_0728,2025-01-17 11:00:00,Organic,WELCOME10,Electronics,South,1,2,2,1,397,1,158.53,0.15,23.78,1,1,134.75,87.71,47.04
DEMO_000397,CUST_0037,2025-01-17 12:00:00,PPC,RETARGET,Home,North,1,5,9,0,86,0,110.79,0.25,27.7,1,0,0.0,71.61,0.0
DEMO_000398,CUST_0163,2025-01-17 13:00:00,Social,RETARGET,Home,East,0,1,3,1,482,2,80.38,0.05,4.02,1,1,76.36,48.6,27.76
DEMO_000399,CUST_0233,2025-01-17 14:00:00,Direct,RETARGET,Electronics,South,1,0,6,0,144,2,96.29,0.0,0.0,0,0,0.0,44.97,0.0
DEMO_000400,CUST_0258,2025-01-17 15:00:00,Social,SUMMER15,Fashion,West,0,0,6,0,157,1,67.98,0.2,13.6,1,1,54.38,45.19,9.19
DEMO_000401,CUST_0831,2025-01-17 16:00:00,PPC,WELCOME10,Sports,North,0,0,3,0,127,3,132.18,0.1,13.22,1,0,0.0,80.12,0.0
DEMO_000402,CUST_0647,2025-01-17 17:00:00,PPC,FLASH20,Electronics,South,1,4,7,0,292,0,31.69,0.0,0.0,0,0,0.0,15.39,0.0
DEMO_000403,CUST_0266,2025-01-17 18:00:00,PPC,SUMMER15,Home,North,1,4,5,0,199,0,86.36,0.0,0.0,0,0,0.0,48.18,0.0
DEMO_000404,CUST_0809,2025-01-17 19:00:00,Email,RETARGET,Beauty,South,1,4,5,0,149,1,168.48,0.15,25.27,1,1,143.21,85.53,57.68
DEMO_000405,CUST_0415,2025-01-17 20:00:00,Direct,LOYALTY,Sports,West,1,2,13,0,111,1,166.68,0.0,0.0,0,0,0.0,97.68,0.0
DEMO_000406,CUST_0417,2025-01-17 21:00:00,PPC,RETARGET,Beauty,South,0,0,4,0,219,0,54.3,0.1,5.43,1,0,0.0,31.38,0.0
DEMO_000407,CUST_0361,2025-01-17 22:00:00,Email,LOYALTY,Electronics,South,1,6,6,0,389,1,145.81,0.0,0.0,0,0,0.0,98.15,0.0
DEMO_000408,CUST_0119,2025-01-17 23:00:00,Direct,LOYALTY,Fashion,South,1,5,6,1,207,0,67.12,0.1,6.71,1,0,0.0,31.06,0.0
DEMO_000409,CUST_0778,2025-01-18 00:00:00,PPC,WELCOME10,Electronics,South,0,1,2,0,196,2,94.61,0.1,9.46,1,1,85.15,52.37,32.78
DEMO_000410,CUST_0011,2025-01-18 01:00:00,Email,WELCOME10,Beauty,East,0,0,6,0,64,1,158.33,0.15,23.75,1,0,0.0,77.91,0.0
DEMO_000411,CUST_0145,2025-01-18 02:00:00,Email,WELCOME10,Home,West,1,7,10,1,245,0,72.33,0.15,10.85,1,1,61.48,32.91,28.57
DEMO_000412,CUST_0191,2025-01-18 03:00:00,Organic,FLASH20,Beauty,East,0,1,5,1,665,0,213.18,0.05,10.66,1,1,202.52,134.09,68.43
DEMO_000413,CUST_0232,2025-01-18 04:00:00,Social,SUMMER15,Sports,East,0,1,4,0,79,0,125.92,0.2,25.18,1,1,100.74,78.61,22.13
DEMO_000414,CUST_0109,2025-01-18 05:00:00,Email,RETARGET,Beauty,South,1,0,10,1,280,1,138.13,0.0,0.0,0,1,138.13,91.84,46.29
DEMO_000415,CUST_0014,2025-01-18 06:00:00,Direct,WELCOME10,Electronics,North,1,2,4,0,132,1,182.14,0.1,18.21,1,0,0.0,106.61,0.0
DEMO_000416,CUST_0564,2025-01-18 07:00:00,Direct,RETARGET,Sports,East,1,0,5,1,111,1,167.45,0.25,41.86,1,0,0.0,85.2,0.0
DEMO_000417,CUST_0807,2025-01-18 08:00:00,Direct,LOYALTY,Beauty,West,1,1,4,0,143,0,161.01,0.0,0.0,0,0,0.0,85.9,0.0
DEMO_000418,CUST_0101,2025-01-18 09:00:00,Email,WELCOME10,Beauty,East,0,1,8,1,586,1,83.43,0.15,12.51,1,0,0.0,49.14,0.0
DEMO_000419,CUST_0247,2025-01-18 10:00:00,Email,WELCOME10,Home,North,1,6,3,0,228,2,68.04,0.25,17.01,1,1,51.03,40.46,10.57
DEMO_000420,CUST_0421,2025-01-18 11:00:00,Direct,SUMMER15,Beauty,East,0,0,3,1,263,3,98.79,0.2,19.76,1,0,0.0,45.42,0.0
DEMO_000421,CUST_0772,2025-01-18 12:00:00,PPC,SUMMER15,Sports,West,1,1,7,1,134,1,138.86,0.0,0.0,0,0,0.0,91.57,0.0
DEMO_000422,CUST_0578,2025-01-18 13:00:00,Organic,SUMMER15,Fashion,North,0,0,6,1,381,1,62.9,0.0,0.0,0,0,0.0,41.7,0.0
DEMO_000423,CUST_0638,2025-01-18 14:00:00,Social,FLASH20,Sports,North,1,1,7,0,404,1,145.81,0.0,0.0,0,0,0.0,92.39,0.0
DEMO_000424,CUST_0484,2025-01-18 15:00:00,Email,WELCOME10,Electronics,East,1,3,6,0,395,0,132.76,0.0,0.0,0,1,132.76,67.37,65.39
DEMO_000425,CUST_0347,2025-01-18 16:00:00,Social,WELCOME10,Beauty,South,1,5,4,1,368,1,103.36,0.2,20.67,1,1,82.69,54.79,27.9
DEMO_000426,CUST_0166,2025-01-18 17:00:00,Direct,LOYALTY,Sports,East,0,0,2,0,104,2,115.32,0.1,11.53,1,0,0.0,70.52,0.0
DEMO_000427,CUST_0719,2025-01-18 18:00:00,Social,RETARGET,Home,East,0,2,7,1,138,0,115.5,0.0,0.0,0,0,0.0,60.1,0.0
DEMO_000428,CUST_0669,2025-01-18 19:00:00,PPC,SUMMER15,Sports,South,0,3,4,0,43,2,136.83,0.2,27.37,1,0,0.0,73.78,0.0
DEMO_000429,CUST_0020,2025-01-18 20:00:00,Direct,RETARGET,Electronics,North,0,1,6,0,95,2,156.94,0.15,23.54,1,0,0.0,94.74,0.0
DEMO_000430,CUST_0595,2025-01-18 21:00:00,Organic,SUMMER15,Fashion,East,1,4,4,1,273,1,408.36,0.0,0.0,0,1,408.36,186.96,221.4
DEMO_000431,CUST_0070,2025-01-18 22:00:00,Social,SUMMER15,Fashion,South,0,0,5,1,144,2,121.04,0.0,0.0,0,0,0.0,58.31,0.0
DEMO_000432,CUST_0615,2025-01-18 23:00:00,Social,WELCOME10,Fashion,West,1,3,5,1,390,0,83.94,0.1,8.39,1,1,75.55,38.47,37.08
DEMO_000433,CUST_0688,2025-01-19 00:00:00,Social,FLASH20,Electronics,South,0,1,5,1,420,1,47.57,0.0,0.0,0,0,0.0,24.31,0.0
DEMO_000434,CUST_0109,2025-01-19 01:00:00,PPC,FLASH20,Electronics,North,0,1,3,0,358,4,59.53,0.2,11.91,1,0,0.0,33.38,0.0
DEMO_000435,CUST_0361,2025-01-19 02:00:00,Email,LOYALTY,Home,West,1,4,10,0,52,1,79.77,0.2,15.95,1,1,63.82,51.38,12.44
DEMO_000436,CUST_0103,2025-01-19 03:00:00,Email,WELCOME10,Beauty,East,0,0,6,1,264,0,152.97,0.0,0.0,0,0,0.0,75.13,0.0
DEMO_000437,CUST_0472,2025-01-19 04:00:00,Organic,WELCOME10,Electronics,East,0,2,8,1,249,2,93.91,0.15,14.09,1,1,79.82,49.97,29.85
DEMO_000438,CUST_0772,2025-01-19 05:00:00,Organic,FLASH20,Electronics,West,0,0,4,1,403,0,134.7,0.15,20.2,1,1,114.5,60.91,53.59
DEMO_000439,CUST_0067,2025-01-19 06:00:00,Organic,WELCOME10,Beauty,West,0,2,7,0,62,3,80.69,0.1,8.07,1,0,0.0,44.91,0.0
DEMO_000440,CUST_0331,2025-01-19 07:00:00,PPC,WELCOME10,Beauty,West,1,3,4,0,198,0,137.68,0.0,0.0,0,0,0.0,62.76,0.0
DEMO_000441,CUST_0810,2025-01-19 08:00:00,Social,LOYALTY,Fashion,West,0,1,4,0,61,1,166.1,0.2,33.22,1,0,0.0,87.06,0.0
DEMO_000442,CUST_0250,2025-01-19 09:00:00,Direct,RETARGET,Beauty,South,0,0,6,0,324,1,93.6,0.2,18.72,1,1,74.88,60.01,14.87
DEMO_000443,CUST_0110,2025-01-19 10:00:00,PPC,FLASH20,Electronics,North,1,4,10,0,27,0,136.42,0.1,13.64,1,0,0.0,90.76,0.0
DEMO_000444,CUST_0406,2025-01-19 11:00:00,Social,WELCOME10,Fashion,East,0,0,4,1,579,2,92.0,0.15,13.8,1,0,0.0,49.17,0.0
DEMO_000445,CUST_0423,2025-01-19 12:00:00,Social,RETARGET,Sports,West,1,4,11,0,254,3,64.44,0.0,0.0,0,0,0.0,33.19,0.0
DEMO_000446,CUST_0552,2025-01-19 13:00:00,Organic,FLASH20,Beauty,West,0,2,2,1,231,3,143.91,0.0,0.0,0,1,143.91,89.87,54.04
DEMO_000447,CUST_0261,2025-01-19 14:00:00,Email,LOYALTY,Fashion,East,1,6,4,0,121,0,135.06,0.15,20.26,1,0,0.0,82.46,0.0
DEMO_000448,CUST_0796,2025-01-19 15:00:00,Social,WELCOME10,Beauty,East,0,1,4,1,412,0,146.5,0.0,0.0,0,0,0.0,78.67,0.0
DEMO_000449,CUST_0434,2025-01-19 16:00:00,Direct,FLASH20,Fashion,East,0,0,4,0,63,0,172.43,0.15,25.86,1,0,0.0,113.5,0.0
DEMO_000450,CUST_0238,2025-01-19 17:00:00,Social,WELCOME10,Fashion,North,1,2,5,1,76,1,100.29,0.0,0.0,0,0,0.0,55.6,0.0
DEMO_000451,CUST_0799,2025-01-19 18:00:00,Direct,LOYALTY,Home,North,1,5,9,1,296,1,103.67,0.0,0.0,0,0,0.0,68.97,0.0
DEMO_000452,CUST_0770,2025-01-19 19:00:00,Direct,SUMMER15,Fashion,North,1,0,11,1,223,1,98.67,0.0,0.0,0,1,98.67,64.46,34.21
DEMO_000453,CUST_0415,2025-01-19 20:00:00,PPC,RETARGET,Sports,West,1,3,5,0,223,0,131.02,0.0,0.0,0,1,131.02,87.54,43.48
DEMO_000454,CUST_0020,2025-01-19 21:00:00,Organic,WELCOME10,Beauty,West,0,2,4,0,204,0,105.38,0.0,0.0,0,0,0.0,50.06,0.0
DEMO_000455,CUST_0497,2025-01-19 22:00:00,Organic,LOYALTY,Beauty,South,1,5,4,0,267,1,118.71,0.0,0.0,0,1,118.71,60.71,58.0
DEMO_000456,CUST_0462,2025-01-19 23:00:00,Direct,WELCOME10,Beauty,South,1,2,2,0,182,0,81.1,0.15,12.16,1,0,0.0,43.42,0.0
DEMO_000457,CUST_0123,2025-01-20 00:00:00,Email,LOYALTY,Electronics,South,0,1,1,0,143,0,70.64,0.0,0.0,0,0,0.0,43.87,0.0
DEMO_000458,CUST_0528,2025-01-20 01:00:00,PPC,FLASH20,Beauty,North,0,1,7,0,185,3,74.52,0.25,18.63,1,0,0.0,38.57,0.0
DEMO_000459,CUST_0700,2025-01-20 02:00:00,Direct,RETARGET,Beauty,South,0,0,7,1,342,0,135.3,0.0,0.0,0,0,0.0,67.33,0.0
DEMO_000460,CUST_0088,2025-01-20 03:00:00,PPC,LOYALTY,Electronics,South,1,4,5,0,305,1,110.03,0.15,16.5,1,0,0.0,58.21,0.0
DEMO_000461,CUST_0602,2025-01-20 04:00:00,Social,SUMMER15,Sports,East,0,2,7,0,229,2,89.83,0.0,0.0,0,0,0.0,46.85,0.0
DEMO_000462,CUST_0116,2025-01-20 05:00:00,PPC,WELCOME10,Sports,West,0,0,1,0,34,2,151.18,0.1,15.12,1,1,136.06,96.36,39.7
DEMO_000463,CUST_0623,2025-01-20 06:00:00,Direct,FLASH20,Beauty,North,1,3,7,0,214,0,216.16,0.0,0.0,0,0,0.0,146.48,0.0
DEMO_000464,CUST_0349,2025-01-20 07:00:00,Direct,FLASH20,Sports,South,1,1,7,0,55,0,89.78,0.0,0.0,0,1,89.78,46.68,43.1
DEMO_000465,CUST_0005,2025-01-20 08:00:00,PPC,WELCOME10,Electronics,West,0,0,5,0,314,0,68.87,0.2,13.77,1,1,55.1,31.81,23.29
DEMO_000466,CUST_0804,2025-01-20 09:00:00,Social,FLASH20,Fashion,West,1,3,8,1,340,0,171.62,0.0,0.0,0,1,171.62,105.72,65.9
DEMO_000467,CUST_0138,2025-01-20 10:00:00,PPC,SUMMER15,Electronics,West,0,0,3,1,150,5,112.95,0.15,16.94,1,0,0.0,63.31,0.0
DEMO_000468,CUST_0496,2025-01-20 11:00:00,Organic,SUMMER15,Fashion,East,1,2,8,0,262,0,103.28,0.0,0.0,0,1,103.28,56.78,46.5
DEMO_000469,CUST_0151,2025-01-20 12:00:00,Organic,WELCOME10,Home,North,0,1,2,0,193,1,177.33,0.0,0.0,0,0,0.0,94.12,0.0
DEMO_000470,CUST_0777,2025-01-20 13:00:00,Social,SUMMER15,Home,West,0,2,1,1,163,0,99.67,0.25,24.92,1,0,0.0,55.63,0.0
DEMO_000471,CUST_0615,2025-01-20 14:00:00,Email,SUMMER15,Fashion,East,1,2,10,1,309,1,134.11,0.0,0.0,0,1,134.11,64.55,69.56
DEMO_000472,CUST_0670,2025-01-20 15:00:00,Email,WELCOME10,Home,West,0,0,6,0,422,1,120.56,0.0,0.0,0,0,0.0,71.23,0.0
DEMO_000473,CUST_0359,2025-01-20 16:00:00,Social,FLASH20,Home,West,0,1,3,0,139,2,483.0,0.2,96.6,1,0,0.0,320.64,0.0
DEMO_000474,CUST_0389,2025-01-20 17:00:00,Organic,SUMMER15,Beauty,South,0,1,4,1,281,0,105.59,0.15,15.84,1,0,0.0,69.84,0.0
DEMO_000475,CUST_0528,2025-01-20 18:00:00,Organic,WELCOME10,Electronics,North,1,3,5,1,145,1,170.98,0.0,0.0,0,1,170.98,105.97,65.01
DEMO_000476,CUST_0653,2025-01-20 19:00:00,Email,FLASH20,Beauty,East,1,0,11,1,171,0,100.2,0.1,10.02,1,0,0.0,54.06,0.0
DEMO_000477,CUST_0705,2025-01-20 20:00:00,PPC,WELCOME10,Home,South,1,3,3,0,187,0,137.35,0.0,0.0,0,0,0.0,90.91,0.0
DEMO_000478,CUST_0014,2025-01-20 21:00:00,Direct,RETARGET,Fashion,North,1,4,7,0,110,0,102.7,0.0,0.0,0,0,0.0,61.8,0.0
DEMO_000479,CUST_0552,2025-01-20 22:00:00,Email,FLASH20,Home,South,1,5,6,0,105,0,160.44,0.15,24.07,1,1,136.37,90.79,45.58
DEMO_000480,CUST_0090,2025-01-20 23:00:00,PPC,RETARGET,Fashion,West,0,0,5,1,136,1,107.44,0.0,0.0,0,0,0.0,55.37,0.0
DEMO_000481,CUST_0239,2025-01-21 00:00:00,Direct,RETARGET,Electronics,South,0,1,2,0,369,3,140.69,0.2,28.14,1,0,0.0,87.75,0.0
DEMO_000482,CUST_0690,2025-01-21 01:00:00,Email,RETARGET,Beauty,South,1,2,6,1,346,1,79.82,0.0,0.0,0,1,79.82,50.56,29.26
DEMO_000483,CUST_0208,2025-01-21 02:00:00,Social,FLASH20,Sports,East,1,4,6,1,234,0,78.38,0.15,11.76,1,0,0.0,45.35,0.0
DEMO_000484,CUST_0663,2025-01-21 03:00:00,PPC,FLASH20,Electronics,East,1,4,10,1,358,0,48.09,0.15,7.21,1,1,40.88,24.8,16.08
DEMO_000485,CUST_0385,2025-01-21 04:00:00,Direct,LOYALTY,Beauty,South,1,1,10,0,323,1,132.24,0.15,19.84,1,0,0.0,71.34,0.0
DEMO_000486,CUST_0193,2025-01-21 05:00:00,Social,WELCOME10,Electronics,West,0,2,5,1,216,0,83.76,0.0,0.0,0,0,0.0,49.7,0.0
DEMO_000487,CUST_0278,2025-01-21 06:00:00,Direct,RETARGET,Sports,East,1,2,8,1,142,1,301.26,0.0,0.0,0,0,0.0,151.02,0.0
DEMO_000488,CUST_0442,2025-01-21 07:00:00,Email,SUMMER15,Electronics,North,1,2,4,0,232,0,90.69,0.0,0.0,0,0,0.0,50.63,0.0
DEMO_000489,CUST_0637,2025-01-21 08:00:00,Organic,WELCOME10,Sports,South,1,2,7,0,371,0,196.54,0.0,0.0,0,0,0.0,90.35,0.0
DEMO_000490,CUST_0504,2025-01-21 09:00:00,Social,SUMMER15,Fashion,West,1,3,4,1,332,0,187.72,0.0,0.0,0,0,0.0,119.24,0.0
DEMO_000491,CUST_0777,2025-01-21 10:00:00,PPC,SUMMER15,Sports,North,1,4,5,1,462,1,100.41,0.15,15.06,1,1,85.35,54.0,31.35
DEMO_000492,CUST_0722,2025-01-21 11:00:00,Email,WELCOME10,Home,North,1,2,7,1,370,0,80.52,0.2,16.1,1,0,0.0,44.48,0.0
DEMO_000493,CUST_0627,2025-01-21 12:00:00,Email,LOYALTY,Beauty,East,0,0,8,0,564,3,105.57,0.2,21.11,1,1,84.46,69.0,15.46
DEMO_000494,CUST_0502,2025-01-21 13:00:00,Direct,WELCOME10,Fashion,South,1,3,3,1,290,0,186.92,0.0,0.0,0,0,0.0,101.15,0.0
DEMO_000495,CUST_0241,2025-01-21 14:00:00,Social,RETARGET,Fashion,South,0,0,10,1,204,1,313.71,0.0,0.0,0,1,313.71,175.45,138.26
DEMO_000496,CUST_0343,2025-01-21 15:00:00,Organic,FLASH20,Electronics,South,0,2,4,0,293,2,64.35,0.05,3.22,1,0,0.0,33.33,0.0
DEMO_000497,CUST_0099,2025-01-21 16:00:00,Social,LOYALTY,Fashion,North,0,2,7,1,430,3,112.89,0.15,16.93,1,1,95.96,71.76,24.2
DEMO_000498,CUST_0311,2025-01-21 17:00:00,Organic,SUMMER15,Beauty,South,0,1,4,1,265,3,85.45,0.1,8.54,1,0,0.0,47.03,0.0
DEMO_000499,CUST_0771,2025-01-21 18:00:00,Organic,WELCOME10,Home,North,0,2,4,0,324,2,95.32,0.15,14.3,1,1,81.02,53.46,27.56
DEMO_000500,CUST_0354,2025-01-21 19:00:00,PPC,WELCOME10,Sports,East,1,2,3,1,194,0,241.79,0.0,0.0,0,0,0.0,136.19,0.0
DEMO_000501,CUST_0094,2025-01-21 20:00:00,Organic,LOYALTY,Beauty,East,1,4,8,1,369,0,79.34,0.0,0.0,0,0,0.0,48.05,0.0
DEMO_000502,CUST_0543,2025-01-21 21:00:00,Email,LOYALTY,Fashion,West,1,2,7,0,712,1,54.42,0.15,8.16,1,1,46.26,31.27,14.99
DEMO_000503,CUST_0801,2025-01-21 22:00:00,Direct,SUMMER15,Home,North,0,0,1,0,145,1,122.84,0.15,18.43,1,1,104.41,67.56,36.85
DEMO_000504,CUST_0722,2025-01-21 23:00:00,Social,SUMMER15,Beauty,South,0,0,1,0,223,2,133.06,0.2,26.61,1,0,0.0,79.92,0.0
DEMO_000505,CUST_0228,2025-01-22 00:00:00,PPC,RETARGET,Electronics,South,1,2,10,1,321,0,92.81,0.25,23.2,1,1,69.61,55.37,14.24
DEMO_000506,CUST_0378,2025-01-22 01:00:00,Organic,RETARGET,Electronics,East,1,1,5,1,228,0,82.55,0.0,0.0,0,0,0.0,50.64,0.0
DEMO_000507,CUST_0442,2025-01-22 02:00:00,Email,FLASH20,Beauty,East,1,1,4,1,201,1,120.56,0.1,12.06,1,0,0.0,67.27,0.0
DEMO_000508,CUST_0206,2025-01-22 03:00:00,Direct,SUMMER15,Sports,West,1,2,5,0,198,1,61.1,0.15,9.16,1,0,0.0,41.28,0.0
DEMO_000509,CUST_0223,2025-01-22 04:00:00,Direct,SUMMER15,Fashion,West,1,4,9,1,402,1,135.61,0.15,20.34,1,0,0.0,78.97,0.0
DEMO_000510,CUST_0197,2025-01-22 05:00:00,Direct,FLASH20,Home,West,1,3,4,0,65,0,95.92,0.0,0.0,0,1,95.92,60.77,35.15
DEMO_000511,CUST_0828,2025-01-22 06:00:00,PPC,FLASH20,Fashion,North,1,1,8,1,157,2,209.38,0.2,41.88,1,1,167.5,116.65,50.85
DEMO_000512,CUST_0621,2025-01-22 07:00:00,Email,WELCOME10,Sports,North,1,1,6,1,225,0,129.45,0.0,0.0,0,0,0.0,68.29,0.0
DEMO_000513,CUST_0700,2025-01-22 08:00:00,Email,WELCOME10,Sports,West,1,1,5,0,329,0,104.68,0.0,0.0,0,0,0.0,59.73,0.0
DEMO_000514,CUST_0680,2025-01-22 09:00:00,Email,FLASH20,Home,West,0,0,3,1,247,1,101.15,0.15,15.17,1,0,0.0,58.95,0.0
DEMO_000515,CUST_0798,2025-01-22 10:00:00,Email,LOYALTY,Electronics,South,0,0,5,0,128,0,46.99,0.25,11.75,1,1,35.24,24.48,10.76
DEMO_000516,CUST_0087,2025-01-22 11:00:00,Email,WELCOME10,Fashion,North,0,2,6,1,485,1,106.08,0.0,0.0,0,0,0.0,66.14,0.0
DEMO_000517,CUST_0734,2025-01-22 12:00:00,Direct,FLASH20,Sports,East,1,2,11,1,270,1,102.36,0.15,15.35,1,1,87.01,56.13,30.88
DEMO_000518,CUST_0055,2025-01-22 13:00:00,Email,WELCOME10,Fashion,East,1,2,4,1,199,3,114.79,0.15,17.22,1,0,0.0,69.1,0.0
DEMO_000519,CUST_0396,2025-01-22 14:00:00,Email,SUMMER15,Fashion,West,0,0,5,0,269,0,102.96,0.0,0.0,0,0,0.0,53.15,0.0
DEMO_000520,CUST_0495,2025-01-22 15:00:00,Social,LOYALTY,Beauty,East,1,1,6,1,311,0,213.31,0.2,42.66,1,0,0.0,119.75,0.0
DEMO_000521,CUST_0298,2025-01-22 16:00:00,Organic,SUMMER15,Sports,West,0,1,5,1,273,0,99.38,0.0,0.0,0,1,99.38,52.78,46.6
DEMO_000522,CUST_0121,2025-01-22 17:00:00,Social,SUMMER15,Home,West,0,0,4,0,123,1,76.73,0.25,19.18,1,1,57.55,41.92,15.63
DEMO_000523,CUST_0160,2025-01-22 18:00:00,Organic,RETARGET,Electronics,North,1,4,6,1,376,2,53.03,0.15,7.95,1,1,45.08,32.11,12.97
DEMO_000524,CUST_0686,2025-01-22 19:00:00,Direct,WELCOME10,Fashion,North,0,0,4,0,478,3,91.77,0.1,9.18,1,0,0.0,44.6,0.0
DEMO_000525,CUST_0265,2025-01-22 20:00:00,Organic,WELCOME10,Fashion,West,0,0,4,0,245,1,70.02,0.0,0.0,0,1,70.02,35.46,34.56
DEMO_000526,CUST_0258,2025-01-22 21:00:00,Organic,RETARGET,Beauty,North,0,0,4,0,72,1,62.55,0.0,0.0,0,0,0.0,33.32,0.0
DEMO_000527,CUST_0769,2025-01-22 22:00:00,Social,FLASH20,Sports,North,0,0,7,0,612,2,97.49,0.1,9.75,1,0,0.0,49.99,0.0
DEMO_000528,CUST_0119,2025-01-22 23:00:00,PPC,WELCOME10,Sports,West,1,2,7,0,268,0,187.21,0.05,9.36,1,0,0.0,91.76,0.0
DEMO_000529,CUST_0762,2025-01-23 00:00:00,PPC,FLASH20,Sports,North,1,2,6,0,99,1,170.85,0.15,25.63,1,0,0.0,108.99,0.0
DEMO_000530,CUST_0767,2025-01-23 01:00:00,Organic,FLASH20,Electronics,North,1,1,6,1,366,0,63.0,0.0,0.0,0,0,0.0,30.7,0.0
DEMO_000531,CUST_0498,2025-01-23 02:00:00,Email,SUMMER15,Electronics,North,1,4,7,1,422,1,114.04,0.0,0.0,0,1,114.04,68.15,45.89
DEMO_000532,CUST_0137,2025-01-23 03:00:00,Social,FLASH20,Beauty,South,0,0,5,0,202,2,135.7,0.15,20.35,1,1,115.35,75.15,40.2
DEMO_000533,CUST_0129,2025-01-23 04:00:00,PPC,LOYALTY,Home,East,1,3,8,1,106,0,145.93,0.15,21.89,1,1,124.04,71.15,52.89
DEMO_000534,CUST_0237,2025-01-23 05:00:00,Email,SUMMER15,Electronics,East,0,0,3,0,230,2,230.82,0.2,46.16,1,0,0.0,119.61,0.0
DEMO_000535,CUST_0480,2025-01-23 06:00:00,PPC,RETARGET,Sports,West,0,1,5,1,147,2,66.26,0.0,0.0,0,1,66.26,31.48,34.78
DEMO_000536,CUST_0127,2025-01-23 07:00:00,Direct,FLASH20,Sports,East,1,4,9,1,323,1,75.29,0.1,7.53,1,0,0.0,35.54,0.0
DEMO_000537,CUST_0379,2025-01-23 08:00:00,PPC,RETARGET,Beauty,West,0,2,4,0,127,0,83.25,0.0,0.0,0,0,0.0,44.33,0.0
DEMO_000538,CUST_0096,2025-01-23 09:00:00,Social,WELCOME10,Sports,North,0,1,4,0,255,2,132.27,0.0,0.0,0,0,0.0,82.49,0.0
DEMO_000539,CUST_0450,2025-01-23 10:00:00,Direct,SUMMER15,Beauty,South,0,0,5,1,203,0,32.96,0.15,4.94,1,0,0.0,17.85,0.0
DEMO_000540,CUST_0017,2025-01-23 11:00:00,Email,LOYALTY,Fashion,South,1,2,12,1,286,0,101.2,0.1,10.12,1,1,91.08,58.78,32.3
DEMO_000541,CUST_0590,2025-01-23 12:00:00,Social,RETARGET,Fashion,North,0,1,3,0,321,1,50.3,0.2,10.06,1,0,0.0,24.12,0.0
DEMO_000542,CUST_0046,2025-01-23 13:00:00,PPC,SUMMER15,Sports,West,0,1,7,0,327,4,112.05,0.2,22.41,1,0,0.0,73.14,0.0
DEMO_000543,CUST_0162,2025-01-23 14:00:00,Email,RETARGET,Home,North,1,7,4,0,116,0,284.73,0.1,28.47,1,0,0.0,149.77,0.0
DEMO_000544,CUST_0145,2025-01-23 15:00:00,Social,WELCOME10,Sports,South,0,0,8,0,164,0,168.25,0.0,0.0,0,0,0.0,83.04,0.0
DEMO_000545,CUST_0692,2025-01-23 16:00:00,Direct,FLASH20,Fashion,South,1,6,2,0,169,1,64.6,0.15,9.69,1,0,0.0,34.32,0.0
DEMO_000546,CUST_0044,2025-01-23 17:00:00,PPC,SUMMER15,Sports,North,0,0,5,0,227,0,92.91,0.25,23.23,1,0,0.0,62.53,0.0
DEMO_000547,CUST_0357,2025-01-23 18:00:00,Organic,FLASH20,Sports,West,1,1,8,1,437,3,75.16,0.0,0.0,0,0,0.0,44.71,0.0
DEMO_000548,CUST_0492,2025-01-23 19:00:00,PPC,RETARGET,Sports,North,1,5,3,0,182,1,200.85,0.1,20.08,1,0,0.0,95.97,0.0
DEMO_000549,CUST_0429,2025-01-23 20:00:00,Organic,LOYALTY,Fashion,North,1,2,5,0,257,0,41.65,0.2,8.33,1,1,33.32,20.29,13.03
DEMO_000550,CUST_0567,2025-01-23 21:00:00,Organic,LOYALTY,Electronics,South,1,3,7,0,176,0,92.05,0.0,0.0,0,1,92.05,57.57,34.48
DEMO_000551,CUST_0668,2025-01-23 22:00:00,Organic,SUMMER15,Sports,North,0,1,3,0,127,2,81.99,0.15,12.3,1,0,0.0,52.84,0.0
DEMO_000552,CUST_0327,2025-01-23 23:00:00,Organic,RETARGET,Home,West,1,0,10,1,119,0,66.16,0.05,3.31,1,1,62.85,31.03,31.82
DEMO_000553,CUST_0689,2025-01-24 00:00:00,Email,FLASH20,Sports,North,1,5,11,1,197,1,236.59,0.0,0.0,0,0,0.0,122.45,0.0
DEMO_000554,CUST_0264,2025-01-24 01:00:00,Social,LOYALTY,Fashion,South,1,3,3,1,137,2,55.44,0.0,0.0,0,0,0.0,25.55,0.0
DEMO_000555,CUST_0820,2025-01-24 02:00:00,Social,LOYALTY,Sports,South,1,2,6,1,141,2,65.53,0.0,0.0,0,0,0.0,31.36,0.0
DEMO_000556,CUST_0420,2025-01-24 03:00:00,Social,LOYALTY,Home,North,1,2,2,0,239,1,229.98,0.2,46.0,1,0,0.0,110.78,0.0
DEMO_000557,CUST_0613,2025-01-24 04:00:00,Email,LOYALTY,Home,North,1,4,4,1,305,0,107.25,0.0,0.0,0,0,0.0,59.05,0.0
DEMO_000558,CUST_0728,2025-01-24 05:00:00,PPC,FLASH20,Beauty,East,0,1,3,1,385,1,103.65,0.15,15.55,1,0,0.0,46.94,0.0
DEMO_000559,CUST_0660,2025-01-24 06:00:00,PPC,LOYALTY,Fashion,North,1,4,4,0,49,0,84.66,0.0,0.0,0,0,0.0,51.99,0.0
DEMO_000560,CUST_0708,2025-01-24 07:00:00,Email,RETARGET,Home,North,1,3,8,1,353,3,112.06,0.15,16.81,1,0,0.0,60.82,0.0
DEMO_000561,CUST_0446,2025-01-24 08:00:00,Email,SUMMER15,Home,South,1,5,6,0,24,0,92.47,0.0,0.0,0,0,0.0,50.15,0.0
DEMO_000562,CUST_0036,2025-01-24 09:00:00,PPC,FLASH20,Sports,South,0,1,5,0,128,0,80.59,0.05,4.03,1,0,0.0,54.1,0.0
DEMO_000563,CUST_0410,2025-01-24 10:00:00,Social,WELCOME10,Electronics,South,1,2,14,1,227,0,59.7,0.0,0.0,0,1,59.7,31.41,28.29
DEMO_000564,CUST_0151,2025-01-24 11:00:00,Email,SUMMER15,Electronics,West,1,3,9,0,127,1,114.22,0.05,5.71,1,0,0.0,52.48,0.0
DEMO_000565,CUST_0740,2025-01-24 12:00:00,Social,LOYALTY,Sports,South,1,2,8,1,243,0,85.74,0.0,0.0,0,1,85.74,46.57,39.17
DEMO_000566,CUST_0197,2025-01-24 13:00:00,Organic,LOYALTY,Sports,East,0,1,5,0,219,0,90.82,0.2,18.16,1,0,0.0,50.62,0.0
DEMO_000567,CUST_0189,2025-01-24 14:00:00,Social,SUMMER15,Beauty,West,0,0,7,0,20,2,150.93,0.0,0.0,0,0,0.0,84.25,0.0
DEMO_000568,CUST_0207,2025-01-24 15:00:00,Organic,FLASH20,Electronics,North,0,1,6,0,260,1,89.34,0.0,0.0,0,0,0.0,49.73,0.0
DEMO_000569,CUST_0535,2025-01-24 16:00:00,Organic,RETARGET,Sports,East,0,1,5,0,141,3,106.76,0.2,21.35,1,1,85.41,56.25,29.16
DEMO_000570,CUST_0475,2025-01-24 17:00:00,Organic,WELCOME10,Beauty,South,1,3,6,1,347,3,238.21,0.15,35.73,1,0,0.0,137.12,0.0
DEMO_000571,CUST_0790,2025-01-24 18:00:00,Direct,WELCOME10,Home,East,0,1,4,0,303,3,133.3,0.15,20.0,1,1,113.3,86.68,26.62
DEMO_000572,CUST_0346,2025-01-24 19:00:00,Organic,SUMMER15,Beauty,North,0,1,3,0,207,2,87.98,0.0,0.0,0,1,87.98,46.84,41.14
DEMO_000573,CUST_0235,2025-01-24 20:00:00,Organic,LOYALTY,Beauty,South,0,0,1,0,326,3,68.46,0.0,0.0,0,0,0.0,39.23,0.0
DEMO_000574,CUST_0041,2025-01-24 21:00:00,Organic,SUMMER15,Home,North,0,0,6,0,109,3,105.67,0.15,15.85,1,0,0.0,68.15,0.0
DEMO_000575,CUST_0005,2025-01-24 22:00:00,Social,RETARGET,Home,West,1,1,11,1,179,0,159.89,0.0,0.0,0,1,159.89,86.61,73.28
DEMO_000576,CUST_0311,2025-01-24 23:00:00,Email,RETARGET,Fashion,East,0,1,2,1,97,2,86.01,0.25,21.5,1,1,64.51,41.4,23.11
DEMO_000577,CUST_0771,2025-01-25 00:00:00,Organic,FLASH20,Sports,North,0,3,1,0,266,0,110.0,0.0,0.0,0,1,110.0,60.44,49.56
DEMO_000578,CUST_0436,2025-01-25 01:00:00,Organic,SUMMER15,Electronics,East,0,1,8,1,245,0,85.03,0.15,12.75,1,0,0.0,48.13,0.0
DEMO_000579,CUST_0744,2025-01-25 02:00:00,Direct,WELCOME10,Fashion,West,1,4,8,1,225,1,93.37,0.0,0.0,0,0,0.0,60.67,0.0
DEMO_000580,CUST_0084,2025-01-25 03:00:00,Organic,RETARGET,Home,East,1,3,7,0,169,0,63.13,0.0,0.0,0,1,63.13,40.79,22.34
DEMO_000581,CUST_0077,2025-01-25 04:00:00,Organic,RETARGET,Home,South,0,1,6,0,154,2,123.31,0.2,24.66,1,0,0.0,77.28,0.0
DEMO_000582,CUST_0694,2025-01-25 05:00:00,Direct,FLASH20,Electronics,West,1,7,8,1,141,0,116.47,0.0,0.0,0,0,0.0,62.66,0.0
DEMO_000583,CUST_0088,2025-01-25 06:00:00,PPC,FLASH20,Home,North,0,0,3,0,79,2,211.94,0.1,21.19,1,0,0.0,108.87,0.0
DEMO_000584,CUST_0043,2025-01-25 07:00:00,Email,LOYALTY,Fashion,North,1,1,11,1,530,0,114.38,0.0,0.0,0,1,114.38,63.08,51.3
DEMO_000585,CUST_0336,2025-01-25 08:00:00,Email,LOYALTY,Fashion,North,0,0,7,0,251,1,79.03,0.0,0.0,0,0,0.0,41.37,0.0
DEMO_000586,CUST_0770,2025-01-25 09:00:00,Email,WELCOME10,Sports,West,1,7,6,1,222,0,209.37,0.0,0.0,0,0,0.0,141.4,0.0
DEMO_000587,CUST_0574,2025-01-25 10:00:00,Email,LOYALTY,Electronics,East,1,2,6,0,159,0,128.31,0.15,19.25,1,0,0.0,60.23,0.0
DEMO_000588,CUST_0082,2025-01-25 11:00:00,PPC,RETARGET,Home,East,0,0,4,1,285,1,118.58,0.15,17.79,1,0,0.0,67.16,0.0
DEMO_000589,CUST_0697,2025-01-25 12:00:00,Social,LOYALTY,Sports,East,0,0,8,0,364,4,108.2,0.15,16.23,1,0,0.0,58.25,0.0
DEMO_000590,CUST_0702,2025-01-25 13:00:00,Social,FLASH20,Home,South,0,1,7,0,209,0,116.54,0.1,11.65,1,0,0.0,73.15,0.0
DEMO_000591,CUST_0666,2025-01-25 14:00:00,Email,FLASH20,Sports,North,0,1,8,0,582,2,73.75,0.15,11.06,1,0,0.0,43.3,0.0
DEMO_000592,CUST_0751,2025-01-25 15:00:00,Organic,SUMMER15,Fashion,West,0,1,2,0,272,2,104.71,0.0,0.0,0,0,0.0,48.57,0.0
DEMO_000593,CUST_0199,2025-01-25 16:00:00,Email,LOYALTY,Electronics,West,0,2,3,0,141,2,98.42,0.15,14.76,1,0,0.0,59.53,0.0
DEMO_000594,CUST_0815,2025-01-25 17:00:00,Direct,SUMMER15,Sports,North,1,3,11,1,127,0,127.54,0.0,0.0,0,1,127.54,71.84,55.7
DEMO_000595,CUST_0267,2025-01-25 18:00:00,Email,SUMMER15,Home,North,0,0,9,1,403,1,179.53,0.05,8.98,1,1,170.55,106.23,64.32
DEMO_000596,CUST_0668,2025-01-25 19:00:00,Organic,SUMMER15,Electronics,East,1,4,4,0,100,1,167.78,0.25,41.94,1,1,125.84,79.03,46.81
DEMO_000597,CUST_0482,2025-01-25 20:00:00,PPC,SUMMER15,Electronics,North,0,0,9,1,348,2,136.73,0.15,20.51,1,0,0.0,77.56,0.0
DEMO_000598,CUST_0649,2025-01-25 21:00:00,Organic,SUMMER15,Electronics,East,0,0,4,0,238,2,50.02,0.0,0.0,0,0,0.0,28.59,0.0
DEMO_000599,CUST_0522,2025-01-25 22:00:00,PPC,WELCOME10,Sports,West,0,0,4,0,66,1,89.33,0.1,8.93,1,0,0.0,43.2,0.0
DEMO_000600,CUST_0535,2025-01-25 23:00:00,Social,LOYALTY,Beauty,South,1,4,7,1,281,1,47.85,0.05,2.39,1,0,0.0,28.3,0.0
DEMO_000601,CUST_0513,2025-01-26 00:00:00,Email,FLASH20,Home,South,0,3,12,1,308,1,176.78,0.0,0.0,0,1,176.78,116.51,60.27
DEMO_000602,CUST_0648,2025-01-26 01:00:00,Direct,RETARGET,Fashion,West,0,2,6,0,155,0,102.9,0.15,15.44,1,1,87.46,46.91,40.55
DEMO_000603,CUST_0615,2025-01-26 02:00:00,Organic,WELCOME10,Beauty,South,1,6,10,1,199,2,101.67,0.2,20.33,1,1,81.34,51.66,29.68
DEMO_000604,CUST_0112,2025-01-26 03:00:00,Social,LOYALTY,Home,North,1,4,13,0,161,0,79.79,0.15,11.97,1,1,67.82,41.94,25.88
DEMO_000605,CUST_0688,2025-01-26 04:00:00,Direct,WELCOME10,Home,North,1,6,7,1,398,0,191.87,0.15,28.78,1,0,0.0,110.36,0.0
DEMO_000606,CUST_0446,2025-01-26 05:00:00,Direct,FLASH20,Home,West,0,0,2,0,144,1,113.72,0.0,0.0,0,0,0.0,70.53,0.0
DEMO_000607,CUST_0269,2025-01-26 06:00:00,Email,FLASH20,Fashion,West,0,1,7,0,51,1,103.19,0.0,0.0,0,1,103.19,62.12,41.07
DEMO_000608,CUST_0428,2025-01-26 07:00:00,PPC,FLASH20,Electronics,North,1,2,9,1,246,1,114.94,0.1,11.49,1,0,0.0,63.93,0.0
DEMO_000609,CUST_0805,2025-01-26 08:00:00,PPC,LOYALTY,Beauty,West,1,7,6,0,46,1,118.98,0.0,0.0,0,0,0.0,79.81,0.0
DEMO_000610,CUST_0714,2025-01-26 09:00:00,PPC,RETARGET,Beauty,North,1,6,1,0,227,1,102.25,0.1,10.23,1,0,0.0,54.05,0.0
DEMO_000611,CUST_0694,2025-01-26 10:00:00,Organic,SUMMER15,Electronics,North,0,1,6,0,95,5,191.76,0.15,28.76,1,1,163.0,120.87,42.13
DEMO_000612,CUST_0385,2025-01-26 11:00:00,Direct,RETARGET,Home,South,0,1,5,0,167,1,190.87,0.15,28.63,1,1,162.24,122.16,40.08
DEMO_000613,CUST_0653,2025-01-26 12:00:00,Direct,WELCOME10,Beauty,South,1,3,11,1,146,1,113.33,0.1,11.33,1,1,102.0,53.63,48.37
DEMO_000614,CUST_0320,2025-01-26 13:00:00,Organic,SUMMER15,Sports,West,1,2,4,0,418,1,76.56,0.1,7.66,1,0,0.0,35.22,0.0
DEMO_000615,CUST_0571,2025-01-26 14:00:00,Organic,SUMMER15,Fashion,East,0,1,4,0,237,3,125.87,0.05,6.29,1,0,0.0,85.2,0.0
DEMO_000616,CUST_0532,2025-01-26 15:00:00,Direct,RETARGET,Electronics,North,1,1,15,1,142,1,83.12,0.0,0.0,0,1,83.12,44.26,38.86
DEMO_000617,CUST_0208,2025-01-26 16:00:00,Direct,WELCOME10,Sports,East,1,4,11,1,259,2,206.5,0.1,20.65,1,1,185.85,124.67,61.18
DEMO_000618,CUST_0221,2025-01-26 17:00:00,Email,SUMMER15,Beauty,West,0,0,3,0,81,0,220.3,0.05,11.02,1,0,0.0,100.62,0.0
DEMO_000619,CUST_0050,2025-01-26 18:00:00,Organic,FLASH20,Sports,East,0,0,9,1,215,3,150.27,0.0,0.0,0,0,0.0,94.02,0.0
DEMO_000620,CUST_0116,2025-01-26 19:00:00,Social,RETARGET,Electronics,North,1,4,10,1,413,1,64.46,0.0,0.0,0,1,64.46,34.23,30.23
DEMO_000621,CUST_0361,2025-01-26 20:00:00,PPC,FLASH20,Electronics,North,0,0,4,1,289,5,88.12,0.1,8.81,1,0,0.0,51.44,0.0
DEMO_000622,CUST_0398,2025-01-26 21:00:00,PPC,RETARGET,Fashion,South,1,5,9,1,150,1,99.31,0.15,14.9,1,1,84.41,45.79,38.62
DEMO_000623,CUST_0137,2025-01-26 22:00:00,Direct,LOYALTY,Sports,South,1,6,14,1,121,0,74.46,0.15,11.17,1,1,63.29,35.35,27.94
DEMO_000624,CUST_0347,2025-01-26 23:00:00,Direct,LOYALTY,Electronics,South,0,1,3,0,259,1,94.84,0.05,4.74,1,0,0.0,60.63,0.0
DEMO_000625,CUST_0503,2025-01-27 00:00:00,Direct,LOYALTY,Sports,North,1,6,5,1,512,3,120.7,0.0,0.0,0,0,0.0,69.7,0.0
DEMO_000626,CUST_0193,2025-01-27 01:00:00,Social,WELCOME10,Electronics,North,0,0,3,0,171,2,137.81,0.15,20.67,1,0,0.0,86.64,0.0
DEMO_000627,CUST_0281,2025-01-27 02:00:00,PPC,FLASH20,Electronics,East,0,0,6,1,403,1,194.08,0.05,9.7,1,0,0.0,94.54,0.0
DEMO_000628,CUST_0306,2025-01-27 03:00:00,PPC,FLASH20,Home,West,1,3,7,1,292,0,107.67,0.0,0.0,0,1,107.67,56.57,51.1
DEMO_000629,CUST_0420,2025-01-27 04:00:00,Organic,SUMMER15,Home,East,1,1,5,0,257,0,95.0,0.2,19.0,1,0,0.0,61.35,0.0
DEMO_000630,CUST_0305,2025-01-27 05:00:00,Organic,WELCOME10,Electronics,South,0,0,3,1,129,0,60.9,0.0,0.0,0,0,0.0,35.61,0.0
DEMO_000631,CUST_0613,2025-01-27 06:00:00,Organic,WELCOME10,Beauty,West,1,5,3,1,215,1,127.14,0.0,0.0,0,1,127.14,76.78,50.36
DEMO_000632,CUST_0272,2025-01-27 07:00:00,Organic,LOYALTY,Electronics,East,1,0,4,1,222,1,88.7,0.05,4.44,1,0,0.0,44.13,0.0
DEMO_000633,CUST_0361,2025-01-27 08:00:00,PPC,LOYALTY,Fashion,East,1,2,3,0,34,1,99.02,0.15,14.85,1,1,84.17,57.22,26.95
DEMO_000634,CUST_0316,2025-01-27 09:00:00,Social,SUMMER15,Beauty,East,1,1,7,1,171,1,84.33,0.1,8.43,1,1,75.9,52.19,23.71
DEMO_000635,CUST_0152,2025-01-27 10:00:00,PPC,LOYALTY,Beauty,West,0,2,11,1,180,4,85.41,0.0,0.0,0,1,85.41,41.83,43.58
DEMO_000636,CUST_0571,2025-01-27 11:00:00,PPC,LOYALTY,Sports,East,0,3,6,1,149,1,150.27,0.1,15.03,1,0,0.0,77.97,0.0
DEMO_000637,CUST_0196,2025-01-27 12:00:00,Email,RETARGET,Beauty,East,1,3,5,0,161,0,106.05,0.05,5.3,1,0,0.0,47.94,0.0
DEMO_000638,CUST_0247,2025-01-27 13:00:00,Email,RETARGET,Fashion,East,0,0,6,0,289,0,219.74,0.2,43.95,1,1,175.79,147.55,28.24
DEMO_000639,CUST_0660,2025-01-27 14:00:00,Direct,RETARGET,Home,West,1,7,8,1,344,3,65.79,0.1,6.58,1,0,0.0,43.16,0.0
DEMO_000640,CUST_0790,2025-01-27 15:00:00,PPC,WELCOME10,Electronics,West,0,0,3,1,440,1,191.01,0.0,0.0,0,0,0.0,90.0,0.0
DEMO_000641,CUST_0558,2025-01-27 16:00:00,Email,LOYALTY,Fashion,South,0,2,4,0,319,2,87.16,0.2,17.43,1,0,0.0,55.91,0.0
DEMO_000642,CUST_0763,2025-01-27 17:00:00,Social,SUMMER15,Beauty,East,0,1,8,1,268,2,106.14,0.0,0.0,0,0,0.0,61.09,0.0
DEMO_000643,CUST_0711,2025-01-27 18:00:00,Organic,FLASH20,Home,North,0,2,4,0,397,0,135.93,0.0,0.0,0,0,0.0,91.32,0.0
DEMO_000644,CUST_0400,2025-01-27 19:00:00,Email,LOYALTY,Home,East,0,0,3,0,137,1,172.71,0.05,8.64,1,0,0.0,97.96,0.0
DEMO_000645,CUST_0641,2025-01-27 20:00:00,PPC,LOYALTY,Sports,West,1,4,4,0,183,1,175.8,0.15,26.37,1,0,0.0,87.47,0.0
DEMO_000646,CUST_0273,2025-01-27 21:00:00,Email,FLASH20,Sports,East,1,3,7,0,482,2,174.27,0.2,34.85,1,0,0.0,112.74,0.0
DEMO_000647,CUST_0383,2025-01-27 22:00:00,Organic,RETARGET,Electronics,South,0,0,3,0,134,1,99.11,0.0,0.0,0,0,0.0,65.98,0.0
DEMO_000648,CUST_0446,2025-01-27 23:00:00,PPC,WELCOME10,Beauty,East,0,0,5,0,28,0,246.06,0.0,0.0,0,0,0.0,140.76,0.0
DEMO_000649,CUST_0800,2025-01-28 00:00:00,Email,WELCOME10,Electronics,South,1,3,6,0,72,0,143.54,0.0,0.0,0,0,0.0,78.05,0.0
DEMO_000650,CUST_0706,2025-01-28 01:00:00,Email,WELCOME10,Beauty,South,0,1,9,1,221,4,28.95,0.0,0.0,0,0,0.0,18.19,0.0
DEMO_000651,CUST_0407,2025-01-28 02:00:00,Organic,RETARGET,Fashion,North,0,2,5,1,148,2,111.79,0.2,22.36,1,0,0.0,52.47,0.0
DEMO_000652,CUST_0543,2025-01-28 03:00:00,Email,FLASH20,Beauty,East,0,1,4,0,67,4,92.78,0.2,18.56,1,0,0.0,59.73,0.0
DEMO_000653,CUST_0168,2025-01-28 04:00:00,Direct,FLASH20,Sports,North,1,3,6,1,349,3,95.67,0.0,0.0,0,0,0.0,61.99,0.0
DEMO_000654,CUST_0670,2025-01-28 05:00:00,Email,LOYALTY,Home,South,1,3,7,1,292,0,146.69,0.15,22.0,1,1,124.69,75.99,48.7
DEMO_000655,CUST_0460,2025-01-28 06:00:00,Organic,FLASH20,Electronics,West,1,1,9,1,86,0,126.48,0.0,0.0,0,0,0.0,57.24,0.0
DEMO_000656,CUST_0443,2025-01-28 07:00:00,PPC,FLASH20,Sports,West,1,2,1,0,334,0,81.26,0.0,0.0,0,0,0.0,36.75,0.0
DEMO_000657,CUST_0638,2025-01-28 08:00:00,PPC,WELCOME10,Home,South,1,3,6,0,555,3,216.67,0.2,43.33,1,1,173.34,146.24,27.1
DEMO_000658,CUST_0527,2025-01-28 09:00:00,Email,WELCOME10,Fashion,West,0,1,5,0,119,2,61.79,0.2,12.36,1,0,0.0,38.9,0.0
DEMO_000659,CUST_0060,2025-01-28 10:00:00,Social,RETARGET,Beauty,North,0,1,2,0,245,4,59.94,0.0,0.0,0,0,0.0,31.92,0.0
DEMO_000660,CUST_0240,2025-01-28 11:00:00,Direct,FLASH20,Electronics,West,0,0,6,1,140,2,67.58,0.1,6.76,1,0,0.0,44.24,0.0
DEMO_000661,CUST_0147,2025-01-28 12:00:00,Email,WELCOME10,Fashion,South,0,1,5,0,202,1,134.55,0.0,0.0,0,0,0.0,88.16,0.0
DEMO_000662,CUST_0612,2025-01-28 13:00:00,Email,SUMMER15,Home,West,1,4,7,1,300,0,129.97,0.25,32.49,1,1,97.48,85.64,11.84
DEMO_000663,CUST_0029,2025-01-28 14:00:00,Direct,SUMMER15,Electronics,West,0,1,6,0,171,4,76.44,0.1,7.64,1,1,68.8,43.22,25.58
DEMO_000664,CUST_0168,2025-01-28 15:00:00,Organic,SUMMER15,Home,East,0,0,4,0,108,1,84.28,0.0,0.0,0,0,0.0,53.83,0.0
DEMO_000665,CUST_0497,2025-01-28 16:00:00,Email,SUMMER15,Electronics,East,0,0,5,0,133,2,109.96,0.0,0.0,0,0,0.0,50.43,0.0
DEMO_000666,CUST_0578,2025-01-28 17:00:00,Email,LOYALTY,Electronics,East,1,2,4,0,44,1,68.11,0.2,13.62,1,0,0.0,33.16,0.0
DEMO_000667,CUST_0419,2025-01-28 18:00:00,Organic,WELCOME10,Fashion,North,1,4,4,0,189,0,157.81,0.0,0.0,0,0,0.0,93.97,0.0
DEMO_000668,CUST_0716,2025-01-28 19:00:00,Social,SUMMER15,Beauty,North,1,3,8,0,439,0,222.92,0.0,0.0,0,0,0.0,105.65,0.0
DEMO_000669,CUST_0765,2025-01-28 20:00:00,Organic,FLASH20,Fashion,South,0,1,3,0,72,1,101.71,0.0,0.0,0,1,101.71,46.78,54.93
DEMO_000670,CUST_0110,2025-01-28 21:00:00,Direct,FLASH20,Electronics,South,0,0,8,1,438,2,128.77,0.0,0.0,0,0,0.0,61.16,0.0
DEMO_000671,CUST_0793,2025-01-28 22:00:00,Organic,RETARGET,Electronics,East,1,3,8,0,152,1,115.69,0.0,0.0,0,0,0.0,64.15,0.0
DEMO_000672,CUST_0511,2025-01-28 23:00:00,PPC,RETARGET,Home,South,1,4,10,1,93,0,203.86,0.1,20.39,1,1,183.47,114.63,68.84
DEMO_000673,CUST_0529,2025-01-29 00:00:00,Organic,SUMMER15,Electronics,East,1,3,9,0,301,0,263.88,0.0,0.0,0,0,0.0,174.95,0.0
DEMO_000674,CUST_0079,2025-01-29 01:00:00,PPC,FLASH20,Home,North,0,2,2,0,190,1,93.8,0.0,0.0,0,0,0.0,51.31,0.0
DEMO_000675,CUST_0518,2025-01-29 02:00:00,Email,WELCOME10,Home,North,0,2,11,1,135,1,111.79,0.1,11.18,1,0,0.0,63.53,0.0
DEMO_000676,CUST_0604,2025-01-29 03:00:00,Email,LOYALTY,Home,West,1,1,3,0,112,1,162.12,0.05,8.11,1,0,0.0,103.39,0.0
DEMO_000677,CUST_0483,2025-01-29 04:00:00,PPC,WELCOME10,Electronics,West,1,1,2,0,128,1,128.68,0.0,0.0,0,1,128.68,82.02,46.66
DEMO_000678,CUST_0070,2025-01-29 05:00:00,Social,WELCOME10,Sports,West,1,3,5,0,165,2,73.1,0.25,18.27,1,0,0.0,38.39,0.0
DEMO_000679,CUST_0435,2025-01-29 06:00:00,Email,LOYALTY,Electronics,South,0,2,7,1,252,1,48.82,0.1,4.88,1,1,43.94,30.1,13.84
DEMO_000680,CUST_0779,2025-01-29 07:00:00,PPC,WELCOME10,Electronics,East,0,1,6,0,206,2,84.22,0.0,0.0,0,0,0.0,55.06,0.0
DEMO_000681,CUST_0602,2025-01-29 08:00:00,Organic,FLASH20,Sports,East,0,1,3,0,284,2,127.7,0.15,19.16,1,0,0.0,81.65,0.0
DEMO_000682,CUST_0114,2025-01-29 09:00:00,Organic,WELCOME10,Electronics,South,1,5,5,0,186,2,92.28,0.0,0.0,0,0,0.0,48.5,0.0
DEMO_000683,CUST_0799,2025-01-29 10:00:00,Social,LOYALTY,Home,East,0,1,6,0,225,0,68.55,0.15,10.28,1,0,0.0,42.51,0.0
DEMO_000684,CUST_0798,2025-01-29 11:00:00,Social,LOYALTY,Beauty,East,0,1,7,0,191,1,84.86,0.0,0.0,0,0,0.0,52.59,0.0
DEMO_000685,CUST_0141,2025-01-29 12:00:00,Social,FLASH20,Home,South,0,1,9,0,678,1,251.15,0.15,37.67,1,1,213.48,127.0,86.48
DEMO_000686,CUST_0667,2025-01-29 13:00:00,Email,RETARGET,Sports,South,1,1,5,1,68,0,66.31,0.1,6.63,1,0,0.0,40.05,0.0
DEMO_000687,CUST_0338,2025-01-29 14:00:00,Organic,FLASH20,Home,South,0,0,2,0,74,2,95.64,0.0,0.0,0,0,0.0,44.97,0.0
DEMO_000688,CUST_0494,2025-01-29 15:00:00,Organic,WELCOME10,Fashion,West,0,0,4,0,89,1,87.35,0.0,0.0,0,0,0.0,44.82,0.0
DEMO_000689,CUST_0370,2025-01-29 16:00:00,PPC,WELCOME10,Sports,West,1,1,10,0,181,0,265.73,0.05,13.29,1,1,252.44,121.31,131.13
DEMO_000690,CUST_0651,2025-01-29 17:00:00,Email,SUMMER15,Electronics,West,1,4,12,1,241,0,56.8,0.0,0.0,0,0,0.0,27.27,0.0
DEMO_000691,CUST_0830,2025-01-29 18:00:00,Email,SUMMER15,Electronics,West,1,5,9,1,204,2,77.39,0.1,7.74,1,1,69.65,36.72,32.93
DEMO_000692,CUST_0662,2025-01-29 19:00:00,PPC,SUMMER15,Beauty,South,1,3,6,1,296,0,113.45,0.0,0.0,0,1,113.45,75.76,37.69
DEMO_000693,CUST_0775,2025-01-29 20:00:00,PPC,SUMMER15,Home,West,0,1,2,0,267,0,118.91,0.0,0.0,0,0,0.0,57.99,0.0
DEMO_000694,CUST_0788,2025-01-29 21:00:00,Email,FLASH20,Home,North,1,2,4,1,214,0,182.63,0.0,0.0,0,0,0.0,85.23,0.0
DEMO_000695,CUST_0075,2025-01-29 22:00:00,Social,WELCOME10,Home,West,1,0,7,0,286,0,174.34,0.0,0.0,0,1,174.34,108.54,65.8
DEMO_000696,CUST_0211,2025-01-29 23:00:00,Direct,LOYALTY,Home,South,0,1,8,0,149,2,80.32,0.0,0.0,0,0,0.0,48.12,0.0
DEMO_000697,CUST_0601,2025-01-30 00:00:00,Email,SUMMER15,Beauty,South,1,3,9,1,267,1,126.96,0.1,12.7,1,0,0.0,75.71,0.0
DEMO_000698,CUST_0491,2025-01-30 01:00:00,Direct,LOYALTY,Home,North,0,0,6,0,26,2,102.0,0.0,0.0,0,0,0.0,66.82,0.0
DEMO_000699,CUST_0041,2025-01-30 02:00:00,Email,FLASH20,Home,North,0,0,1,0,166,2,89.73,0.2,17.95,1,1,71.78,54.13,17.65
DEMO_000700,CUST_0079,2025-01-30 03:00:00,Direct,RETARGET,Electronics,South,0,0,4,0,293,2,174.18,0.0,0.0,0,0,0.0,105.15,0.0
DEMO_000701,CUST_0433,2025-01-30 04:00:00,Direct,FLASH20,Fashion,East,0,1,4,0,22,3,123.64,0.15,18.55,1,0,0.0,68.63,0.0
DEMO_000702,CUST_0513,2025-01-30 05:00:00,Email,SUMMER15,Sports,North,1,2,5,0,182,1,225.97,0.2,45.19,1,0,0.0,131.09,0.0
DEMO_000703,CUST_0139,2025-01-30 06:00:00,Social,FLASH20,Fashion,West,0,0,5,0,86,1,136.6,0.0,0.0,0,0,0.0,85.53,0.0
DEMO_000704,CUST_0142,2025-01-30 07:00:00,Direct,LOYALTY,Home,North,1,4,9,1,258,0,167.36,0.0,0.0,0,0,0.0,89.14,0.0
DEMO_000705,CUST_0107,2025-01-30 08:00:00,Direct,FLASH20,Fashion,West,0,1,8,0,154,3,32.51,0.2,6.5,1,1,26.01,14.9,11.11
DEMO_000706,CUST_0470,2025-01-30 09:00:00,Direct,FLASH20,Home,South,0,1,5,1,272,2,114.85,0.1,11.48,1,0,0.0,62.95,0.0
DEMO_000707,CUST_0006,2025-01-30 10:00:00,Organic,FLASH20,Home,South,0,0,5,0,108,4,134.05,0.05,6.7,1,0,0.0,71.94,0.0
DEMO_000708,CUST_0476,2025-01-30 11:00:00,Email,SUMMER15,Home,North,0,4,4,0,161,2,139.73,0.15,20.96,1,0,0.0,68.72,0.0
DEMO_000709,CUST_0396,2025-01-30 12:00:00,Direct,SUMMER15,Home,West,1,1,5,0,83,1,221.36,0.0,0.0,0,0,0.0,135.7,0.0
DEMO_000710,CUST_0388,2025-01-30 13:00:00,Organic,RETARGET,Sports,East,1,4,7,1,178,0,145.88,0.0,0.0,0,1,145.88,92.64,53.24
DEMO_000711,CUST_0565,2025-01-30 14:00:00,Organic,LOYALTY,Electronics,North,0,2,1,0,198,1,64.02,0.05,3.2,1,0,0.0,31.14,0.0
DEMO_000712,CUST_0435,2025-01-30 15:00:00,PPC,WELCOME10,Sports,North,1,1,11,1,99,0,140.81,0.0,0.0,0,0,0.0,78.95,0.0
DEMO_000713,CUST_0606,2025-01-30 16:00:00,Organic,RETARGET,Home,East,1,7,8,0,166,0,161.08,0.0,0.0,0,0,0.0,84.57,0.0
DEMO_000714,CUST_0636,2025-01-30 17:00:00,Email,LOYALTY,Fashion,West,1,2,6,0,72,0,84.0,0.1,8.4,1,0,0.0,48.77,0.0
DEMO_000715,CUST_0766,2025-01-30 18:00:00,Social,WELCOME10,Electronics,North,0,1,1,1,197,2,91.86,0.0,0.0,0,1,91.86,43.32,48.54
DEMO_000716,CUST_0665,2025-01-30 19:00:00,Email,LOYALTY,Fashion,North,0,1,3,1,114,0,157.57,0.0,0.0,0,0,0.0,104.76,0.0
DEMO_000717,CUST_0431,2025-01-30 20:00:00,Social,FLASH20,Home,East,1,3,6,1,565,1,110.78,0.0,0.0,0,1,110.78,51.47,59.31
DEMO_000718,CUST_0409,2025-01-30 21:00:00,Direct,RETARGET,Electronics,North,1,6,10,0,292,3,181.07,0.15,27.16,1,0,0.0,115.74,0.0
DEMO_000719,CUST_0196,2025-01-30 22:00:00,Organic,FLASH20,Electronics,South,0,0,6,0,153,2,120.36,0.0,0.0,0,1,120.36,59.55,60.81
DEMO_000720,CUST_0499,2025-01-30 23:00:00,Organic,FLASH20,Sports,North,1,0,3,1,437,1,41.48,0.0,0.0,0,1,41.48,26.02,15.46
DEMO_000721,CUST_0115,2025-01-31 00:00:00,PPC,SUMMER15,Fashion,South,0,0,2,1,160,5,113.71,0.25,28.43,1,0,0.0,58.55,0.0
DEMO_000722,CUST_0775,2025-01-31 01:00:00,Direct,SUMMER15,Home,East,1,5,6,1,389,1,92.64,0.0,0.0,0,0,0.0,58.52,0.0
DEMO_000723,CUST_0703,2025-01-31 02:00:00,Social,LOYALTY,Beauty,South,0,0,5,0,224,1,146.22,0.05,7.31,1,0,0.0,96.59,0.0
DEMO_000724,CUST_0099,2025-01-31 03:00:00,PPC,RETARGET,Beauty,South,1,2,5,0,113,1,134.11,0.0,0.0,0,0,0.0,89.21,0.0
DEMO_000725,CUST_0654,2025-01-31 04:00:00,Email,RETARGET,Sports,South,0,1,2,0,250,2,72.54,0.2,14.51,1,1,58.03,47.05,10.98
DEMO_000726,CUST_0097,2025-01-31 05:00:00,Email,LOYALTY,Beauty,East,0,1,9,0,300,1,121.22,0.15,18.18,1,0,0.0,66.41,0.0
DEMO_000727,CUST_0600,2025-01-31 06:00:00,Organic,LOYALTY,Home,North,1,2,2,0,170,1,141.12,0.0,0.0,0,0,0.0,77.42,0.0
DEMO_000728,CUST_0073,2025-01-31 07:00:00,Direct,FLASH20,Sports,North,0,1,2,1,330,0,135.41,0.2,27.08,1,0,0.0,90.6,0.0
DEMO_000729,CUST_0406,2025-01-31 08:00:00,Social,SUMMER15,Fashion,North,1,1,12,1,315,0,172.11,0.0,0.0,0,0,0.0,112.73,0.0
DEMO_000730,CUST_0548,2025-01-31 09:00:00,Email,LOYALTY,Sports,West,1,3,4,0,210,1,70.0,0.25,17.5,1,0,0.0,39.31,0.0
DEMO_000731,CUST_0607,2025-01-31 10:00:00,Direct,SUMMER15,Fashion,East,0,1,3,0,64,1,103.37,0.15,15.51,1,0,0.0,55.98,0.0
DEMO_000732,CUST_0348,2025-01-31 11:00:00,PPC,SUMMER15,Sports,North,0,0,4,1,255,0,40.69,0.1,4.07,1,1,36.62,19.19,17.43
DEMO_000733,CUST_0767,2025-01-31 12:00:00,Direct,RETARGET,Electronics,South,1,2,4,0,20,0,188.58,0.0,0.0,0,0,0.0,100.54,0.0
DEMO_000734,CUST_0645,2025-01-31 13:00:00,PPC,FLASH20,Fashion,South,1,2,8,0,167,1,117.15,0.05,5.86,1,0,0.0,65.41,0.0
DEMO_000735,CUST_0173,2025-01-31 14:00:00,Organic,SUMMER15,Electronics,North,1,1,8,0,240,0,106.67,0.0,0.0,0,0,0.0,68.38,0.0
DEMO_000736,CUST_0559,2025-01-31 15:00:00,Direct,RETARGET,Home,West,0,2,3,0,88,2,105.89,0.05,5.29,1,1,100.6,55.54,45.06
DEMO_000737,CUST_0608,2025-01-31 16:00:00,PPC,RETARGET,Beauty,West,1,4,8,0,285,2,139.23,0.15,20.88,1,1,118.35,72.34,46.01
DEMO_000738,CUST_0277,2025-01-31 17:00:00,Social,SUMMER15,Sports,North,0,1,7,0,124,3,179.16,0.0,0.0,0,0,0.0,81.71,0.0
DEMO_000739,CUST_0614,2025-01-31 18:00:00,Direct,FLASH20,Beauty,North,1,0,6,1,140,0,98.39,0.15,14.76,1,0,0.0,45.17,0.0
DEMO_000740,CUST_0748,2025-01-31 19:00:00,Email,FLASH20,Electronics,South,0,1,5,0,260,0,134.87,0.0,0.0,0,0,0.0,85.76,0.0
DEMO_000741,CUST_0680,2025-01-31 20:00:00,Email,LOYALTY,Fashion,East,0,0,7,0,392,3,134.16,0.1,13.42,1,0,0.0,65.44,0.0
DEMO_000742,CUST_0635,2025-01-31 21:00:00,Social,RETARGET,Beauty,West,1,2,9,1,240,1,41.71,0.1,4.17,1,0,0.0,28.04,0.0
DEMO_000743,CUST_0528,2025-01-31 22:00:00,PPC,FLASH20,Fashion,South,1,4,7,1,426,3,81.56,0.1,8.16,1,0,0.0,37.83,0.0
DEMO_000744,CUST_0225,2025-01-31 23:00:00,Email,LOYALTY,Sports,South,0,2,6,1,163,3,136.45,0.25,34.11,1,0,0.0,86.71,0.0
DEMO_000745,CUST_0662,2025-02-01 00:00:00,Organic,FLASH20,Sports,North,1,5,5,1,149,1,195.44,0.15,29.32,1,0,0.0,93.12,0.0
DEMO_000746,CUST_0303,2025-02-01 01:00:00,Social,RETARGET,Beauty,North,0,1,4,1,375,1,206.76,0.0,0.0,0,0,0.0,123.23,0.0
DEMO_000747,CUST_0443,2025-02-01 02:00:00,PPC,FLASH20,Fashion,North,0,0,6,0,241,0,64.64,0.0,0.0,0,0,0.0,40.34,0.0
DEMO_000748,CUST_0261,2025-02-01 03:00:00,PPC,SUMMER15,Fashion,South,0,0,8,1,119,2,175.87,0.0,0.0,0,0,0.0,88.29,0.0
DEMO_000749,CUST_0260,2025-02-01 04:00:00,Direct,FLASH20,Beauty,East,0,2,5,0,413,0,178.56,0.0,0.0,0,0,0.0,103.39,0.0
DEMO_000750,CUST_0131,2025-02-01 05:00:00,Organic,RETARGET,Home,North,0,0,1,1,217,5,135.06,0.1,13.51,1,1,121.55,85.03,36.52
DEMO_000751,CUST_0800,2025-02-01 06:00:00,Direct,LOYALTY,Fashion,North,0,1,4,1,226,0,45.2,0.25,11.3,1,0,0.0,22.12,0.0
DEMO_000752,CUST_0123,2025-02-01 07:00:00,PPC,WELCOME10,Home,West,0,1,5,0,446,2,88.08,0.15,13.21,1,0,0.0,50.22,0.0
DEMO_000753,CUST_0071,2025-02-01 08:00:00,Direct,WELCOME10,Electronics,West,1,2,13,0,382,1,117.77,0.15,17.67,1,0,0.0,67.42,0.0
DEMO_000754,CUST_0779,2025-02-01 09:00:00,Organic,FLASH20,Electronics,East,1,2,8,0,365,0,100.87,0.0,0.0,0,1,100.87,63.2,37.67
DEMO_000755,CUST_0462,2025-02-01 10:00:00,Email,RETARGET,Home,East,1,1,5,1,164,1,42.27,0.1,4.23,1,1,38.04,22.54,15.5
DEMO_000756,CUST_0364,2025-02-01 11:00:00,Direct,FLASH20,Home,East,0,1,4,1,259,0,99.73,0.0,0.0,0,0,0.0,59.68,0.0
DEMO_000757,CUST_0614,2025-02-01 12:00:00,Organic,FLASH20,Beauty,South,1,4,7,1,284,0,73.79,0.0,0.0,0,1,73.79,49.33,24.46
DEMO_000758,CUST_0319,2025-02-01 13:00:00,Email,LOYALTY,Electronics,North,0,0,5,1,143,3,146.33,0.25,36.58,1,1,109.75,89.71,20.04
DEMO_000759,CUST_0106,2025-02-01 14:00:00,Email,FLASH20,Fashion,South,1,2,8,1,121,2,139.21,0.1,13.92,1,1,125.29,63.22,62.07
DEMO_000760,CUST_0607,2025-02-01 15:00:00,Social,RETARGET,Sports,East,1,6,7,0,160,0,141.94,0.0,0.0,0,0,0.0,68.8,0.0
DEMO_000761,CUST_0146,2025-02-01 16:00:00,Email,LOYALTY,Electronics,East,0,1,4,0,283,2,94.99,0.15,14.25,1,0,0.0,51.44,0.0
DEMO_000762,CUST_0460,2025-02-01 17:00:00,PPC,LOYALTY,Electronics,East,0,1,5,1,73,3,113.2,0.2,22.64,1,1,90.56,61.47,29.09
DEMO_000763,CUST_0790,2025-02-01 18:00:00,Email,LOYALTY,Sports,East,1,1,8,1,235,0,108.01,0.25,27.0,1,0,0.0,56.82,0.0
DEMO_000764,CUST_0779,2025-02-01 19:00:00,PPC,LOYALTY,Home,North,1,1,7,1,128,0,169.21,0.0,0.0,0,0,0.0,93.39,0.0
DEMO_000765,CUST_0300,2025-02-01 20:00:00,PPC,WELCOME10,Sports,East,1,2,5,1,348,2,88.23,0.0,0.0,0,0,0.0,58.85,0.0
DEMO_000766,CUST_0649,2025-02-01 21:00:00,Organic,FLASH20,Home,West,1,1,8,1,265,1,79.78,0.0,0.0,0,1,79.78,50.66,29.12
DEMO_000767,CUST_0510,2025-02-01 22:00:00,PPC,WELCOME10,Sports,East,1,5,5,0,77,0,172.9,0.15,25.94,1,0,0.0,83.33,0.0
DEMO_000768,CUST_0399,2025-02-01 23:00:00,Email,FLASH20,Beauty,East,0,2,4,1,352,2,162.29,0.1,16.23,1,0,0.0,89.61,0.0
DEMO_000769,CUST_0116,2025-02-02 00:00:00,Organic,WELCOME10,Electronics,North,1,0,6,0,214,1,138.33,0.1,13.83,1,1,124.5,83.93,40.57
DEMO_000770,CUST_0313,2025-02-02 01:00:00,PPC,FLASH20,Electronics,West,0,0,4,0,152,1,228.31,0.2,45.66,1,1,182.65,111.34,71.31
DEMO_000771,CUST_0543,2025-02-02 02:00:00,Organic,SUMMER15,Beauty,South,0,0,7,0,519,0,287.09,0.0,0.0,0,0,0.0,132.54,0.0
DEMO_000772,CUST_0821,2025-02-02 03:00:00,Email,WELCOME10,Home,South,0,0,2,0,162,2,195.15,0.15,29.27,1,1,165.88,130.8,35.08
DEMO_000773,CUST_0004,2025-02-02 04:00:00,Email,WELCOME10,Home,South,1,5,4,0,125,0,80.13,0.1,8.01,1,0,0.0,50.52,0.0
DEMO_000774,CUST_0597,2025-02-02 05:00:00,PPC,FLASH20,Beauty,North,1,4,6,1,301,1,163.04,0.15,24.46,1,1,138.58,106.56,32.02
DEMO_000775,CUST_0704,2025-02-02 06:00:00,PPC,WELCOME10,Beauty,West,0,2,7,0,426,3,117.87,0.1,11.79,1,0,0.0,74.22,0.0
DEMO_000776,CUST_0792,2025-02-02 07:00:00,PPC,RETARGET,Beauty,East,0,1,6,0,25,5,87.09,0.25,21.77,1,1,65.32,52.79,12.53
DEMO_000777,CUST_0353,2025-02-02 08:00:00,Social,LOYALTY,Fashion,South,0,0,2,0,337,0,80.36,0.2,16.07,1,0,0.0,50.3,0.0
DEMO_000778,CUST_0098,2025-02-02 09:00:00,PPC,LOYALTY,Fashion,West,1,3,8,1,307,0,126.62,0.05,6.33,1,1,120.29,72.28,48.01
DEMO_000779,CUST_0225,2025-02-02 10:00:00,Organic,WELCOME10,Electronics,North,1,5,6,0,388,0,162.0,0.0,0.0,0,0,0.0,82.48,0.0
DEMO_000780,CUST_0708,2025-02-02 11:00:00,Organic,LOYALTY,Sports,South,0,4,7,1,399,0,208.66,0.0,0.0,0,1,208.66,98.43,110.23
DEMO_000781,CUST_0731,2025-02-02 12:00:00,Email,LOYALTY,Electronics,East,0,1,7,0,229,1,151.92,0.05,7.6,1,0,0.0,89.24,0.0
DEMO_000782,CUST_0530,2025-02-02 13:00:00,Organic,SUMMER15,Fashion,North,1,1,4,0,254,0,145.22,0.15,21.78,1,0,0.0,72.68,0.0
DEMO_000783,CUST_0102,2025-02-02 14:00:00,PPC,WELCOME10,Fashion,East,0,0,3,0,191,1,102.24,0.1,10.22,1,1,92.02,65.36,26.66
DEMO_000784,CUST_0101,2025-02-02 15:00:00,PPC,FLASH20,Electronics,West,0,3,4,1,447,2,123.65,0.15,18.55,1,0,0.0,70.86,0.0
DEMO_000785,CUST_0398,2025-02-02 16:00:00,Email,LOYALTY,Sports,East,0,2,1,0,112,1,57.24,0.0,0.0,0,0,0.0,38.86,0.0
DEMO_000786,CUST_0490,2025-02-02 17:00:00,Social,WELCOME10,Sports,North,0,0,1,1,239,3,144.66,0.1,14.47,1,1,130.19,77.92,52.27
DEMO_000787,CUST_0026,2025-02-02 18:00:00,Direct,WELCOME10,Beauty,East,0,1,3,1,333,2,136.22,0.25,34.06,1,0,0.0,74.44,0.0
DEMO_000788,CUST_0571,2025-02-02 19:00:00,Email,SUMMER15,Fashion,South,1,3,11,1,352,2,265.44,0.2,53.09,1,1,212.35,135.9,76.45
DEMO_000789,CUST_0453,2025-02-02 20:00:00,Organic,FLASH20,Beauty,East,0,1,4,0,303,1,110.18,0.0,0.0,0,0,0.0,56.83,0.0
DEMO_000790,CUST_0010,2025-02-02 21:00:00,Social,FLASH20,Fashion,East,0,1,5,0,241,4,191.73,0.15,28.76,1,0,0.0,107.33,0.0
DEMO_000791,CUST_0079,2025-02-02 22:00:00,PPC,FLASH20,Home,North,1,2,4,0,304,1,90.61,0.1,9.06,1,0,0.0,42.12,0.0
DEMO_000792,CUST_0378,2025-02-02 23:00:00,Social,SUMMER15,Fashion,North,1,2,8,1,303,0,240.73,0.0,0.0,0,0,0.0,154.47,0.0
DEMO_000793,CUST_0601,2025-02-03 00:00:00,Organic,WELCOME10,Electronics,North,0,0,7,1,497,1,215.35,0.0,0.0,0,0,0.0,101.79,0.0
DEMO_000794,CUST_0687,2025-02-03 01:00:00,Direct,WELCOME10,Electronics,North,0,3,4,0,109,1,186.68,0.0,0.0,0,0,0.0,122.93,0.0
DEMO_000795,CUST_0359,2025-02-03 02:00:00,Direct,WELCOME10,Electronics,South,1,4,4,1,353,3,115.25,0.15,17.29,1,1,97.96,62.44,35.52
DEMO_000796,CUST_0246,2025-02-03 03:00:00,Email,LOYALTY,Electronics,North,0,0,4,0,173,3,101.49,0.0,0.0,0,0,0.0,56.4,0.0
DEMO_000797,CUST_0806,2025-02-03 04:00:00,PPC,LOYALTY,Electronics,West,1,4,4,0,199,1,94.92,0.05,4.75,1,0,0.0,63.76,0.0
DEMO_000798,CUST_0381,2025-02-03 05:00:00,Organic,FLASH20,Home,West,0,0,5,0,466,1,72.4,0.0,0.0,0,0,0.0,44.89,0.0
DEMO_000799,CUST_0262,2025-02-03 06:00:00,Email,WELCOME10,Beauty,North,0,2,6,0,463,1,138.44,0.0,0.0,0,0,0.0,71.18,0.0
DEMO_000800,CUST_0368,2025-02-03 07:00:00,PPC,FLASH20,Beauty,South,0,2,5,1,447,2,100.31,0.0,0.0,0,0,0.0,52.19,0.0
DEMO_000801,CUST_0010,2025-02-03 08:00:00,Direct,RETARGET,Fashion,East,1,3,12,1,186,0,133.25,0.0,0.0,0,0,0.0,64.55,0.0
DEMO_000802,CUST_0251,2025-02-03 09:00:00,Email,SUMMER15,Home,East,0,0,4,0,127,4,121.08,0.1,12.11,1,0,0.0,72.28,0.0
DEMO_000803,CUST_0429,2025-02-03 10:00:00,PPC,FLASH20,Electronics,East,0,0,3,0,77,0,69.19,0.0,0.0,0,0,0.0,41.65,0.0
DEMO_000804,CUST_0765,2025-02-03 11:00:00,Direct,FLASH20,Electronics,West,0,1,5,0,417,2,180.83,0.0,0.0,0,1,180.83,118.36,62.47
DEMO_000805,CUST_0614,2025-02-03 12:00:00,PPC,SUMMER15,Home,East,1,0,5,1,145,0,117.12,0.0,0.0,0,0,0.0,60.36,0.0
DEMO_000806,CUST_0650,2025-02-03 13:00:00,Organic,FLASH20,Electronics,East,0,2,6,0,154,2,165.34,0.1,16.53,1,0,0.0,76.96,0.0
DEMO_000807,CUST_0453,2025-02-03 14:00:00,Direct,FLASH20,Home,East,1,3,8,0,136,2,66.39,0.1,6.64,1,1,59.75,33.23,26.52
DEMO_000808,CUST_0092,2025-02-03 15:00:00,Organic,FLASH20,Beauty,East,1,5,7,1,176,0,79.54,0.0,0.0,0,0,0.0,53.41,0.0
DEMO_000809,CUST_0325,2025-02-03 16:00:00,Email,LOYALTY,Beauty,South,0,0,4,0,48,1,94.01,0.25,23.5,1,0,0.0,63.67,0.0
DEMO_000810,CUST_0830,2025-02-03 17:00:00,Email,FLASH20,Fashion,East,1,1,4,0,145,0,125.12,0.05,6.26,1,0,0.0,66.47,0.0
DEMO_000811,CUST_0036,2025-02-03 18:00:00,Direct,WELCOME10,Electronics,West,1,3,9,1,259,0,107.06,0.15,16.06,1,0,0.0,60.24,0.0
DEMO_000812,CUST_0732,2025-02-03 19:00:00,PPC,WELCOME10,Home,South,0,0,7,0,85,0,207.26,0.0,0.0,0,0,0.0,133.61,0.0
DEMO_000813,CUST_0570,2025-02-03 20:00:00,Organic,FLASH20,Fashion,North,0,0,6,1,164,1,178.68,0.0,0.0,0,0,0.0,100.04,0.0
DEMO_000814,CUST_0236,2025-02-03 21:00:00,Email,RETARGET,Electronics,East,0,0,4,0,383,1,80.73,0.2,16.15,1,0,0.0,54.13,0.0
DEMO_000815,CUST_0648,2025-02-03 22:00:00,PPC,WELCOME10,Beauty,West,0,1,8,0,102,1,422.34,0.0,0.0,0,0,0.0,271.42,0.0
DEMO_000816,CUST_0697,2025-02-03 23:00:00,Direct,WELCOME10,Beauty,West,1,3,4,0,178,0,107.97,0.0,0.0,0,0,0.0,67.0,0.0
DEMO_000817,CUST_0036,2025-02-04 00:00:00,Organic,LOYALTY,Home,East,1,3,7,0,185,1,200.55,0.1,20.06,1,0,0.0,119.24,0.0
DEMO_000818,CUST_0088,2025-02-04 01:00:00,Direct,FLASH20,Electronics,West,1,5,4,0,116,1,98.69,0.1,9.87,1,0,0.0,49.1,0.0
DEMO_000819,CUST_0554,2025-02-04 02:00:00,PPC,SUMMER15,Fashion,South,0,1,2,0,323,1,148.58,0.2,29.72,1,1,118.86,73.11,45.75
DEMO_000820,CUST_0832,2025-02-04 03:00:00,Organic,SUMMER15,Sports,South,0,1,6,0,374,3,171.99,0.1,17.2,1,1,154.79,111.68,43.11
DEMO_000821,CUST_0019,2025-02-04 04:00:00,Direct,LOYALTY,Sports,South,0,0,6,1,120,2,57.0,0.0,0.0,0,0,0.0,28.81,0.0
DEMO_000822,CUST_0554,2025-02-04 05:00:00,PPC,FLASH20,Electronics,South,1,7,9,0,134,0,246.19,0.0,0.0,0,0,0.0,124.58,0.0
DEMO_000823,CUST_0113,2025-02-04 06:00:00,PPC,LOYALTY,Beauty,East,0,0,4,1,160,2,78.92,0.05,3.95,1,1,74.97,50.87,24.1
DEMO_000824,CUST_0541,2025-02-04 07:00:00,Direct,SUMMER15,Home,West,1,2,6,0,155,1,95.86,0.2,19.17,1,1,76.69,44.16,32.53
DEMO_000825,CUST_0519,2025-02-04 08:00:00,PPC,FLASH20,Home,South,1,5,8,1,235,1,85.43,0.2,17.09,1,1,68.34,52.55,15.79
DEMO_000826,CUST_0075,2025-02-04 09:00:00,Organic,RETARGET,Electronics,North,0,0,5,1,101,1,86.9,0.05,4.35,1,1,82.55,51.41,31.14
DEMO_000827,CUST_0567,2025-02-04 10:00:00,Direct,SUMMER15,Fashion,West,1,2,6,1,235,1,88.76,0.25,22.19,1,0,0.0,40.72,0.0
DEMO_000828,CUST_0747,2025-02-04 11:00:00,Email,SUMMER15,Beauty,West,1,3,10,1,88,0,65.54,0.0,0.0,0,1,65.54,32.22,33.32
DEMO_000829,CUST_0719,2025-02-04 12:00:00,PPC,WELCOME10,Home,West,1,2,6,1,515,0,157.99,0.0,0.0,0,0,0.0,81.99,0.0
DEMO_000830,CUST_0024,2025-02-04 13:00:00,Email,LOYALTY,Home,South,0,2,8,0,355,0,118.14,0.1,11.81,1,0,0.0,59.33,0.0
DEMO_000831,CUST_0204,2025-02-04 14:00:00,PPC,WELCOME10,Electronics,East,0,1,5,0,35,2,105.4,0.05,5.27,1,1,100.13,51.53,48.6
DEMO_000832,CUST_0200,2025-02-04 15:00:00,Email,SUMMER15,Fashion,East,1,6,4,0,208,0,177.19,0.0,0.0,0,0,0.0,114.53,0.0
DEMO_000833,CUST_0377,2025-02-04 16:00:00,Social,LOYALTY,Electronics,West,0,0,4,0,58,1,248.36,0.1,24.84,1,1,223.52,164.6,58.92
DEMO_000834,CUST_0119,2025-02-04 17:00:00,Email,WELCOME10,Beauty,West,1,2,5,0,298,0,55.59,0.0,0.0,0,0,0.0,27.25,0.0
DEMO_000835,CUST_0711,2025-02-04 18:00:00,Social,RETARGET,Beauty,West,0,0,3,1,193,3,232.9,0.2,46.58,1,0,0.0,135.78,0.0
DEMO_000836,CUST_0647,2025-02-04 19:00:00,PPC,FLASH20,Sports,South,1,3,5,1,388,2,111.0,0.0,0.0,0,1,111.0,61.01,49.99
DEMO_000837,CUST_0673,2025-02-04 20:00:00,PPC,SUMMER15,Fashion,North,1,4,5,0,308,1,61.07,0.2,12.21,1,0,0.0,32.77,0.0
DEMO_000838,CUST_0165,2025-02-04 21:00:00,PPC,FLASH20,Beauty,North,0,0,3,0,154,1,135.06,0.15,20.26,1,0,0.0,90.38,0.0
DEMO_000839,CUST_0012,2025-02-04 22:00:00,Social,LOYALTY,Beauty,West,0,3,2,0,176,4,106.42,0.1,10.64,1,0,0.0,49.01,0.0
DEMO_000840,CUST_0758,2025-02-04 23:00:00,Organic,FLASH20,Electronics,West,1,0,8,1,162,1,165.21,0.05,8.26,1,1,156.95,111.38,45.57
DEMO_000841,CUST_0240,2025-02-05 00:00:00,PPC,RETARGET,Sports,North,0,1,2,0,61,1,119.75,0.1,11.98,1,0,0.0,62.64,0.0
DEMO_000842,CUST_0546,2025-02-05 01:00:00,Direct,RETARGET,Electronics,South,1,2,10,1,233,1,131.7,0.15,19.76,1,0,0.0,76.52,0.0
DEMO_000843,CUST_0757,2025-02-05 02:00:00,Organic,SUMMER15,Sports,North,1,2,4,0,272,0,92.22,0.1,9.22,1,0,0.0,61.25,0.0
DEMO_000844,CUST_0030,2025-02-05 03:00:00,Email,LOYALTY,Fashion,South,0,1,1,0,196,1,70.61,0.2,14.12,1,0,0.0,42.25,0.0
DEMO_000845,CUST_0004,2025-02-05 04:00:00,Direct,SUMMER15,Home,East,1,6,9,1,221,1,156.62,0.1,15.66,1,0,0.0,98.11,0.0
DEMO_000846,CUST_0004,2025-02-05 05:00:00,PPC,RETARGET,Home,East,0,0,2,0,253,4,88.57,0.1,8.86,1,1,79.71,41.83,37.88
DEMO_000847,CUST_0130,2025-02-05 06:00:00,Email,SUMMER15,Beauty,South,1,1,13,1,217,1,134.43,0.2,26.89,1,0,0.0,78.11,0.0
DEMO_000848,CUST_0043,2025-02-05 07:00:00,Organic,SUMMER15,Beauty,South,0,2,3,0,208,0,218.9,0.0,0.0,0,0,0.0,114.14,0.0
DEMO_000849,CUST_0683,2025-02-05 08:00:00,Email,LOYALTY,Sports,East,0,1,2,0,150,2,104.39,0.0,0.0,0,0,0.0,57.05,0.0
DEMO_000850,CUST_0504,2025-02-05 09:00:00,Email,LOYALTY,Sports,East,0,0,4,0,180,3,153.71,0.15,23.06,1,1,130.65,77.56,53.09
DEMO_000851,CUST_0816,2025-02-05 10:00:00,Social,WELCOME10,Beauty,North,1,0,7,1,131,2,110.63,0.0,0.0,0,0,0.0,65.45,0.0
DEMO_000852,CUST_0667,2025-02-05 11:00:00,Email,FLASH20,Home,North,1,4,6,1,172,0,95.19,0.0,0.0,0,0,0.0,54.57,0.0
DEMO_000853,CUST_0802,2025-02-05 12:00:00,Social,SUMMER15,Sports,South,1,4,7,0,457,1,55.53,0.15,8.33,1,0,0.0,26.63,0.0
DEMO_000854,CUST_0198,2025-02-05 13:00:00,Direct,LOYALTY,Sports,South,0,1,3,0,75,0,110.2,0.0,0.0,0,0,0.0,68.08,0.0
DEMO_000855,CUST_0239,2025-02-05 14:00:00,Organic,FLASH20,Electronics,West,0,1,6,0,475,3,104.18,0.1,10.42,1,0,0.0,53.7,0.0
DEMO_000856,CUST_0707,2025-02-05 15:00:00,Social,RETARGET,Sports,West,1,4,8,1,253,0,75.8,0.0,0.0,0,0,0.0,44.34,0.0
DEMO_000857,CUST_0203,2025-02-05 16:00:00,Social,RETARGET,Home,East,1,3,12,0,60,1,44.89,0.15,6.73,1,0,0.0,29.17,0.0
DEMO_000858,CUST_0047,2025-02-05 17:00:00,Direct,LOYALTY,Sports,North,0,1,5,1,352,1,52.9,0.0,0.0,0,1,52.9,28.64,24.26
DEMO_000859,CUST_0557,2025-02-05 18:00:00,PPC,LOYALTY,Beauty,North,1,2,5,1,122,0,250.48,0.1,25.05,1,0,0.0,149.57,0.0
DEMO_000860,CUST_0667,2025-02-05 19:00:00,Email,RETARGET,Home,South,0,0,5,0,286,3,114.09,0.2,22.82,1,0,0.0,73.97,0.0
DEMO_000861,CUST_0806,2025-02-05 20:00:00,Organic,WELCOME10,Beauty,East,0,0,3,1,286,1,58.77,0.0,0.0,0,0,0.0,34.86,0.0
DEMO_000862,CUST_0772,2025-02-05 21:00:00,Organic,LOYALTY,Electronics,East,1,3,5,1,245,0,85.55,0.0,0.0,0,0,0.0,57.84,0.0
DEMO_000863,CUST_0100,2025-02-05 22:00:00,Email,LOYALTY,Beauty,North,0,1,4,0,220,3,112.68,0.0,0.0,0,0,0.0,52.81,0.0
DEMO_000864,CUST_0643,2025-02-05 23:00:00,Organic,WELCOME10,Fashion,West,0,1,4,0,227,1,137.27,0.0,0.0,0,0,0.0,73.22,0.0
DEMO_000865,CUST_0704,2025-02-06 00:00:00,Email,RETARGET,Sports,South,1,3,6,0,164,0,100.99,0.15,15.15,1,0,0.0,61.77,0.0
DEMO_000866,CUST_0581,2025-02-06 01:00:00,Direct,LOYALTY,Home,East,1,1,4,0,495,0,278.54,0.0,0.0,0,1,278.54,156.63,121.91
DEMO_000867,CUST_0682,2025-02-06 02:00:00,PPC,SUMMER15,Electronics,North,0,0,7,1,441,3,284.51,0.25,71.13,1,1,213.38,144.94,68.44
DEMO_000868,CUST_0698,2025-02-06 03:00:00,Email,FLASH20,Fashion,West,1,2,5,0,295,1,133.27,0.2,26.65,1,0,0.0,70.23,0.0
DEMO_000869,CUST_0371,2025-02-06 04:00:00,Email,FLASH20,Electronics,East,0,0,4,1,201,4,95.12,0.15,14.27,1,0,0.0,58.65,0.0
DEMO_000870,CUST_0033,2025-02-06 05:00:00,PPC,RETARGET,Home,North,0,1,1,0,142,2,133.24,0.0,0.0,0,1,133.24,84.06,49.18
DEMO_000871,CUST_0380,2025-02-06 06:00:00,PPC,RETARGET,Electronics,South,0,0,5,0,226,4,61.68,0.0,0.0,0,0,0.0,36.76,0.0
DEMO_000872,CUST_0168,2025-02-06 07:00:00,Email,RETARGET,Beauty,South,1,5,5,0,143,0,175.87,0.1,17.59,1,0,0.0,115.09,0.0
DEMO_000873,CUST_0094,2025-02-06 08:00:00,PPC,LOYALTY,Fashion,North,0,0,7,1,215,3,121.18,0.15,18.18,1,0,0.0,69.07,0.0
DEMO_000874,CUST_0104,2025-02-06 09:00:00,Email,WELCOME10,Sports,West,0,0,4,0,299,3,65.16,0.0,0.0,0,0,0.0,41.67,0.0
DEMO_000875,CUST_0580,2025-02-06 10:00:00,PPC,RETARGET,Fashion,West,1,2,8,0,399,0,86.24,0.0,0.0,0,0,0.0,40.94,0.0
DEMO_000876,CUST_0420,2025-02-06 11:00:00,PPC,WELCOME10,Electronics,West,1,5,9,1,279,1,145.19,0.2,29.04,1,0,0.0,98.25,0.0
DEMO_000877,CUST_0449,2025-02-06 12:00:00,PPC,WELCOME10,Beauty,South,1,7,11,0,212,1,53.02,0.0,0.0,0,1,53.02,34.52,18.5
DEMO_000878,CUST_0620,2025-02-06 13:00:00,PPC,WELCOME10,Sports,East,1,3,6,1,108,0,75.03,0.0,0.0,0,1,75.03,49.18,25.85
DEMO_000879,CUST_0456,2025-02-06 14:00:00,Email,RETARGET,Home,South,0,2,7,0,290,3,90.95,0.25,22.74,1,0,0.0,59.34,0.0
DEMO_000880,CUST_0524,2025-02-06 15:00:00,Email,FLASH20,Beauty,South,0,1,6,0,309,3,173.96,0.15,26.09,1,1,147.87,111.98,35.89
DEMO_000881,CUST_0071,2025-02-06 16:00:00,Email,SUMMER15,Beauty,East,0,0,4,0,351,1,242.61,0.0,0.0,0,0,0.0,113.93,0.0
DEMO_000882,CUST_0708,2025-02-06 17:00:00,Social,WELCOME10,Beauty,South,1,3,5,1,723,1,133.01,0.2,26.6,1,1,106.41,87.7,18.71
DEMO_000883,CUST_0373,2025-02-06 18:00:00,Direct,FLASH20,Electronics,West,0,1,6,1,189,0,27.06,0.0,0.0,0,0,0.0,13.23,0.0
DEMO_000884,CUST_0129,2025-02-06 19:00:00,Direct,LOYALTY,Sports,North,0,2,5,1,480,1,67.86,0.0,0.0,0,0,0.0,44.08,0.0
DEMO_000885,CUST_0677,2025-02-06 20:00:00,Organic,RETARGET,Beauty,North,0,0,3,0,406,0,540.8,0.15,81.12,1,0,0.0,312.83,0.0
DEMO_000886,CUST_0611,2025-02-06 21:00:00,Organic,FLASH20,Sports,West,0,0,4,0,214,2,120.4,0.25,30.1,1,0,0.0,62.01,0.0
DEMO_000887,CUST_0044,2025-02-06 22:00:00,PPC,LOYALTY,Beauty,West,1,4,8,1,123,5,34.71,0.1,3.47,1,0,0.0,18.13,0.0
DEMO_000888,CUST_0160,2025-02-06 23:00:00,Social,RETARGET,Home,West,1,3,5,0,379,1,326.28,0.0,0.0,0,0,0.0,167.07,0.0
DEMO_000889,CUST_0013,2025-02-07 00:00:00,Social,RETARGET,Electronics,South,0,1,6,1,488,0,61.49,0.2,12.3,1,1,49.19,37.93,11.26
DEMO_000890,CUST_0225,2025-02-07 01:00:00,Direct,SUMMER15,Sports,South,1,3,3,1,139,0,145.19,0.15,21.78,1,0,0.0,89.9,0.0
DEMO_000891,CUST_0083,2025-02-07 02:00:00,Direct,RETARGET,Fashion,North,1,3,6,1,326,0,66.96,0.0,0.0,0,1,66.96,36.72,30.24
DEMO_000892,CUST_0591,2025-02-07 03:00:00,PPC,FLASH20,Electronics,South,0,2,5,0,204,2,302.17,0.15,45.33,1,1,256.84,165.68,91.16
DEMO_000893,CUST_0435,2025-02-07 04:00:00,Social,RETARGET,Electronics,East,0,0,7,1,248,2,59.29,0.0,0.0,0,0,0.0,29.59,0.0
DEMO_000894,CUST_0816,2025-02-07 05:00:00,Social,WELCOME10,Sports,South,1,1,7,1,110,1,86.19,0.0,0.0,0,1,86.19,46.68,39.51
DEMO_000895,CUST_0624,2025-02-07 06:00:00,PPC,WELCOME10,Fashion,South,0,0,4,0,373,1,179.84,0.0,0.0,0,0,0.0,108.34,0.0
DEMO_000896,CUST_0509,2025-02-07 07:00:00,Direct,RETARGET,Electronics,North,1,6,4,1,202,1,87.45,0.15,13.12,1,0,0.0,51.93,0.0
DEMO_000897,CUST_0424,2025-02-07 08:00:00,Email,LOYALTY,Home,South,1,0,6,1,584,0,139.61,0.15,20.94,1,0,0.0,66.99,0.0
DEMO_000898,CUST_0045,2025-02-07 09:00:00,Direct,WELCOME10,Fashion,East,1,3,9,1,221,1,163.01,0.0,0.0,0,0,0.0,100.78,0.0
DEMO_000899,CUST_0058,2025-02-07 10:00:00,Social,RETARGET,Home,East,1,2,5,1,189,1,121.47,0.0,0.0,0,1,121.47,82.31,39.16
DEMO_000900,CUST_0513,2025-02-07 11:00:00,Email,WELCOME10,Fashion,East,1,2,7,1,199,2,68.03,0.15,10.2,1,0,0.0,43.3,0.0
DEMO_000901,CUST_0003,2025-02-07 12:00:00,Organic,LOYALTY,Beauty,West,0,1,12,0,177,1,78.72,0.0,0.0,0,1,78.72,35.57,43.15
DEMO_000902,CUST_0035,2025-02-07 13:00:00,Email,SUMMER15,Beauty,North,0,0,4,1,224,1,94.39,0.15,14.16,1,1,80.23,60.32,19.91
DEMO_000903,CUST_0182,2025-02-07 14:00:00,Social,WELCOME10,Beauty,South,1,6,7,1,424,0,146.1,0.0,0.0,0,1,146.1,66.75,79.35
DEMO_000904,CUST_0736,2025-02-07 15:00:00,Social,RETARGET,Fashion,East,1,4,14,1,223,2,161.62,0.0,0.0,0,1,161.62,77.72,83.9
DEMO_000905,CUST_0382,2025-02-07 16:00:00,Organic,RETARGET,Fashion,South,1,4,8,1,460,2,123.01,0.2,24.6,1,0,0.0,62.22,0.0
DEMO_000906,CUST_0591,2025-02-07 17:00:00,Direct,WELCOME10,Home,West,1,4,3,0,369,1,153.85,0.0,0.0,0,0,0.0,86.64,0.0
DEMO_000907,CUST_0342,2025-02-07 18:00:00,Email,WELCOME10,Sports,North,0,0,5,0,341,1,54.8,0.1,5.48,1,0,0.0,35.31,0.0
DEMO_000908,CUST_0144,2025-02-07 19:00:00,PPC,LOYALTY,Beauty,North,1,3,3,0,307,1,128.25,0.15,19.24,1,0,0.0,81.72,0.0
DEMO_000909,CUST_0309,2025-02-07 20:00:00,PPC,WELCOME10,Sports,South,1,2,6,1,148,0,108.94,0.0,0.0,0,0,0.0,58.35,0.0
DEMO_000910,CUST_0076,2025-02-07 21:00:00,Email,LOYALTY,Sports,South,1,3,5,0,319,1,140.17,0.0,0.0,0,0,0.0,78.36,0.0
DEMO_000911,CUST_0641,2025-02-07 22:00:00,PPC,RETARGET,Home,West,1,3,8,1,420,1,157.36,0.0,0.0,0,1,157.36,76.98,80.38
DEMO_000912,CUST_0152,2025-02-07 23:00:00,PPC,LOYALTY,Fashion,South,0,0,3,1,474,2,69.9,0.05,3.5,1,0,0.0,46.76,0.0
DEMO_000913,CUST_0313,2025-02-08 00:00:00,PPC,SUMMER15,Beauty,South,1,3,9,1,113,1,106.75,0.0,0.0,0,1,106.75,54.74,52.01
DEMO_000914,CUST_0816,2025-02-08 01:00:00,PPC,WELCOME10,Beauty,North,0,0,5,1,409,2,204.49,0.0,0.0,0,0,0.0,101.66,0.0
DEMO_000915,CUST_0493,2025-02-08 02:00:00,Direct,LOYALTY,Beauty,South,0,0,5,1,114,1,128.61,0.05,6.43,1,1,122.18,87.09,35.09
DEMO_000916,CUST_0381,2025-02-08 03:00:00,PPC,WELCOME10,Home,East,1,4,4,0,284,1,107.22,0.0,0.0,0,0,0.0,53.47,0.0
DEMO_000917,CUST_0452,2025-02-08 04:00:00,Direct,FLASH20,Fashion,East,1,0,8,0,257,0,64.84,0.1,6.48,1,0,0.0,31.89,0.0
DEMO_000918,CUST_0653,2025-02-08 05:00:00,PPC,FLASH20,Beauty,East,1,1,5,0,112,0,143.2,0.15,21.48,1,0,0.0,96.81,0.0
DEMO_000919,CUST_0211,2025-02-08 06:00:00,PPC,LOYALTY,Beauty,South,0,1,2,0,211,2,60.0,0.15,9.0,1,1,51.0,28.06,22.94
DEMO_000920,CUST_0530,2025-02-08 07:00:00,Organic,SUMMER15,Beauty,North,0,0,8,1,236,4,103.52,0.0,0.0,0,0,0.0,47.37,0.0
DEMO_000921,CUST_0726,2025-02-08 08:00:00,PPC,LOYALTY,Home,North,0,1,3,0,266,0,89.92,0.05,4.5,1,1,85.42,49.89,35.53
DEMO_000922,CUST_0476,2025-02-08 09:00:00,PPC,LOYALTY,Home,North,1,1,6,0,206,0,133.89,0.0,0.0,0,1,133.89,69.39,64.5
DEMO_000923,CUST_0371,2025-02-08 10:00:00,Organic,SUMMER15,Home,East,1,1,10,1,295,1,85.68,0.0,0.0,0,1,85.68,55.7,29.98
DEMO_000924,CUST_0120,2025-02-08 11:00:00,Email,SUMMER15,Beauty,West,1,2,2,0,167,0,96.76,0.15,14.51,1,0,0.0,59.9,0.0
DEMO_000925,CUST_0206,2025-02-08 12:00:00,PPC,WELCOME10,Beauty,West,0,1,5,1,687,2,74.45,0.1,7.44,1,0,0.0,42.76,0.0
DEMO_000926,CUST_0788,2025-02-08 13:00:00,Organic,FLASH20,Beauty,South,1,1,8,1,299,1,100.3,0.05,5.02,1,1,95.28,45.37,49.91
DEMO_000927,CUST_0450,2025-02-08 14:00:00,PPC,SUMMER15,Home,North,1,0,8,1,200,2,123.55,0.0,0.0,0,0,0.0,63.14,0.0
DEMO_000928,CUST_0251,2025-02-08 15:00:00,Social,WELCOME10,Home,East,0,1,3,0,144,4,95.94,0.1,9.59,1,0,0.0,62.82,0.0
DEMO_000929,CUST_0348,2025-02-08 16:00:00,PPC,FLASH20,Electronics,North,1,1,11,1,360,0,97.41,0.15,14.61,1,0,0.0,49.4,0.0
DEMO_000930,CUST_0481,2025-02-08 17:00:00,Direct,FLASH20,Beauty,East,1,2,9,0,816,1,120.79,0.0,0.0,0,1,120.79,55.12,65.67
DEMO_000931,CUST_0447,2025-02-08 18:00:00,Social,WELCOME10,Electronics,South,0,0,7,1,443,2,176.0,0.05,8.8,1,1,167.2,88.55,78.65
DEMO_000932,CUST_0582,2025-02-08 19:00:00,Direct,WELCOME10,Sports,West,0,0,3,0,199,1,156.82,0.0,0.0,0,0,0.0,97.86,0.0
DEMO_000933,CUST_0214,2025-02-08 20:00:00,Social,WELCOME10,Beauty,East,1,2,6,0,57,0,62.66,0.15,9.4,1,0,0.0,40.59,0.0
DEMO_000934,CUST_0540,2025-02-08 21:00:00,Email,LOYALTY,Home,East,1,4,5,1,166,1,158.43,0.0,0.0,0,0,0.0,81.69,0.0
DEMO_000935,CUST_0368,2025-02-08 22:00:00,Organic,SUMMER15,Fashion,South,1,5,7,0,137,0,207.58,0.0,0.0,0,1,207.58,104.5,103.08
DEMO_000936,CUST_0783,2025-02-08 23:00:00,Email,WELCOME10,Beauty,West,1,2,7,1,104,0,154.09,0.0,0.0,0,0,0.0,99.02,0.0
DEMO_000937,CUST_0131,2025-02-09 00:00:00,Social,WELCOME10,Sports,East,0,0,5,1,229,2,37.86,0.0,0.0,0,1,37.86,18.75,19.11
DEMO_000938,CUST_0123,2025-02-09 01:00:00,Organic,RETARGET,Fashion,East,1,0,7,0,288,2,126.36,0.25,31.59,1,0,0.0,67.42,0.0
DEMO_000939,CUST_0384,2025-02-09 02:00:00,PPC,SUMMER15,Home,South,1,2,7,1,208,1,209.05,0.15,31.36,1,1,177.69,112.37,65.32
DEMO_000940,CUST_0423,2025-02-09 03:00:00,Direct,LOYALTY,Beauty,South,0,0,4,0,329,3,91.66,0.0,0.0,0,0,0.0,49.6,0.0
DEMO_000941,CUST_0575,2025-02-09 04:00:00,Email,FLASH20,Electronics,West,1,3,14,1,193,1,413.67,0.0,0.0,0,1,413.67,193.29,220.38
DEMO_000942,CUST_0336,2025-02-09 05:00:00,Organic,WELCOME10,Home,South,0,1,5,1,128,0,42.05,0.15,6.31,1,1,35.74,27.08,8.66
DEMO_000943,CUST_0761,2025-02-09 06:00:00,Social,SUMMER15,Home,North,0,0,4,0,128,1,119.79,0.1,11.98,1,0,0.0,59.83,0.0
DEMO_000944,CUST_0394,2025-02-09 07:00:00,Email,WELCOME10,Beauty,South,0,0,6,0,118,0,155.33,0.0,0.0,0,1,155.33,83.01,72.32
DEMO_000945,CUST_0107,2025-02-09 08:00:00,Organic,LOYALTY,Home,South,1,3,6,0,65,0,121.2,0.15,18.18,1,0,0.0,72.31,0.0
DEMO_000946,CUST_0099,2025-02-09 09:00:00,Social,SUMMER15,Sports,South,0,2,2,0,102,1,120.22,0.15,18.03,1,0,0.0,76.32,0.0
DEMO_000947,CUST_0810,2025-02-09 10:00:00,Email,FLASH20,Home,North,0,0,3,1,98,3,70.24,0.05,3.51,1,1,66.73,41.09,25.64
DEMO_000948,CUST_0111,2025-02-09 11:00:00,Organic,WELCOME10,Electronics,North,1,6,9,1,95,0,86.58,0.0,0.0,0,0,0.0,46.16,0.0
DEMO_000949,CUST_0789,2025-02-09 12:00:00,PPC,RETARGET,Sports,South,0,1,4,0,156,2,145.21,0.15,21.78,1,0,0.0,65.52,0.0
DEMO_000950,CUST_0231,2025-02-09 13:00:00,Social,SUMMER15,Home,South,1,4,10,1,185,1,43.33,0.1,4.33,1,1,39.0,24.43,14.57
DEMO_000951,CUST_0077,2025-02-09 14:00:00,Email,FLASH20,Beauty,North,1,6,6,1,612,0,168.58,0.0,0.0,0,0,0.0,97.66,0.0
DEMO_000952,CUST_0253,2025-02-09 15:00:00,Direct,RETARGET,Beauty,South,0,0,4,1,155,1,106.56,0.0,0.0,0,0,0.0,56.76,0.0
DEMO_000953,CUST_0512,2025-02-09 16:00:00,Direct,LOYALTY,Sports,South,0,0,6,1,199,1,143.81,0.0,0.0,0,0,0.0,85.54,0.0
DEMO_000954,CUST_0356,2025-02-09 17:00:00,Email,LOYALTY,Electronics,North,1,2,10,1,272,1,164.17,0.0,0.0,0,1,164.17,103.62,60.55
DEMO_000955,CUST_0654,2025-02-09 18:00:00,PPC,RETARGET,Beauty,South,0,0,5,0,342,0,601.01,0.0,0.0,0,0,0.0,275.37,0.0
DEMO_000956,CUST_0508,2025-02-09 19:00:00,Organic,WELCOME10,Fashion,South,0,0,6,1,465,0,210.49,0.0,0.0,0,0,0.0,134.0,0.0
DEMO_000957,CUST_0333,2025-02-09 20:00:00,Social,RETARGET,Fashion,North,1,1,7,0,223,2,65.31,0.0,0.0,0,0,0.0,38.26,0.0
DEMO_000958,CUST_0528,2025-02-09 21:00:00,PPC,FLASH20,Fashion,West,1,4,3,0,181,0,296.71,0.2,59.34,1,0,0.0,155.74,0.0
DEMO_000959,CUST_0809,2025-02-09 22:00:00,Email,FLASH20,Home,North,1,5,10,1,173,3,33.08,0.1,3.31,1,1,29.77,20.17,9.6
DEMO_000960,CUST_0343,2025-02-09 23:00:00,Email,SUMMER15,Sports,East,1,6,5,0,207,0,91.86,0.0,0.0,0,0,0.0,56.21,0.0
DEMO_000961,CUST_0127,2025-02-10 00:00:00,Direct,LOYALTY,Home,East,1,0,7,1,446,2,121.28,0.2,24.26,1,1,97.02,75.72,21.3
DEMO_000962,CUST_0340,2025-02-10 01:00:00,PPC,RETARGET,Beauty,West,1,2,6,1,252,0,96.95,0.0,0.0,0,1,96.95,52.83,44.12
DEMO_000963,CUST_0699,2025-02-10 02:00:00,Direct,LOYALTY,Beauty,East,1,0,9,0,253,0,127.33,0.05,6.37,1,0,0.0,74.18,0.0
DEMO_000964,CUST_0181,2025-02-10 03:00:00,Organic,WELCOME10,Beauty,East,1,1,14,1,369,0,103.97,0.0,0.0,0,1,103.97,58.18,45.79
DEMO_000965,CUST_0790,2025-02-10 04:00:00,Direct,FLASH20,Electronics,West,1,4,5,1,290,1,199.96,0.0,0.0,0,1,199.96,106.72,93.24
DEMO_000966,CUST_0490,2025-02-10 05:00:00,Email,LOYALTY,Electronics,West,0,1,6,1,316,1,90.29,0.1,9.03,1,1,81.26,43.31,37.95
DEMO_000967,CUST_0501,2025-02-10 06:00:00,Email,SUMMER15,Sports,North,0,3,4,0,236,1,106.48,0.0,0.0,0,0,0.0,70.42,0.0
DEMO_000968,CUST_0264,2025-02-10 07:00:00,Direct,LOYALTY,Electronics,West,0,1,3,0,98,0,248.93,0.0,0.0,0,0,0.0,119.31,0.0
DEMO_000969,CUST_0766,2025-02-10 08:00:00,Direct,LOYALTY,Beauty,South,0,1,3,1,259,2,173.41,0.0,0.0,0,0,0.0,103.91,0.0
DEMO_000970,CUST_0030,2025-02-10 09:00:00,PPC,WELCOME10,Sports,North,0,1,6,0,224,2,103.91,0.2,20.78,1,0,0.0,56.32,0.0
DEMO_000971,CUST_0248,2025-02-10 10:00:00,PPC,FLASH20,Electronics,East,0,2,4,1,535,2,138.73,0.0,0.0,0,1,138.73,88.64,50.09
DEMO_000972,CUST_0348,2025-02-10 11:00:00,PPC,WELCOME10,Sports,West,1,3,2,0,124,1,260.52,0.0,0.0,0,0,0.0,145.48,0.0
DEMO_000973,CUST_0397,2025-02-10 12:00:00,PPC,FLASH20,Home,North,0,1,5,1,267,1,60.16,0.1,6.02,1,0,0.0,29.65,0.0
DEMO_000974,CUST_0394,2025-02-10 13:00:00,Email,SUMMER15,Sports,North,0,0,5,1,205,3,68.76,0.1,6.88,1,1,61.88,33.32,28.56
DEMO_000975,CUST_0123,2025-02-10 14:00:00,Direct,RETARGET,Sports,West,0,0,6,0,462,1,86.61,0.0,0.0,0,0,0.0,46.77,0.0
DEMO_000976,CUST_0187,2025-02-10 15:00:00,PPC,RETARGET,Beauty,East,0,1,6,1,416,4,123.68,0.1,12.37,1,1,111.31,70.87,40.44
DEMO_000977,CUST_0079,2025-02-10 16:00:00,Social,FLASH20,Home,North,1,3,3,0,215,1,173.43,0.0,0.0,0,0,0.0,103.15,0.0
DEMO_000978,CUST_0476,2025-02-10 17:00:00,Email,FLASH20,Fashion,West,0,1,3,0,20,0,79.5,0.25,19.88,1,1,59.62,51.3,8.32
DEMO_000979,CUST_0292,2025-02-10 18:00:00,Email,LOYALTY,Home,South,0,0,5,0,375,1,73.42,0.2,14.68,1,0,0.0,39.36,0.0
DEMO_000980,CUST_0471,2025-02-10 19:00:00,Organic,LOYALTY,Home,South,1,3,6,0,68,0,62.16,0.0,0.0,0,1,62.16,39.14,23.02
DEMO_000981,CUST_0491,2025-02-10 20:00:00,PPC,LOYALTY,Fashion,South,0,0,2,0,49,2,73.4,0.25,18.35,1,0,0.0,36.83,0.0
DEMO_000982,CUST_0584,2025-02-10 21:00:00,Organic,LOYALTY,Electronics,East,0,0,2,0,330,5,83.51,0.05,4.18,1,1,79.33,54.45,24.88
DEMO_000983,CUST_0455,2025-02-10 22:00:00,Email,RETARGET,Sports,North,1,0,10,1,309,2,42.37,0.0,0.0,0,1,42.37,20.01,22.36
DEMO_000984,CUST_0539,2025-02-10 23:00:00,Direct,RETARGET,Home,South,1,1,7,1,295,0,87.13,0.0,0.0,0,0,0.0,55.32,0.0
DEMO_000985,CUST_0489,2025-02-11 00:00:00,Social,WELCOME10,Sports,South,1,2,3,0,128,2,69.95,0.0,0.0,0,0,0.0,35.79,0.0
DEMO_000986,CUST_0543,2025-02-11 01:00:00,Direct,FLASH20,Electronics,North,1,3,5,1,110,1,104.19,0.2,20.84,1,0,0.0,62.62,0.0
DEMO_000987,CUST_0513,2025-02-11 02:00:00,Email,FLASH20,Sports,West,1,4,11,1,72,2,240.84,0.1,24.08,1,1,216.76,138.51,78.25
DEMO_000988,CUST_0263,2025-02-11 03:00:00,PPC,FLASH20,Electronics,North,0,1,1,0,244,2,54.76,0.2,10.95,1,0,0.0,31.92,0.0
DEMO_000989,CUST_0205,2025-02-11 04:00:00,PPC,FLASH20,Fashion,West,1,1,4,0,78,0,177.02,0.1,17.7,1,0,0.0,119.58,0.0
DEMO_000990,CUST_0655,2025-02-11 05:00:00,Organic,LOYALTY,Sports,North,1,1,2,0,270,1,237.57,0.0,0.0,0,0,0.0,139.61,0.0
DEMO_000991,CUST_0285,2025-02-11 06:00:00,PPC,FLASH20,Electronics,South,0,1,5,0,86,2,173.16,0.15,25.97,1,0,0.0,86.49,0.0
DEMO_000992,CUST_0457,2025-02-11 07:00:00,Email,SUMMER15,Electronics,North,1,7,9,1,268,1,130.85,0.1,13.08,1,0,0.0,71.24,0.0
DEMO_000993,CUST_0164,2025-02-11 08:00:00,PPC,FLASH20,Sports,South,0,3,5,0,95,1,202.61,0.15,30.39,1,0,0.0,95.68,0.0
DEMO_000994,CUST_0359,2025-02-11 09:00:00,PPC,RETARGET,Sports,East,1,1,7,0,312,1,149.13,0.0,0.0,0,0,0.0,78.61,0.0
DEMO_000995,CUST_0441,2025-02-11 10:00:00,PPC,SUMMER15,Electronics,North,1,2,9,1,288,0,184.9,0.0,0.0,0,0,0.0,95.66,0.0
DEMO_000996,CUST_0521,2025-02-11 11:00:00,Email,WELCOME10,Electronics,East,0,0,7,1,257,1,118.32,0.2,23.66,1,0,0.0,70.76,0.0
DEMO_000997,CUST_0438,2025-02-11 12:00:00,PPC,RETARGET,Electronics,West,0,2,7,0,106,0,69.61,0.0,0.0,0,0,0.0,45.96,0.0
DEMO_000998,CUST_0300,2025-02-11 13:00:00,Organic,WELCOME10,Beauty,South,1,3,7,1,116,0,189.37,0.2,37.87,1,0,0.0,97.47,0.0
DEMO_000999,CUST_0801,2025-02-11 14:00:00,PPC,LOYALTY,Fashion,North,1,9,5,1,295,0,362.97,0.0,0.0,0,1,362.97,234.1,128.87
DEMO_001000,CUST_0427,2025-02-11 15:00:00,PPC,RETARGET,Electronics,East,0,0,5,0,130,2,96.24,0.0,0.0,0,0,0.0,62.7,0.0
DEMO_001001,CUST_0673,2025-02-11 16:00:00,Organic,SUMMER15,Sports,North,0,3,4,0,198,2,113.31,0.15,17.0,1,0,0.0,67.48,0.0
DEMO_001002,CUST_0613,2025-02-11 17:00:00,Social,SUMMER15,Beauty,North,1,6,5,0,191,1,117.97,0.0,0.0,0,1,117.97,72.05,45.92
DEMO_001003,CUST_0465,2025-02-11 18:00:00,PPC,SUMMER15,Home,South,0,1,3,0,183,2,57.91,0.0,0.0,0,0,0.0,36.69,0.0
DEMO_001004,CUST_0738,2025-02-11 19:00:00,Organic,WELCOME10,Fashion,South,1,7,9,1,418,1,76.58,0.2,15.32,1,0,0.0,41.02,0.0
DEMO_001005,CUST_0106,2025-02-11 20:00:00,Direct,WELCOME10,Home,North,1,1,12,0,185,0,128.64,0.0,0.0,0,1,128.64,87.07,41.57
DEMO_001006,CUST_0767,2025-02-11 21:00:00,Organic,WELCOME10,Beauty,West,0,1,6,0,96,2,107.53,0.15,16.13,1,0,0.0,57.83,0.0
DEMO_001007,CUST_0708,2025-02-11 22:00:00,Direct,FLASH20,Fashion,East,1,3,9,0,281,3,113.02,0.15,16.95,1,0,0.0,53.06,0.0
DEMO_001008,CUST_0419,2025-02-11 23:00:00,Social,FLASH20,Home,West,0,1,5,0,275,1,113.51,0.0,0.0,0,0,0.0,70.21,0.0
DEMO_001009,CUST_0610,2025-02-12 00:00:00,Email,WELCOME10,Electronics,South,1,1,9,1,171,1,106.45,0.25,26.61,1,0,0.0,56.1,0.0
DEMO_001010,CUST_0433,2025-02-12 01:00:00,PPC,RETARGET,Sports,South,1,1,3,0,107,0,79.47,0.0,0.0,0,0,0.0,36.27,0.0
DEMO_001011,CUST_0223,2025-02-12 02:00:00,Social,LOYALTY,Fashion,West,0,0,3,1,287,1,136.42,0.1,13.64,1,0,0.0,67.01,0.0
DEMO_001012,CUST_0666,2025-02-12 03:00:00,Direct,WELCOME10,Electronics,North,0,1,7,1,131,1,130.04,0.1,13.0,1,1,117.04,69.56,47.48
DEMO_001013,CUST_0204,2025-02-12 04:00:00,PPC,RETARGET,Beauty,South,0,0,5,1,289,3,75.48,0.25,18.87,1,0,0.0,37.66,0.0
DEMO_001014,CUST_0261,2025-02-12 05:00:00,Email,WELCOME10,Beauty,West,1,0,5,0,427,1,135.18,0.0,0.0,0,0,0.0,65.07,0.0
DEMO_001015,CUST_0432,2025-02-12 06:00:00,Organic,FLASH20,Fashion,South,0,1,9,0,279,1,84.73,0.15,12.71,1,0,0.0,41.3,0.0
DEMO_001016,CUST_0697,2025-02-12 07:00:00,Email,FLASH20,Fashion,West,1,3,6,1,490,0,150.49,0.1,15.05,1,1,135.44,89.41,46.03
DEMO_001017,CUST_0319,2025-02-12 08:00:00,Social,FLASH20,Sports,South,1,4,5,1,249,0,110.01,0.0,0.0,0,0,0.0,52.75,0.0
DEMO_001018,CUST_0411,2025-02-12 09:00:00,Organic,RETARGET,Home,South,0,0,6,1,249,1,133.94,0.05,6.7,1,1,127.24,84.4,42.84
DEMO_001019,CUST_0034,2025-02-12 10:00:00,Social,RETARGET,Beauty,West,1,2,7,0,213,1,121.41,0.05,6.07,1,0,0.0,78.14,0.0
DEMO_001020,CUST_0096,2025-02-12 11:00:00,Direct,SUMMER15,Fashion,North,0,0,2,1,303,2,109.36,0.15,16.4,1,0,0.0,67.41,0.0
DEMO_001021,CUST_0046,2025-02-12 12:00:00,Organic,FLASH20,Fashion,West,1,0,7,0,244,1,129.95,0.1,13.0,1,0,0.0,65.8,0.0
DEMO_001022,CUST_0060,2025-02-12 13:00:00,Organic,RETARGET,Beauty,North,0,1,4,0,109,3,163.85,0.1,16.39,1,0,0.0,95.46,0.0
DEMO_001023,CUST_0723,2025-02-12 14:00:00,Social,LOYALTY,Home,South,1,2,5,1,239,0,118.42,0.0,0.0,0,0,0.0,54.95,0.0
DEMO_001024,CUST_0701,2025-02-12 15:00:00,Direct,RETARGET,Fashion,East,0,0,5,1,411,2,117.56,0.15,17.63,1,1,99.93,78.39,21.54
DEMO_001025,CUST_0684,2025-02-12 16:00:00,Direct,FLASH20,Beauty,East,0,2,3,0,94,1,95.66,0.2,19.13,1,0,0.0,43.21,0.0
DEMO_001026,CUST_0046,2025-02-12 17:00:00,Email,SUMMER15,Fashion,West,1,3,4,1,62,2,49.48,0.05,2.47,1,0,0.0,24.79,0.0
DEMO_001027,CUST_0064,2025-02-12 18:00:00,Organic,FLASH20,Home,West,1,3,7,1,263,0,113.88,0.15,17.08,1,1,96.8,53.42,43.38
DEMO_001028,CUST_0233,2025-02-12 19:00:00,Email,RETARGET,Electronics,East,1,3,8,1,300,1,63.44,0.0,0.0,0,0,0.0,43.06,0.0
DEMO_001029,CUST_0470,2025-02-12 20:00:00,Direct,RETARGET,Electronics,East,1,5,2,0,250,0,86.95,0.0,0.0,0,0,0.0,39.94,0.0
DEMO_001030,CUST_0278,2025-02-12 21:00:00,Organic,LOYALTY,Beauty,South,0,0,5,1,115,2,75.97,0.0,0.0,0,0,0.0,34.22,0.0
DEMO_001031,CUST_0406,2025-02-12 22:00:00,PPC,LOYALTY,Electronics,West,1,2,8,0,92,1,81.21,0.1,8.12,1,0,0.0,38.42,0.0
DEMO_001032,CUST_0144,2025-02-12 23:00:00,Email,FLASH20,Sports,East,0,3,1,1,403,0,83.53,0.05,4.18,1,1,79.35,54.52,24.83
DEMO_001033,CUST_0608,2025-02-13 00:00:00,PPC,SUMMER15,Home,North,0,0,3,0,350,0,139.56,0.05,6.98,1,1,132.58,75.67,56.91
DEMO_001034,CUST_0261,2025-02-13 01:00:00,Social,FLASH20,Beauty,West,1,5,8,0,194,2,130.29,0.0,0.0,0,0,0.0,86.94,0.0
DEMO_001035,CUST_0055,2025-02-13 02:00:00,Email,FLASH20,Fashion,South,1,1,10,1,280,1,117.91,0.1,11.79,1,1,106.12,79.08,27.04
DEMO_001036,CUST_0618,2025-02-13 03:00:00,Email,RETARGET,Beauty,South,0,1,7,1,150,0,193.3,0.1,19.33,1,1,173.97,119.27,54.7
DEMO_001037,CUST_0752,2025-02-13 04:00:00,Direct,FLASH20,Fashion,South,0,0,5,1,126,0,444.22,0.0,0.0,0,0,0.0,217.15,0.0
DEMO_001038,CUST_0012,2025-02-13 05:00:00,Social,LOYALTY,Beauty,West,1,5,10,1,101,1,140.94,0.0,0.0,0,1,140.94,94.9,46.04
DEMO_001039,CUST_0363,2025-02-13 06:00:00,Email,WELCOME10,Home,South,0,3,1,1,125,1,168.79,0.1,16.88,1,0,0.0,92.97,0.0
DEMO_001040,CUST_0689,2025-02-13 07:00:00,PPC,LOYALTY,Fashion,South,0,1,5,1,280,3,127.25,0.1,12.73,1,0,0.0,70.86,0.0
DEMO_001041,CUST_0588,2025-02-13 08:00:00,Direct,FLASH20,Home,North,0,0,5,0,176,3,150.14,0.15,22.52,1,0,0.0,89.55,0.0
DEMO_001042,CUST_0713,2025-02-13 09:00:00,Social,RETARGET,Fashion,South,0,0,1,0,206,2,54.0,0.2,10.8,1,0,0.0,33.19,0.0
DEMO_001043,CUST_0345,2025-02-13 10:00:00,Organic,FLASH20,Electronics,North,0,1,4,1,254,0,33.21,0.1,3.32,1,0,0.0,22.3,0.0
DEMO_001044,CUST_0310,2025-02-13 11:00:00,PPC,FLASH20,Electronics,East,1,3,6,0,90,2,43.32,0.0,0.0,0,0,0.0,29.17,0.0
DEMO_001045,CUST_0590,2025-02-13 12:00:00,PPC,WELCOME10,Electronics,West,0,0,5,1,289,2,84.68,0.25,21.17,1,0,0.0,46.16,0.0
DEMO_001046,CUST_0127,2025-02-13 13:00:00,Email,RETARGET,Fashion,South,0,1,5,0,380,0,207.49,0.0,0.0,0,1,207.49,100.15,107.34
DEMO_001047,CUST_0199,2025-02-13 14:00:00,Social,LOYALTY,Fashion,West,1,0,6,0,91,0,125.83,0.0,0.0,0,0,0.0,83.12,0.0
DEMO_001048,CUST_0500,2025-02-13 15:00:00,Email,RETARGET,Home,West,1,5,6,1,235,0,94.09,0.15,14.11,1,0,0.0,44.91,0.0
DEMO_001049,CUST_0556,2025-02-13 16:00:00,Email,WELCOME10,Beauty,North,1,3,3,1,336,1,144.93,0.0,0.0,0,1,144.93,83.64,61.29
DEMO_001050,CUST_0099,2025-02-13 17:00:00,Social,SUMMER15,Electronics,East,1,5,8,1,400,0,131.49,0.15,19.72,1,1,111.77,64.2,47.57
DEMO_001051,CUST_0423,2025-02-13 18:00:00,Direct,RETARGET,Sports,East,1,4,7,1,305,0,60.96,0.0,0.0,0,0,0.0,32.46,0.0
DEMO_001052,CUST_0303,2025-02-13 19:00:00,Social,WELCOME10,Sports,South,1,5,5,0,100,1,138.52,0.0,0.0,0,0,0.0,79.21,0.0
DEMO_001053,CUST_0417,2025-02-13 20:00:00,Organic,FLASH20,Sports,West,1,3,4,0,47,0,163.13,0.0,0.0,0,0,0.0,99.86,0.0
DEMO_001054,CUST_0798,2025-02-13 21:00:00,Organic,FLASH20,Electronics,South,1,0,9,0,155,1,288.69,0.1,28.87,1,0,0.0,194.66,0.0
DEMO_001055,CUST_0063,2025-02-13 22:00:00,PPC,RETARGET,Beauty,North,1,3,4,0,171,1,108.22,0.0,0.0,0,0,0.0,71.56,0.0
DEMO_001056,CUST_0829,2025-02-13 23:00:00,PPC,RETARGET,Beauty,East,0,0,3,0,350,2,240.37,0.1,24.04,1,0,0.0,136.94,0.0
DEMO_001057,CUST_0374,2025-02-14 00:00:00,Organic,RETARGET,Beauty,North,1,4,6,1,196,2,93.49,0.15,14.02,1,1,79.47,48.79,30.68
DEMO_001058,CUST_0643,2025-02-14 01:00:00,PPC,SUMMER15,Sports,South,1,3,10,0,89,1,319.55,0.0,0.0,0,1,319.55,183.26,136.29
DEMO_001059,CUST_0353,2025-02-14 02:00:00,Organic,FLASH20,Sports,East,0,0,6,0,116,3,85.82,0.15,12.87,1,0,0.0,45.86,0.0
DEMO_001060,CUST_0259,2025-02-14 03:00:00,Direct,LOYALTY,Sports,East,1,3,9,0,254,0,149.78,0.0,0.0,0,1,149.78,83.23,66.55
DEMO_001061,CUST_0641,2025-02-14 04:00:00,Direct,RETARGET,Home,South,0,0,4,0,192,0,127.61,0.25,31.9,1,0,0.0,84.26,0.0
DEMO_001062,CUST_0572,2025-02-14 05:00:00,Email,WELCOME10,Electronics,South,0,1,4,0,173,3,219.29,0.1,21.93,1,0,0.0,124.62,0.0
DEMO_001063,CUST_0120,2025-02-14 06:00:00,PPC,RETARGET,Fashion,North,1,1,10,0,355,1,206.37,0.0,0.0,0,0,0.0,94.84,0.0
DEMO_001064,CUST_0587,2025-02-14 07:00:00,Email,SUMMER15,Sports,South,0,1,4,0,32,2,70.17,0.05,3.51,1,0,0.0,42.62,0.0
DEMO_001065,CUST_0627,2025-02-14 08:00:00,PPC,WELCOME10,Sports,East,0,1,5,1,368,1,96.42,0.15,14.46,1,0,0.0,49.62,0.0
DEMO_001066,CUST_0323,2025-02-14 09:00:00,PPC,LOYALTY,Fashion,East,0,0,3,0,20,3,292.03,0.15,43.8,1,1,248.23,145.78,102.45
DEMO_001067,CUST_0771,2025-02-14 10:00:00,Email,LOYALTY,Sports,South,1,5,7,0,309,0,117.28,0.15,17.59,1,0,0.0,73.45,0.0
DEMO_001068,CUST_0533,2025-02-14 11:00:00,Social,WELCOME10,Electronics,North,0,1,10,1,261,3,161.79,0.0,0.0,0,1,161.79,78.97,82.82
DEMO_001069,CUST_0277,2025-02-14 12:00:00,Organic,WELCOME10,Fashion,East,1,6,4,0,203,0,69.29,0.15,10.39,1,0,0.0,40.89,0.0
DEMO_001070,CUST_0008,2025-02-14 13:00:00,Direct,RETARGET,Sports,East,1,6,7,0,206,1,100.42,0.0,0.0,0,0,0.0,64.06,0.0
DEMO_001071,CUST_0562,2025-02-14 14:00:00,Email,RETARGET,Electronics,North,1,1,7,0,308,1,81.54,0.0,0.0,0,1,81.54,42.33,39.21
DEMO_001072,CUST_0174,2025-02-14 15:00:00,Email,WELCOME10,Home,East,1,1,6,1,137,0,170.15,0.0,0.0,0,0,0.0,95.05,0.0
DEMO_001073,CUST_0630,2025-02-14 16:00:00,PPC,RETARGET,Fashion,North,1,3,6,0,270,0,156.32,0.15,23.45,1,1,132.87,91.11,41.76
DEMO_001074,CUST_0437,2025-02-14 17:00:00,Email,RETARGET,Electronics,South,0,0,5,1,364,1,194.54,0.2,38.91,1,0,0.0,116.23,0.0
DEMO_001075,CUST_0388,2025-02-14 18:00:00,PPC,RETARGET,Electronics,East,1,2,10,1,229,1,68.83,0.1,6.88,1,1,61.95,46.36,15.59
DEMO_001076,CUST_0136,2025-02-14 19:00:00,Direct,SUMMER15,Home,East,0,2,3,0,127,2,143.58,0.1,14.36,1,1,129.22,93.96,35.26
DEMO_001077,CUST_0592,2025-02-14 20:00:00,Email,FLASH20,Fashion,East,0,1,4,0,55,0,113.19,0.0,0.0,0,0,0.0,56.38,0.0
DEMO_001078,CUST_0138,2025-02-14 21:00:00,Email,RETARGET,Electronics,West,0,0,6,1,789,2,37.33,0.1,3.73,1,1,33.6,21.48,12.12
DEMO_001079,CUST_0347,2025-02-14 22:00:00,Organic,RETARGET,Home,North,1,3,8,1,255,0,138.16,0.15,20.72,1,1,117.44,67.19,50.25
DEMO_001080,CUST_0696,2025-02-14 23:00:00,Organic,LOYALTY,Beauty,West,0,2,3,0,48,3,200.62,0.0,0.0,0,0,0.0,93.05,0.0
DEMO_001081,CUST_0766,2025-02-15 00:00:00,Organic,WELCOME10,Beauty,South,1,3,5,1,147,0,227.43,0.0,0.0,0,1,227.43,121.6,105.83
DEMO_001082,CUST_0823,2025-02-15 01:00:00,PPC,WELCOME10,Sports,South,0,1,7,0,132,1,110.4,0.15,16.56,1,0,0.0,57.8,0.0
DEMO_001083,CUST_0798,2025-02-15 02:00:00,Social,SUMMER15,Home,West,0,0,4,0,318,1,162.93,0.1,16.29,1,0,0.0,94.7,0.0
DEMO_001084,CUST_0463,2025-02-15 03:00:00,Email,WELCOME10,Fashion,South,0,0,3,1,147,0,143.37,0.25,35.84,1,0,0.0,85.66,0.0
DEMO_001085,CUST_0167,2025-02-15 04:00:00,PPC,WELCOME10,Beauty,North,1,1,4,1,178,0,79.67,0.2,15.93,1,0,0.0,42.92,0.0
DEMO_001086,CUST_0698,2025-02-15 05:00:00,Social,WELCOME10,Fashion,East,0,1,5,0,288,1,74.93,0.0,0.0,0,0,0.0,48.66,0.0
DEMO_001087,CUST_0667,2025-02-15 06:00:00,Direct,LOYALTY,Fashion,East,0,0,1,0,151,1,109.78,0.0,0.0,0,0,0.0,70.65,0.0
DEMO_001088,CUST_0824,2025-02-15 07:00:00,PPC,FLASH20,Fashion,East,0,2,3,1,250,2,100.88,0.0,0.0,0,0,0.0,62.13,0.0
DEMO_001089,CUST_0542,2025-02-15 08:00:00,Organic,FLASH20,Beauty,North,0,0,6,1,121,1,116.71,0.0,0.0,0,0,0.0,61.93,0.0
DEMO_001090,CUST_0117,2025-02-15 09:00:00,Email,RETARGET,Fashion,East,1,6,3,0,82,1,92.95,0.1,9.3,1,0,0.0,47.01,0.0
DEMO_001091,CUST_0418,2025-02-15 10:00:00,Email,FLASH20,Fashion,North,0,1,4,0,89,1,123.42,0.0,0.0,0,0,0.0,58.83,0.0
DEMO_001092,CUST_0373,2025-02-15 11:00:00,Email,FLASH20,Electronics,East,0,0,6,1,233,3,69.42,0.1,6.94,1,1,62.48,35.24,27.24
DEMO_001093,CUST_0702,2025-02-15 12:00:00,Social,SUMMER15,Beauty,East,1,2,11,1,249,1,222.65,0.0,0.0,0,1,222.65,149.31,73.34
DEMO_001094,CUST_0327,2025-02-15 13:00:00,PPC,FLASH20,Sports,West,0,0,4,0,211,2,49.45,0.2,9.89,1,0,0.0,27.0,0.0
DEMO_001095,CUST_0273,2025-02-15 14:00:00,Social,WELCOME10,Home,West,0,0,4,0,354,1,108.15,0.1,10.82,1,0,0.0,59.01,0.0
DEMO_001096,CUST_0066,2025-02-15 15:00:00,Email,FLASH20,Home,North,1,2,5,1,176,1,102.35,0.15,15.35,1,0,0.0,57.14,0.0
DEMO_001097,CUST_0695,2025-02-15 16:00:00,Direct,RETARGET,Home,North,1,4,9,1,111,0,105.54,0.0,0.0,0,1,105.54,63.22,42.32
DEMO_001098,CUST_0629,2025-02-15 17:00:00,Social,FLASH20,Home,East,1,2,4,1,343,0,76.72,0.0,0.0,0,1,76.72,50.76,25.96
DEMO_001099,CUST_0034,2025-02-15 18:00:00,Email,SUMMER15,Beauty,West,0,0,3,0,217,4,56.83,0.2,11.37,1,1,45.46,27.07,18.39
DEMO_001100,CUST_0361,2025-02-15 19:00:00,Email,LOYALTY,Fashion,North,0,0,7,0,281,4,124.98,0.15,18.75,1,0,0.0,79.82,0.0
DEMO_001101,CUST_0399,2025-02-15 20:00:00,Email,RETARGET,Sports,South,0,0,3,0,217,4,102.29,0.1,10.23,1,0,0.0,56.59,0.0
DEMO_001102,CUST_0390,2025-02-15 21:00:00,Direct,FLASH20,Electronics,South,0,2,3,1,185,2,133.36,0.25,33.34,1,1,100.02,68.44,31.58
DEMO_001103,CUST_0765,2025-02-15 22:00:00,Email,SUMMER15,Sports,South,0,2,9,0,135,0,53.38,0.15,8.01,1,0,0.0,30.7,0.0
DEMO_001104,CUST_0125,2025-02-15 23:00:00,Organic,LOYALTY,Beauty,East,1,3,8,1,167,1,242.85,0.0,0.0,0,0,0.0,139.47,0.0
DEMO_001105,CUST_0255,2025-02-16 00:00:00,PPC,WELCOME10,Electronics,South,1,2,7,1,437,4,108.21,0.15,16.23,1,0,0.0,52.01,0.0
DEMO_001106,CUST_0150,2025-02-16 01:00:00,Social,RETARGET,Electronics,South,0,2,6,1,631,0,28.54,0.0,0.0,0,1,28.54,13.48,15.06
DEMO_001107,CUST_0203,2025-02-16 02:00:00,Organic,SUMMER15,Home,West,0,0,5,1,312,0,122.11,0.0,0.0,0,0,0.0,72.56,0.0
DEMO_001108,CUST_0755,2025-02-16 03:00:00,Organic,SUMMER15,Beauty,South,1,1,3,0,163,4,90.71,0.0,0.0,0,0,0.0,56.16,0.0
DEMO_001109,CUST_0783,2025-02-16 04:00:00,Direct,LOYALTY,Electronics,North,0,0,4,0,123,2,67.36,0.0,0.0,0,0,0.0,39.84,0.0
DEMO_001110,CUST_0037,2025-02-16 05:00:00,Email,WELCOME10,Home,West,0,0,4,1,289,2,195.28,0.0,0.0,0,0,0.0,103.73,0.0
DEMO_001111,CUST_0526,2025-02-16 06:00:00,Social,SUMMER15,Electronics,South,0,0,3,1,122,2,170.44,0.0,0.0,0,1,170.44,98.49,71.95
DEMO_001112,CUST_0193,2025-02-16 07:00:00,Email,WELCOME10,Sports,West,1,1,5,0,257,0,130.82,0.1,13.08,1,0,0.0,86.14,0.0
DEMO_001113,CUST_0160,2025-02-16 08:00:00,Organic,SUMMER15,Sports,West,1,4,6,0,118,1,116.12,0.25,29.03,1,0,0.0,76.93,0.0
DEMO_001114,CUST_0243,2025-02-16 09:00:00,Direct,FLASH20,Electronics,East,0,0,6,0,20,2,140.78,0.0,0.0,0,0,0.0,70.87,0.0
DEMO_001115,CUST_0161,2025-02-16 10:00:00,Social,WELCOME10,Fashion,North,0,1,3,1,493,2,55.14,0.0,0.0,0,0,0.0,26.02,0.0
DEMO_001116,CUST_0408,2025-02-16 11:00:00,Social,SUMMER15,Electronics,West,1,5,7,0,297,0,122.27,0.0,0.0,0,1,122.27,73.39,48.88
DEMO_001117,CUST_0829,2025-02-16 12:00:00,PPC,LOYALTY,Electronics,East,1,2,7,1,116,0,195.77,0.0,0.0,0,1,195.77,95.95,99.82
DEMO_001118,CUST_0488,2025-02-16 13:00:00,PPC,RETARGET,Home,South,1,4,11,1,376,1,179.12,0.2,35.82,1,1,143.3,113.61,29.69
DEMO_001119,CUST_0602,2025-02-16 14:00:00,PPC,WELCOME10,Electronics,West,0,1,2,0,117,2,69.91,0.2,13.98,1,0,0.0,35.98,0.0
DEMO_001120,CUST_0410,2025-02-16 15:00:00,Organic,LOYALTY,Beauty,West,1,4,6,0,322,0,121.94,0.1,12.19,1,0,0.0,59.09,0.0
DEMO_001121,CUST_0011,2025-02-16 16:00:00,Organic,WELCOME10,Electronics,West,1,4,8,0,182,0,67.68,0.2,13.54,1,1,54.14,43.16,10.98
DEMO_001122,CUST_0070,2025-02-16 17:00:00,PPC,FLASH20,Sports,North,1,3,7,0,189,1,120.38,0.1,12.04,1,1,108.34,59.94,48.4
DEMO_001123,CUST_0223,2025-02-16 18:00:00,PPC,RETARGET,Electronics,East,0,0,4,0,199,2,79.96,0.15,11.99,1,0,0.0,36.14,0.0
DEMO_001124,CUST_0202,2025-02-16 19:00:00,PPC,LOYALTY,Electronics,South,1,2,5,0,183,1,75.83,0.25,18.96,1,0,0.0,48.46,0.0
DEMO_001125,CUST_0700,2025-02-16 20:00:00,PPC,SUMMER15,Home,North,0,2,7,1,145,1,131.78,0.2,26.36,1,1,105.42,62.14,43.28
DEMO_001126,CUST_0702,2025-02-16 21:00:00,Email,SUMMER15,Beauty,South,0,0,7,0,443,1,80.92,0.0,0.0,0,0,0.0,44.23,0.0
DEMO_001127,CUST_0711,2025-02-16 22:00:00,Direct,LOYALTY,Electronics,North,0,2,4,0,261,3,78.44,0.05,3.92,1,0,0.0,42.44,0.0
DEMO_001128,CUST_0531,2025-02-16 23:00:00,Organic,RETARGET,Beauty,North,1,3,7,1,130,0,131.4,0.0,0.0,0,1,131.4,63.45,67.95
DEMO_001129,CUST_0463,2025-02-17 00:00:00,Email,SUMMER15,Sports,East,0,0,4,1,178,3,57.59,0.05,2.88,1,0,0.0,26.38,0.0
DEMO_001130,CUST_0540,2025-02-17 01:00:00,Social,WELCOME10,Sports,East,1,2,3,0,446,1,97.04,0.05,4.85,1,0,0.0,45.56,0.0
DEMO_001131,CUST_0338,2025-02-17 02:00:00,Direct,FLASH20,Home,South,0,0,2,1,115,2,56.17,0.0,0.0,0,0,0.0,30.8,0.0
DEMO_001132,CUST_0558,2025-02-17 03:00:00,Email,LOYALTY,Electronics,North,0,2,6,0,256,2,60.96,0.15,9.14,1,0,0.0,40.85,0.0
DEMO_001133,CUST_0661,2025-02-17 04:00:00,Email,FLASH20,Home,West,0,0,4,0,90,2,189.96,0.0,0.0,0,0,0.0,117.16,0.0
DEMO_001134,CUST_0635,2025-02-17 05:00:00,Email,RETARGET,Home,East,1,2,6,1,165,2,93.0,0.15,13.95,1,1,79.05,57.14,21.91
DEMO_001135,CUST_0511,2025-02-17 06:00:00,Email,RETARGET,Sports,East,0,1,5,1,232,2,81.23,0.1,8.12,1,1,73.11,49.07,24.04
DEMO_001136,CUST_0048,2025-02-17 07:00:00,Social,LOYALTY,Beauty,North,0,0,3,1,293,1,164.5,0.0,0.0,0,0,0.0,103.12,0.0
DEMO_001137,CUST_0603,2025-02-17 08:00:00,Direct,WELCOME10,Home,North,0,0,4,0,203,3,232.11,0.2,46.42,1,1,185.69,132.71,52.98
DEMO_001138,CUST_0305,2025-02-17 09:00:00,Email,RETARGET,Beauty,North,0,0,3,0,83,0,125.62,0.1,12.56,1,1,113.06,85.01,28.05
DEMO_001139,CUST_0619,2025-02-17 10:00:00,Social,LOYALTY,Fashion,North,0,0,4,0,436,2,177.56,0.1,17.76,1,0,0.0,104.72,0.0
DEMO_001140,CUST_0449,2025-02-17 11:00:00,Email,SUMMER15,Sports,West,0,1,2,0,279,3,87.51,0.1,8.75,1,0,0.0,52.08,0.0
DEMO_001141,CUST_0734,2025-02-17 12:00:00,Organic,FLASH20,Beauty,South,0,0,5,0,367,0,114.95,0.0,0.0,0,1,114.95,52.29,62.66
DEMO_001142,CUST_0281,2025-02-17 13:00:00,Social,RETARGET,Beauty,East,1,1,8,1,227,2,112.54,0.1,11.25,1,0,0.0,70.18,0.0
DEMO_001143,CUST_0775,2025-02-17 14:00:00,PPC,RETARGET,Sports,West,0,0,2,0,290,2,129.77,0.0,0.0,0,0,0.0,69.02,0.0
DEMO_001144,CUST_0703,2025-02-17 15:00:00,Email,FLASH20,Beauty,West,0,0,9,1,419,2,173.14,0.25,43.28,1,1,129.86,108.73,21.13
DEMO_001145,CUST_0275,2025-02-17 16:00:00,Organic,WELCOME10,Home,South,0,0,7,1,280,1,57.9,0.0,0.0,0,0,0.0,37.34,0.0
DEMO_001146,CUST_0401,2025-02-17 17:00:00,Direct,LOYALTY,Fashion,South,0,1,5,0,226,1,75.15,0.0,0.0,0,1,75.15,34.2,40.95
DEMO_001147,CUST_0442,2025-02-17 18:00:00,PPC,LOYALTY,Electronics,South,1,1,5,1,303,0,90.16,0.2,18.03,1,0,0.0,48.55,0.0
DEMO_001148,CUST_0640,2025-02-17 19:00:00,Email,WELCOME10,Sports,North,0,1,5,1,302,2,72.49,0.15,10.87,1,0,0.0,47.71,0.0
DEMO_001149,CUST_0574,2025-02-17 20:00:00,Email,RETARGET,Sports,West,0,2,2,0,233,1,124.39,0.2,24.88,1,0,0.0,59.64,0.0
DEMO_001150,CUST_0709,2025-02-17 21:00:00,Organic,SUMMER15,Electronics,East,1,2,5,0,312,2,123.69,0.05,6.18,1,0,0.0,76.84,0.0
DEMO_001151,CUST_0308,2025-02-17 22:00:00,Organic,RETARGET,Beauty,South,0,1,5,1,225,2,115.17,0.1,11.52,1,0,0.0,60.39,0.0
DEMO_001152,CUST_0420,2025-02-17 23:00:00,Social,FLASH20,Beauty,East,1,4,12,1,468,0,93.58,0.0,0.0,0,1,93.58,53.07,40.51
DEMO_001153,CUST_0358,2025-02-18 00:00:00,Social,SUMMER15,Beauty,East,1,3,3,1,89,0,205.72,0.15,30.86,1,0,0.0,135.33,0.0
DEMO_001154,CUST_0757,2025-02-18 01:00:00,Direct,WELCOME10,Sports,North,0,0,2,0,286,0,123.65,0.1,12.37,1,0,0.0,73.64,0.0
DEMO_001155,CUST_0254,2025-02-18 02:00:00,Social,WELCOME10,Fashion,East,0,1,8,0,404,2,104.84,0.0,0.0,0,0,0.0,57.64,0.0
DEMO_001156,CUST_0489,2025-02-18 03:00:00,PPC,LOYALTY,Home,West,0,0,2,0,127,2,115.58,0.0,0.0,0,0,0.0,70.54,0.0
DEMO_001157,CUST_0100,2025-02-18 04:00:00,Organic,SUMMER15,Electronics,East,0,0,8,0,148,1,156.8,0.0,0.0,0,0,0.0,78.6,0.0
DEMO_001158,CUST_0708,2025-02-18 05:00:00,PPC,RETARGET,Sports,East,0,1,5,0,423,0,123.5,0.0,0.0,0,1,123.5,55.92,67.58
DEMO_001159,CUST_0320,2025-02-18 06:00:00,PPC,SUMMER15,Home,North,1,3,5,0,285,1,76.03,0.0,0.0,0,1,76.03,45.03,31.0
DEMO_001160,CUST_0283,2025-02-18 07:00:00,Direct,RETARGET,Home,East,0,0,5,0,297,1,247.96,0.0,0.0,0,0,0.0,160.69,0.0
DEMO_001161,CUST_0485,2025-02-18 08:00:00,Social,RETARGET,Fashion,West,0,0,5,0,169,0,138.09,0.2,27.62,1,0,0.0,84.36,0.0
DEMO_001162,CUST_0415,2025-02-18 09:00:00,Direct,WELCOME10,Home,South,0,1,4,1,210,0,66.79,0.25,16.7,1,1,50.09,38.03,12.06
DEMO_001163,CUST_0706,2025-02-18 10:00:00,PPC,LOYALTY,Fashion,East,1,3,10,1,219,1,49.54,0.05,2.48,1,1,47.06,23.93,23.13
DEMO_001164,CUST_0442,2025-02-18 11:00:00,Organic,RETARGET,Electronics,East,1,5,6,0,158,1,152.93,0.15,22.94,1,1,129.99,71.81,58.18
DEMO_001165,CUST_0430,2025-02-18 12:00:00,Organic,SUMMER15,Fashion,North,0,1,4,0,171,2,200.67,0.0,0.0,0,1,200.67,103.22,97.45
DEMO_001166,CUST_0087,2025-02-18 13:00:00,Email,WELCOME10,Electronics,South,1,7,9,1,318,0,137.47,0.0,0.0,0,1,137.47,92.32,45.15
DEMO_001167,CUST_0018,2025-02-18 14:00:00,Email,RETARGET,Sports,West,0,2,2,1,204,2,147.78,0.1,14.78,1,0,0.0,82.2,0.0
DEMO_001168,CUST_0331,2025-02-18 15:00:00,Organic,FLASH20,Home,West,1,1,7,0,90,0,149.46,0.0,0.0,0,0,0.0,94.92,0.0
DEMO_001169,CUST_0831,2025-02-18 16:00:00,Email,WELCOME10,Home,South,1,1,5,0,393,0,112.41,0.25,28.1,1,0,0.0,50.92,0.0
DEMO_001170,CUST_0764,2025-02-18 17:00:00,Direct,RETARGET,Home,South,1,3,8,0,126,3,52.63,0.1,5.26,1,0,0.0,29.4,0.0
DEMO_001171,CUST_0523,2025-02-18 18:00:00,Email,LOYALTY,Fashion,West,0,2,5,1,198,0,81.9,0.1,8.19,1,1,73.71,41.51,32.2
DEMO_001172,CUST_0525,2025-02-18 19:00:00,Email,WELCOME10,Sports,North,0,0,8,1,120,1,160.38,0.15,24.06,1,0,0.0,107.32,0.0
DEMO_001173,CUST_0326,2025-02-18 20:00:00,Social,SUMMER15,Electronics,South,1,3,8,0,227,0,146.02,0.0,0.0,0,0,0.0,72.38,0.0
DEMO_001174,CUST_0147,2025-02-18 21:00:00,Email,WELCOME10,Fashion,North,0,0,4,0,123,2,102.72,0.0,0.0,0,0,0.0,47.4,0.0
DEMO_001175,CUST_0007,2025-02-18 22:00:00,Direct,RETARGET,Beauty,North,0,2,4,0,88,3,87.65,0.05,4.38,1,0,0.0,42.71,0.0
DEMO_001176,CUST_0282,2025-02-18 23:00:00,Social,WELCOME10,Electronics,East,1,2,8,1,378,2,121.3,0.05,6.06,1,0,0.0,56.34,0.0
DEMO_001177,CUST_0263,2025-02-19 00:00:00,Email,LOYALTY,Fashion,South,1,1,6,1,541,4,96.12,0.15,14.42,1,1,81.7,50.23,31.47
DEMO_001178,CUST_0159,2025-02-19 01:00:00,Social,FLASH20,Fashion,West,1,0,8,0,136,2,108.23,0.15,16.23,1,0,0.0,73.49,0.0
DEMO_001179,CUST_0215,2025-02-19 02:00:00,Organic,FLASH20,Sports,West,1,1,4,0,287,1,119.05,0.15,17.86,1,0,0.0,79.05,0.0
DEMO_001180,CUST_0020,2025-02-19 03:00:00,Social,RETARGET,Home,West,1,4,8,0,238,1,79.06,0.0,0.0,0,0,0.0,45.98,0.0
DEMO_001181,CUST_0506,2025-02-19 04:00:00,Social,RETARGET,Fashion,East,0,1,2,0,213,2,160.78,0.0,0.0,0,0,0.0,103.08,0.0
DEMO_001182,CUST_0772,2025-02-19 05:00:00,Social,WELCOME10,Fashion,East,1,5,4,1,135,2,104.16,0.0,0.0,0,1,104.16,56.45,47.71
DEMO_001183,CUST_0575,2025-02-19 06:00:00,Organic,WELCOME10,Home,East,1,1,9,1,275,1,139.69,0.0,0.0,0,1,139.69,91.49,48.2
DEMO_001184,CUST_0373,2025-02-19 07:00:00,PPC,WELCOME10,Home,West,1,3,9,1,344,0,115.42,0.0,0.0,0,1,115.42,57.52,57.9
DEMO_001185,CUST_0350,2025-02-19 08:00:00,Social,LOYALTY,Electronics,North,0,0,1,0,569,3,224.53,0.0,0.0,0,0,0.0,121.86,0.0
DEMO_001186,CUST_0256,2025-02-19 09:00:00,Direct,FLASH20,Fashion,East,0,0,9,1,93,1,143.21,0.0,0.0,0,1,143.21,68.42,74.79
DEMO_001187,CUST_0118,2025-02-19 10:00:00,Organic,WELCOME10,Fashion,North,1,1,10,1,335,1,134.75,0.0,0.0,0,0,0.0,89.67,0.0
DEMO_001188,CUST_0498,2025-02-19 11:00:00,Social,SUMMER15,Beauty,South,0,1,5,0,212,1,132.57,0.0,0.0,0,0,0.0,69.97,0.0
DEMO_001189,CUST_0471,2025-02-19 12:00:00,PPC,FLASH20,Sports,South,0,0,4,0,172,2,286.51,0.0,0.0,0,0,0.0,145.14,0.0
DEMO_001190,CUST_0006,2025-02-19 13:00:00,Social,LOYALTY,Fashion,East,1,4,4,0,395,1,109.96,0.0,0.0,0,0,0.0,55.09,0.0
DEMO_001191,CUST_0346,2025-02-19 14:00:00,Direct,SUMMER15,Electronics,West,0,1,5,0,134,1,120.75,0.0,0.0,0,1,120.75,67.5,53.25
DEMO_001192,CUST_0231,2025-02-19 15:00:00,Email,RETARGET,Home,North,0,0,6,1,536,1,117.58,0.25,29.4,1,0,0.0,66.54,0.0
DEMO_001193,CUST_0141,2025-02-19 16:00:00,Email,RETARGET,Home,East,0,0,11,0,39,2,46.31,0.1,4.63,1,0,0.0,28.01,0.0
DEMO_001194,CUST_0585,2025-02-19 17:00:00,Organic,LOYALTY,Sports,North,0,1,3,1,206,0,116.96,0.0,0.0,0,0,0.0,74.4,0.0
DEMO_001195,CUST_0438,2025-02-19 18:00:00,Organic,FLASH20,Beauty,North,1,3,13,0,332,1,177.21,0.0,0.0,0,0,0.0,108.38,0.0
DEMO_001196,CUST_0527,2025-02-19 19:00:00,Organic,RETARGET,Fashion,South,0,0,1,1,269,0,141.41,0.15,21.21,1,1,120.2,79.66,40.54
DEMO_001197,CUST_0594,2025-02-19 20:00:00,Email,LOYALTY,Beauty,East,0,0,2,0,123,1,221.4,0.15,33.21,1,0,0.0,126.91,0.0
DEMO_001198,CUST_0817,2025-02-19 21:00:00,PPC,FLASH20,Fashion,North,0,1,3,0,139,2,159.73,0.0,0.0,0,0,0.0,107.71,0.0
DEMO_001199,CUST_0668,2025-02-19 22:00:00,Organic,FLASH20,Fashion,South,0,0,4,0,258,1,140.6,0.0,0.0,0,0,0.0,77.73,0.0
DEMO_001200,CUST_0516,2025-02-19 23:00:00,Organic,RETARGET,Fashion,West,0,0,7,1,163,2,167.33,0.1,16.73,1,1,150.6,87.67,62.93
DEMO_001201,CUST_0732,2025-02-20 00:00:00,Organic,FLASH20,Sports,South,0,1,2,1,479,2,132.18,0.0,0.0,0,1,132.18,79.11,53.07
DEMO_001202,CUST_0397,2025-02-20 01:00:00,Social,WELCOME10,Fashion,West,1,1,4,1,236,0,98.86,0.0,0.0,0,0,0.0,59.78,0.0
DEMO_001203,CUST_0820,2025-02-20 02:00:00,Organic,RETARGET,Fashion,West,0,1,8,0,175,3,105.86,0.15,15.88,1,0,0.0,70.46,0.0
DEMO_001204,CUST_0634,2025-02-20 03:00:00,Social,WELCOME10,Beauty,South,0,0,5,1,291,1,38.38,0.0,0.0,0,0,0.0,20.38,0.0
DEMO_001205,CUST_0542,2025-02-20 04:00:00,Organic,LOYALTY,Electronics,East,0,2,4,1,121,2,229.93,0.05,11.5,1,1,218.43,130.42,88.01
DEMO_001206,CUST_0752,2025-02-20 05:00:00,Organic,LOYALTY,Sports,East,0,1,6,0,220,2,102.59,0.25,25.65,1,0,0.0,60.9,0.0
DEMO_001207,CUST_0429,2025-02-20 06:00:00,Organic,FLASH20,Fashion,South,0,2,3,0,617,0,70.14,0.15,10.52,1,1,59.62,43.0,16.62
DEMO_001208,CUST_0600,2025-02-20 07:00:00,Email,WELCOME10,Sports,South,0,1,6,1,233,2,95.12,0.15,14.27,1,0,0.0,43.68,0.0
DEMO_001209,CUST_0237,2025-02-20 08:00:00,PPC,FLASH20,Fashion,South,0,0,2,0,215,1,247.33,0.05,12.37,1,0,0.0,162.51,0.0
DEMO_001210,CUST_0802,2025-02-20 09:00:00,Organic,RETARGET,Fashion,North,0,0,4,0,306,1,115.85,0.15,17.38,1,0,0.0,56.86,0.0
DEMO_001211,CUST_0519,2025-02-20 10:00:00,Direct,SUMMER15,Fashion,North,1,3,10,1,473,0,125.92,0.0,0.0,0,0,0.0,63.19,0.0
DEMO_001212,CUST_0651,2025-02-20 11:00:00,Social,LOYALTY,Fashion,South,0,0,5,1,268,1,286.8,0.0,0.0,0,0,0.0,174.86,0.0
DEMO_001213,CUST_0383,2025-02-20 12:00:00,Email,RETARGET,Beauty,West,1,3,12,0,170,0,163.36,0.15,24.5,1,0,0.0,80.98,0.0
DEMO_001214,CUST_0722,2025-02-20 13:00:00,Organic,RETARGET,Beauty,North,1,0,5,0,325,0,98.53,0.0,0.0,0,1,98.53,47.37,51.16
DEMO_001215,CUST_0061,2025-02-20 14:00:00,Email,FLASH20,Fashion,North,0,1,5,1,162,0,52.2,0.0,0.0,0,0,0.0,34.89,0.0
DEMO_001216,CUST_0095,2025-02-20 15:00:00,Social,SUMMER15,Fashion,South,0,0,3,0,416,1,149.54,0.0,0.0,0,0,0.0,89.41,0.0
DEMO_001217,CUST_0422,2025-02-20 16:00:00,Social,LOYALTY,Fashion,East,0,0,7,0,351,0,82.67,0.15,12.4,1,1,70.27,55.21,15.06
DEMO_001218,CUST_0610,2025-02-20 17:00:00,Organic,FLASH20,Fashion,North,0,0,3,0,320,3,150.95,0.15,22.64,1,1,128.31,70.12,58.19
DEMO_001219,CUST_0674,2025-02-20 18:00:00,Organic,LOYALTY,Electronics,North,0,0,5,1,297,3,109.76,0.0,0.0,0,0,0.0,50.29,0.0
DEMO_001220,CUST_0366,2025-02-20 19:00:00,PPC,LOYALTY,Home,North,0,2,5,1,332,1,134.82,0.15,20.22,1,1,114.6,69.33,45.27
DEMO_001221,CUST_0541,2025-02-20 20:00:00,PPC,LOYALTY,Home,South,1,2,7,0,282,1,167.86,0.15,25.18,1,0,0.0,77.02,0.0
DEMO_001222,CUST_0460,2025-02-20 21:00:00,Direct,SUMMER15,Beauty,North,0,1,5,0,232,4,51.51,0.1,5.15,1,0,0.0,28.38,0.0
DEMO_001223,CUST_0800,2025-02-20 22:00:00,Social,LOYALTY,Fashion,West,1,2,7,0,135,0,118.86,0.0,0.0,0,0,0.0,79.77,0.0
DEMO_001224,CUST_0544,2025-02-20 23:00:00,Organic,FLASH20,Home,West,1,3,11,1,337,1,111.25,0.1,11.12,1,1,100.13,59.19,40.94
DEMO_001225,CUST_0347,2025-02-21 00:00:00,PPC,RETARGET,Home,South,0,2,9,1,134,0,127.69,0.0,0.0,0,0,0.0,78.97,0.0
DEMO_001226,CUST_0807,2025-02-21 01:00:00,Email,LOYALTY,Electronics,North,1,5,6,1,146,0,140.75,0.0,0.0,0,0,0.0,84.26,0.0
DEMO_001227,CUST_0089,2025-02-21 02:00:00,Email,RETARGET,Sports,North,1,5,8,1,479,1,120.11,0.1,12.01,1,0,0.0,54.94,0.0
DEMO_001228,CUST_0820,2025-02-21 03:00:00,Email,RETARGET,Home,South,0,0,3,0,94,1,83.8,0.0,0.0,0,0,0.0,42.18,0.0
DEMO_001229,CUST_0128,2025-02-21 04:00:00,PPC,RETARGET,Fashion,South,0,1,1,0,375,3,67.48,0.2,13.5,1,0,0.0,40.14,0.0
DEMO_001230,CUST_0240,2025-02-21 05:00:00,Direct,LOYALTY,Home,East,0,1,4,0,92,2,54.9,0.0,0.0,0,1,54.9,25.87,29.03
DEMO_001231,CUST_0684,2025-02-21 06:00:00,Organic,FLASH20,Sports,South,0,2,1,0,177,3,118.37,0.0,0.0,0,0,0.0,65.72,0.0
DEMO_001232,CUST_0611,2025-02-21 07:00:00,Email,WELCOME10,Electronics,South,0,2,4,1,238,3,142.17,0.0,0.0,0,0,0.0,86.13,0.0
DEMO_001233,CUST_0808,2025-02-21 08:00:00,Email,SUMMER15,Beauty,South,0,0,3,0,66,1,96.17,0.1,9.62,1,0,0.0,50.79,0.0
DEMO_001234,CUST_0624,2025-02-21 09:00:00,PPC,FLASH20,Fashion,East,0,1,5,1,317,3,163.01,0.2,32.6,1,1,130.41,85.06,45.35
DEMO_001235,CUST_0530,2025-02-21 10:00:00,Social,LOYALTY,Beauty,East,1,1,7,0,75,0,106.54,0.0,0.0,0,0,0.0,65.67,0.0
DEMO_001236,CUST_0288,2025-02-21 11:00:00,PPC,FLASH20,Sports,North,0,1,1,0,79,4,107.93,0.25,26.98,1,0,0.0,58.97,0.0
DEMO_001237,CUST_0003,2025-02-21 12:00:00,Social,FLASH20,Sports,South,0,0,4,0,73,3,58.72,0.0,0.0,0,0,0.0,33.61,0.0
DEMO_001238,CUST_0103,2025-02-21 13:00:00,Social,WELCOME10,Home,East,0,1,4,0,38,0,91.88,0.0,0.0,0,0,0.0,45.57,0.0
DEMO_001239,CUST_0248,2025-02-21 14:00:00,Email,LOYALTY,Sports,East,1,2,4,1,366,0,169.75,0.0,0.0,0,0,0.0,107.21,0.0
DEMO_001240,CUST_0034,2025-02-21 15:00:00,Organic,FLASH20,Beauty,East,1,3,8,0,138,0,210.38,0.0,0.0,0,1,210.38,123.69,86.69
DEMO_001241,CUST_0423,2025-02-21 16:00:00,Direct,WELCOME10,Home,East,0,0,6,0,161,2,102.96,0.0,0.0,0,0,0.0,69.37,0.0
DEMO_001242,CUST_0647,2025-02-21 17:00:00,PPC,SUMMER15,Fashion,East,1,0,9,1,225,0,165.71,0.0,0.0,0,0,0.0,103.38,0.0
DEMO_001243,CUST_0802,2025-02-21 18:00:00,Email,RETARGET,Electronics,South,0,0,4,0,143,0,211.98,0.15,31.8,1,0,0.0,124.61,0.0
DEMO_001244,CUST_0407,2025-02-21 19:00:00,Direct,WELCOME10,Electronics,East,1,1,5,0,89,0,73.57,0.0,0.0,0,0,0.0,43.5,0.0
DEMO_001245,CUST_0728,2025-02-21 20:00:00,Direct,FLASH20,Fashion,South,1,4,8,1,183,0,129.39,0.0,0.0,0,1,129.39,68.14,61.25
DEMO_001246,CUST_0820,2025-02-21 21:00:00,Organic,FLASH20,Home,South,0,0,6,0,175,2,122.2,0.0,0.0,0,0,0.0,67.51,0.0
DEMO_001247,CUST_0716,2025-02-21 22:00:00,Organic,WELCOME10,Beauty,North,1,1,7,0,85,1,181.95,0.0,0.0,0,0,0.0,110.05,0.0
DEMO_001248,CUST_0387,2025-02-21 23:00:00,Email,WELCOME10,Home,South,1,3,6,0,136,0,77.03,0.1,7.7,1,0,0.0,43.79,0.0
DEMO_001249,CUST_0270,2025-02-22 00:00:00,Social,RETARGET,Sports,North,1,2,3,1,392,1,129.29,0.0,0.0,0,1,129.29,86.56,42.73
DEMO_001250,CUST_0814,2025-02-22 01:00:00,Organic,FLASH20,Beauty,North,1,5,5,0,132,0,99.86,0.15,14.98,1,1,84.88,57.65,27.23
DEMO_001251,CUST_0201,2025-02-22 02:00:00,Email,SUMMER15,Sports,South,1,3,7,1,292,0,135.81,0.0,0.0,0,1,135.81,61.51,74.3
DEMO_001252,CUST_0342,2025-02-22 03:00:00,Social,WELCOME10,Home,East,0,0,5,1,57,3,194.34,0.2,38.87,1,0,0.0,93.1,0.0
DEMO_001253,CUST_0061,2025-02-22 04:00:00,Direct,FLASH20,Electronics,West,1,5,10,1,313,0,218.06,0.15,32.71,1,1,185.35,100.44,84.91
DEMO_001254,CUST_0661,2025-02-22 05:00:00,Social,LOYALTY,Home,North,1,7,6,0,54,1,195.11,0.15,29.27,1,0,0.0,128.33,0.0
DEMO_001255,CUST_0541,2025-02-22 06:00:00,PPC,LOYALTY,Home,West,0,1,1,0,267,2,71.84,0.15,10.78,1,1,61.06,37.54,23.52
DEMO_001256,CUST_0070,2025-02-22 07:00:00,Email,WELCOME10,Home,South,0,1,1,0,318,4,90.67,0.2,18.13,1,0,0.0,58.24,0.0
DEMO_001257,CUST_0184,2025-02-22 08:00:00,Direct,LOYALTY,Beauty,East,0,2,2,0,248,1,176.42,0.1,17.64,1,0,0.0,97.47,0.0
DEMO_001258,CUST_0462,2025-02-22 09:00:00,Direct,RETARGET,Beauty,East,0,0,3,0,151,1,147.26,0.15,22.09,1,1,125.17,97.44,27.73
DEMO_001259,CUST_0450,2025-02-22 10:00:00,Organic,SUMMER15,Home,West,0,0,3,0,72,0,99.66,0.0,0.0,0,1,99.66,55.9,43.76
DEMO_001260,CUST_0668,2025-02-22 11:00:00,Organic,WELCOME10,Electronics,North,0,1,5,0,255,2,74.26,0.0,0.0,0,0,0.0,48.11,0.0
DEMO_001261,CUST_0221,2025-02-22 12:00:00,Organic,RETARGET,Electronics,West,1,0,7,1,187,0,25.0,0.0,0.0,0,0,0.0,15.11,0.0
DEMO_001262,CUST_0770,2025-02-22 13:00:00,PPC,FLASH20,Fashion,North,0,0,7,1,215,4,54.74,0.25,13.68,1,1,41.06,27.98,13.08
DEMO_001263,CUST_0370,2025-02-22 14:00:00,Email,LOYALTY,Home,West,0,0,5,0,109,3,97.76,0.05,4.89,1,1,92.87,56.96,35.91
DEMO_001264,CUST_0685,2025-02-22 15:00:00,Email,SUMMER15,Beauty,East,1,7,6,0,176,0,98.43,0.15,14.76,1,1,83.67,50.36,33.31
DEMO_001265,CUST_0198,2025-02-22 16:00:00,Email,SUMMER15,Sports,South,0,1,4,1,220,1,134.96,0.0,0.0,0,0,0.0,66.94,0.0
DEMO_001266,CUST_0030,2025-02-22 17:00:00,Social,SUMMER15,Fashion,South,0,0,4,0,93,1,147.04,0.15,22.06,1,0,0.0,76.96,0.0
DEMO_001267,CUST_0045,2025-02-22 18:00:00,Email,SUMMER15,Beauty,North,1,2,5,1,286,0,310.0,0.2,62.0,1,1,248.0,160.65,87.35
DEMO_001268,CUST_0310,2025-02-22 19:00:00,Email,FLASH20,Beauty,West,1,2,5,0,428,0,79.33,0.0,0.0,0,0,0.0,44.76,0.0
DEMO_001269,CUST_0793,2025-02-22 20:00:00,Organic,WELCOME10,Sports,East,1,3,12,1,382,2,46.62,0.05,2.33,1,0,0.0,27.81,0.0
DEMO_001270,CUST_0040,2025-02-22 21:00:00,Email,RETARGET,Beauty,West,0,2,3,0,449,0,73.85,0.15,11.08,1,1,62.77,49.66,13.11
DEMO_001271,CUST_0307,2025-02-22 22:00:00,Email,FLASH20,Fashion,East,0,1,4,0,132,0,238.54,0.0,0.0,0,0,0.0,133.08,0.0
DEMO_001272,CUST_0091,2025-02-22 23:00:00,Organic,RETARGET,Home,West,1,2,11,1,151,1,112.82,0.0,0.0,0,1,112.82,70.52,42.3
DEMO_001273,CUST_0775,2025-02-23 00:00:00,PPC,FLASH20,Fashion,West,1,3,7,1,98,1,176.9,0.0,0.0,0,0,0.0,99.58,0.0
DEMO_001274,CUST_0562,2025-02-23 01:00:00,Organic,SUMMER15,Electronics,South,1,5,11,1,205,0,87.07,0.0,0.0,0,1,87.07,47.87,39.2
DEMO_001275,CUST_0635,2025-02-23 02:00:00,Direct,FLASH20,Beauty,East,1,1,9,0,168,0,89.51,0.0,0.0,0,1,89.51,48.77,40.74
DEMO_001276,CUST_0594,2025-02-23 03:00:00,Email,WELCOME10,Home,South,0,2,2,0,191,2,51.86,0.15,7.78,1,0,0.0,33.78,0.0
DEMO_001277,CUST_0547,2025-02-23 04:00:00,Direct,RETARGET,Fashion,West,0,0,6,0,90,1,96.66,0.15,14.5,1,0,0.0,46.75,0.0
DEMO_001278,CUST_0644,2025-02-23 05:00:00,Direct,LOYALTY,Beauty,East,1,3,9,0,212,1,112.72,0.05,5.64,1,0,0.0,58.25,0.0
DEMO_001279,CUST_0006,2025-02-23 06:00:00,Social,WELCOME10,Beauty,South,1,6,11,1,233,0,165.74,0.15,24.86,1,1,140.88,102.06,38.82
DEMO_001280,CUST_0720,2025-02-23 07:00:00,Organic,FLASH20,Fashion,East,0,0,4,0,214,0,144.38,0.05,7.22,1,0,0.0,74.79,0.0
DEMO_001281,CUST_0616,2025-02-23 08:00:00,Organic,FLASH20,Beauty,South,1,1,5,0,242,0,274.29,0.0,0.0,0,1,274.29,123.57,150.72
DEMO_001282,CUST_0615,2025-02-23 09:00:00,Organic,SUMMER15,Electronics,East,0,0,3,0,109,0,104.67,0.2,20.93,1,0,0.0,52.32,0.0
DEMO_001283,CUST_0327,2025-02-23 10:00:00,Social,WELCOME10,Beauty,South,1,2,11,1,247,0,125.1,0.0,0.0,0,0,0.0,57.14,0.0
DEMO_001284,CUST_0667,2025-02-23 11:00:00,Email,LOYALTY,Home,South,0,0,7,0,327,4,111.38,0.1,11.14,1,0,0.0,57.61,0.0
DEMO_001285,CUST_0318,2025-02-23 12:00:00,Direct,SUMMER15,Home,West,1,2,6,1,282,1,82.04,0.1,8.2,1,0,0.0,43.08,0.0
DEMO_001286,CUST_0040,2025-02-23 13:00:00,Organic,FLASH20,Home,North,0,1,8,1,236,2,134.88,0.25,33.72,1,0,0.0,90.27,0.0
DEMO_001287,CUST_0756,2025-02-23 14:00:00,Social,SUMMER15,Beauty,West,1,0,7,0,119,1,99.08,0.2,19.82,1,0,0.0,63.0,0.0
DEMO_001288,CUST_0195,2025-02-23 15:00:00,PPC,LOYALTY,Electronics,North,1,4,6,1,208,0,237.09,0.0,0.0,0,0,0.0,113.36,0.0
DEMO_001289,CUST_0084,2025-02-23 16:00:00,Email,WELCOME10,Electronics,North,0,0,1,0,69,3,78.63,0.0,0.0,0,0,0.0,37.61,0.0
DEMO_001290,CUST_0518,2025-02-23 17:00:00,Organic,SUMMER15,Home,North,1,2,4,0,290,0,96.26,0.2,19.25,1,0,0.0,65.39,0.0
DEMO_001291,CUST_0194,2025-02-23 18:00:00,Organic,FLASH20,Sports,North,1,5,3,0,120,1,64.09,0.0,0.0,0,0,0.0,38.74,0.0
DEMO_001292,CUST_0714,2025-02-23 19:00:00,PPC,FLASH20,Electronics,North,1,2,6,0,99,0,130.62,0.0,0.0,0,1,130.62,77.57,53.05
DEMO_001293,CUST_0369,2025-02-23 20:00:00,PPC,LOYALTY,Home,West,0,0,10,0,77,2,61.72,0.15,9.26,1,0,0.0,36.13,0.0
DEMO_001294,CUST_0003,2025-02-23 21:00:00,PPC,WELCOME10,Fashion,West,1,1,5,1,164,0,111.76,0.0,0.0,0,1,111.76,54.14,57.62
DEMO_001295,CUST_0792,2025-02-23 22:00:00,Organic,FLASH20,Sports,East,1,1,7,0,135,0,66.29,0.1,6.63,1,1,59.66,33.86,25.8
DEMO_001296,CUST_0428,2025-02-23 23:00:00,PPC,LOYALTY,Beauty,North,1,4,9,1,414,1,72.05,0.0,0.0,0,0,0.0,39.59,0.0
DEMO_001297,CUST_0219,2025-02-24 00:00:00,Direct,SUMMER15,Sports,West,0,0,3,0,118,2,79.5,0.1,7.95,1,0,0.0,43.94,0.0
DEMO_001298,CUST_0564,2025-02-24 01:00:00,Email,WELCOME10,Fashion,East,1,3,8,1,461,0,155.75,0.0,0.0,0,1,155.75,104.86,50.89
DEMO_001299,CUST_0441,2025-02-24 02:00:00,PPC,RETARGET,Electronics,East,0,1,4,0,366,0,107.5,0.1,10.75,1,0,0.0,49.46,0.0
DEMO_001300,CUST_0024,2025-02-24 03:00:00,PPC,LOYALTY,Beauty,West,0,0,4,0,358,6,106.14,0.1,10.61,1,1,95.53,48.12,47.41
DEMO_001301,CUST_0632,2025-02-24 04:00:00,Organic,LOYALTY,Sports,South,0,0,7,0,258,5,144.47,0.15,21.67,1,1,122.8,95.41,27.39
DEMO_001302,CUST_0334,2025-02-24 05:00:00,Organic,LOYALTY,Sports,South,0,1,3,0,58,2,83.34,0.0,0.0,0,0,0.0,54.32,0.0
DEMO_001303,CUST_0582,2025-02-24 06:00:00,Organic,LOYALTY,Beauty,West,0,1,6,0,336,1,46.31,0.1,4.63,1,1,41.68,23.92,17.76
DEMO_001304,CUST_0746,2025-02-24 07:00:00,Direct,LOYALTY,Fashion,East,0,1,3,0,63,2,68.41,0.25,17.1,1,1,51.31,35.84,15.47
DEMO_001305,CUST_0508,2025-02-24 08:00:00,PPC,FLASH20,Home,East,1,3,6,0,92,1,98.63,0.15,14.79,1,0,0.0,57.81,0.0
DEMO_001306,CUST_0559,2025-02-24 09:00:00,Social,WELCOME10,Fashion,East,1,2,10,0,135,3,109.72,0.1,10.97,1,0,0.0,54.47,0.0
DEMO_001307,CUST_0212,2025-02-24 10:00:00,Email,FLASH20,Beauty,West,0,3,6,0,121,2,144.23,0.0,0.0,0,0,0.0,93.95,0.0
DEMO_001308,CUST_0197,2025-02-24 11:00:00,PPC,SUMMER15,Electronics,South,1,2,5,0,299,0,105.07,0.0,0.0,0,0,0.0,53.8,0.0
DEMO_001309,CUST_0345,2025-02-24 12:00:00,Organic,LOYALTY,Electronics,North,1,4,7,1,328,0,177.26,0.0,0.0,0,0,0.0,82.21,0.0
DEMO_001310,CUST_0710,2025-02-24 13:00:00,Email,FLASH20,Electronics,South,1,2,9,1,221,1,131.98,0.0,0.0,0,0,0.0,75.56,0.0
DEMO_001311,CUST_0436,2025-02-24 14:00:00,Organic,RETARGET,Sports,East,1,1,5,0,255,1,59.52,0.2,11.9,1,0,0.0,36.82,0.0
DEMO_001312,CUST_0289,2025-02-24 15:00:00,Social,FLASH20,Electronics,West,1,0,7,0,201,0,35.65,0.0,0.0,0,1,35.65,23.88,11.77
DEMO_001313,CUST_0649,2025-02-24 16:00:00,Social,FLASH20,Home,South,1,3,4,0,182,0,71.28,0.0,0.0,0,0,0.0,42.32,0.0
DEMO_001314,CUST_0710,2025-02-24 17:00:00,Organic,RETARGET,Sports,East,1,4,6,0,145,0,119.35,0.0,0.0,0,0,0.0,56.5,0.0
DEMO_001315,CUST_0751,2025-02-24 18:00:00,Organic,FLASH20,Home,West,1,2,10,1,160,0,132.55,0.0,0.0,0,1,132.55,79.84,52.71
DEMO_001316,CUST_0249,2025-02-24 19:00:00,PPC,SUMMER15,Home,West,0,0,4,0,24,2,106.97,0.0,0.0,0,1,106.97,50.41,56.56
DEMO_001317,CUST_0591,2025-02-24 20:00:00,Email,SUMMER15,Beauty,West,1,2,4,1,344,2,118.4,0.0,0.0,0,0,0.0,58.57,0.0
DEMO_001318,CUST_0491,2025-02-24 21:00:00,Email,RETARGET,Beauty,West,1,3,4,1,166,1,203.21,0.2,40.64,1,1,162.57,105.31,57.26
DEMO_001319,CUST_0373,2025-02-24 22:00:00,Organic,LOYALTY,Home,East,1,0,12,1,173,0,112.88,0.0,0.0,0,1,112.88,52.24,60.64
DEMO_001320,CUST_0330,2025-02-24 23:00:00,Direct,WELCOME10,Home,South,1,1,4,0,111,0,131.29,0.0,0.0,0,0,0.0,70.13,0.0
DEMO_001321,CUST_0095,2025-02-25 00:00:00,Email,FLASH20,Home,South,0,1,1,0,215,2,230.08,0.05,11.5,1,0,0.0,144.13,0.0
DEMO_001322,CUST_0228,2025-02-25 01:00:00,Organic,SUMMER15,Fashion,East,0,0,8,1,295,1,49.65,0.15,7.45,1,1,42.2,22.96,19.24
DEMO_001323,CUST_0457,2025-02-25 02:00:00,Social,LOYALTY,Fashion,North,1,5,7,1,177,0,242.1,0.0,0.0,0,0,0.0,136.56,0.0
DEMO_001324,CUST_0738,2025-02-25 03:00:00,Social,WELCOME10,Beauty,East,1,6,11,0,186,0,35.46,0.0,0.0,0,0,0.0,17.8,0.0
DEMO_001325,CUST_0721,2025-02-25 04:00:00,Organic,LOYALTY,Electronics,East,1,6,6,1,182,1,77.35,0.0,0.0,0,1,77.35,44.88,32.47
DEMO_001326,CUST_0156,2025-02-25 05:00:00,Organic,LOYALTY,Fashion,East,1,2,8,1,345,1,87.22,0.0,0.0,0,1,87.22,49.13,38.09
DEMO_001327,CUST_0565,2025-02-25 06:00:00,Social,SUMMER15,Beauty,South,1,0,12,1,276,0,53.79,0.1,5.38,1,1,48.41,26.26,22.15
DEMO_001328,CUST_0070,2025-02-25 07:00:00,Direct,WELCOME10,Beauty,East,1,2,4,0,40,2,104.15,0.0,0.0,0,0,0.0,67.29,0.0
DEMO_001329,CUST_0562,2025-02-25 08:00:00,Email,LOYALTY,Beauty,North,0,0,1,0,240,2,109.61,0.15,16.44,1,1,93.17,61.94,31.23
DEMO_001330,CUST_0284,2025-02-25 09:00:00,Direct,SUMMER15,Electronics,East,1,2,4,0,194,1,156.49,0.0,0.0,0,0,0.0,105.9,0.0
DEMO_001331,CUST_0374,2025-02-25 10:00:00,Email,RETARGET,Sports,West,0,0,3,0,104,3,154.24,0.2,30.85,1,1,123.39,104.34,19.05
DEMO_001332,CUST_0597,2025-02-25 11:00:00,Social,LOYALTY,Home,West,1,4,9,1,145,0,121.28,0.0,0.0,0,0,0.0,61.58,0.0
DEMO_001333,CUST_0353,2025-02-25 12:00:00,Email,RETARGET,Sports,West,0,0,8,0,276,1,185.54,0.0,0.0,0,0,0.0,121.18,0.0
DEMO_001334,CUST_0672,2025-02-25 13:00:00,Email,FLASH20,Electronics,South,1,3,6,0,286,0,149.94,0.0,0.0,0,0,0.0,92.29,0.0
DEMO_001335,CUST_0444,2025-02-25 14:00:00,Email,RETARGET,Fashion,North,0,0,3,0,200,0,96.91,0.05,4.85,1,1,92.06,53.24,38.82
DEMO_001336,CUST_0831,2025-02-25 15:00:00,PPC,WELCOME10,Sports,East,0,0,5,0,128,2,118.34,0.1,11.83,1,0,0.0,75.44,0.0
DEMO_001337,CUST_0531,2025-02-25 16:00:00,PPC,SUMMER15,Electronics,North,1,1,4,0,106,0,84.26,0.05,4.21,1,0,0.0,46.06,0.0
DEMO_001338,CUST_0246,2025-02-25 17:00:00,Email,WELCOME10,Home,South,1,1,7,1,159,0,64.62,0.0,0.0,0,1,64.62,36.4,28.22
DEMO_001339,CUST_0645,2025-02-25 18:00:00,PPC,LOYALTY,Home,East,0,1,8,1,197,0,135.99,0.2,27.2,1,1,108.79,72.82,35.97
DEMO_001340,CUST_0339,2025-02-25 19:00:00,PPC,FLASH20,Sports,East,1,2,8,1,373,1,57.14,0.0,0.0,0,0,0.0,36.8,0.0
DEMO_001341,CUST_0444,2025-02-25 20:00:00,Social,SUMMER15,Sports,East,0,0,5,0,53,3,103.09,0.2,20.62,1,1,82.47,67.89,14.58
DEMO_001342,CUST_0113,2025-02-25 21:00:00,Direct,SUMMER15,Home,West,0,0,3,0,183,5,39.88,0.2,7.98,1,0,0.0,19.33,0.0
DEMO_001343,CUST_0099,2025-02-25 22:00:00,Organic,LOYALTY,Fashion,North,0,0,3,0,148,2,115.81,0.2,23.16,1,1,92.65,67.83,24.82
DEMO_001344,CUST_0478,2025-02-25 23:00:00,Email,WELCOME10,Sports,West,1,3,9,0,229,1,80.87,0.2,16.17,1,0,0.0,38.57,0.0
DEMO_001345,CUST_0155,2025-02-26 00:00:00,PPC,FLASH20,Home,East,1,3,4,0,91,1,144.85,0.0,0.0,0,0,0.0,94.68,0.0
DEMO_001346,CUST_0830,2025-02-26 01:00:00,Direct,LOYALTY,Electronics,South,1,3,5,1,209,0,101.48,0.1,10.15,1,1,91.33,50.81,40.52
DEMO_001347,CUST_0712,2025-02-26 02:00:00,Email,SUMMER15,Home,South,1,5,1,0,283,2,105.91,0.15,15.89,1,0,0.0,48.54,0.0
DEMO_001348,CUST_0583,2025-02-26 03:00:00,PPC,SUMMER15,Fashion,East,1,3,5,0,202,0,114.83,0.1,11.48,1,1,103.35,71.37,31.98
DEMO_001349,CUST_0612,2025-02-26 04:00:00,Direct,SUMMER15,Electronics,East,1,3,10,0,134,1,85.19,0.0,0.0,0,0,0.0,51.39,0.0
DEMO_001350,CUST_0495,2025-02-26 05:00:00,Direct,FLASH20,Fashion,South,1,2,8,1,153,0,86.93,0.0,0.0,0,0,0.0,47.34,0.0
DEMO_001351,CUST_0050,2025-02-26 06:00:00,PPC,SUMMER15,Home,North,0,1,4,1,417,2,86.94,0.0,0.0,0,0,0.0,51.5,0.0
DEMO_001352,CUST_0326,2025-02-26 07:00:00,Social,SUMMER15,Sports,North,0,1,4,0,72,4,106.02,0.0,0.0,0,0,0.0,66.51,0.0
DEMO_001353,CUST_0413,2025-02-26 08:00:00,PPC,FLASH20,Fashion,South,0,0,6,0,395,1,87.3,0.0,0.0,0,1,87.3,42.7,44.6
DEMO_001354,CUST_0762,2025-02-26 09:00:00,Social,WELCOME10,Beauty,South,1,3,5,1,249,0,137.37,0.0,0.0,0,1,137.37,71.44,65.93
DEMO_001355,CUST_0182,2025-02-26 10:00:00,Email,FLASH20,Sports,East,1,2,9,0,168,0,50.58,0.0,0.0,0,1,50.58,28.41,22.17
DEMO_001356,CUST_0413,2025-02-26 11:00:00,Email,WELCOME10,Fashion,West,0,2,5,0,319,1,57.13,0.0,0.0,0,0,0.0,34.03,0.0
DEMO_001357,CUST_0286,2025-02-26 12:00:00,Organic,WELCOME10,Electronics,North,1,2,5,1,378,0,262.4,0.0,0.0,0,1,262.4,155.12,107.28
DEMO_001358,CUST_0111,2025-02-26 13:00:00,Email,SUMMER15,Home,South,1,2,9,0,190,0,92.26,0.2,18.45,1,0,0.0,51.99,0.0
DEMO_001359,CUST_0085,2025-02-26 14:00:00,Social,SUMMER15,Electronics,North,0,2,9,0,233,2,71.05,0.15,10.66,1,0,0.0,42.78,0.0
DEMO_001360,CUST_0304,2025-02-26 15:00:00,PPC,WELCOME10,Electronics,West,0,0,1,1,133,4,110.89,0.15,16.63,1,0,0.0,50.44,0.0
DEMO_001361,CUST_0068,2025-02-26 16:00:00,Direct,RETARGET,Sports,East,0,1,3,1,209,2,158.41,0.2,31.68,1,0,0.0,83.07,0.0
DEMO_001362,CUST_0055,2025-02-26 17:00:00,Social,SUMMER15,Sports,North,0,1,5,0,118,0,149.67,0.15,22.45,1,1,127.22,87.06,40.16
DEMO_001363,CUST_0292,2025-02-26 18:00:00,Organic,RETARGET,Fashion,South,1,2,7,0,370,3,80.1,0.25,20.02,1,1,60.08,41.69,18.39
DEMO_001364,CUST_0168,2025-02-26 19:00:00,Social,RETARGET,Electronics,East,1,2,4,0,350,1,89.06,0.0,0.0,0,1,89.06,59.36,29.7
DEMO_001365,CUST_0462,2025-02-26 20:00:00,PPC,RETARGET,Sports,West,0,0,2,1,135,1,96.53,0.1,9.65,1,0,0.0,64.83,0.0
DEMO_001366,CUST_0014,2025-02-26 21:00:00,Organic,RETARGET,Beauty,East,0,0,3,1,131,0,129.04,0.15,19.36,1,1,109.68,69.09,40.59
DEMO_001367,CUST_0251,2025-02-26 22:00:00,Email,WELCOME10,Home,South,0,0,4,0,164,3,114.49,0.0,0.0,0,0,0.0,57.62,0.0
DEMO_001368,CUST_0377,2025-02-26 23:00:00,Direct,SUMMER15,Fashion,East,0,0,3,0,403,3,74.24,0.1,7.42,1,1,66.82,37.24,29.58
DEMO_001369,CUST_0802,2025-02-27 00:00:00,Social,LOYALTY,Sports,East,0,0,3,0,139,1,89.19,0.0,0.0,0,0,0.0,49.24,0.0
DEMO_001370,CUST_0528,2025-02-27 01:00:00,Direct,FLASH20,Fashion,East,1,2,4,0,558,2,99.55,0.0,0.0,0,0,0.0,66.72,0.0
DEMO_001371,CUST_0733,2025-02-27 02:00:00,Direct,WELCOME10,Sports,North,1,7,5,0,73,0,218.53,0.0,0.0,0,0,0.0,110.22,0.0
DEMO_001372,CUST_0285,2025-02-27 03:00:00,Direct,FLASH20,Beauty,East,1,3,9,0,115,0,103.56,0.0,0.0,0,1,103.56,54.49,49.07
DEMO_001373,CUST_0374,2025-02-27 04:00:00,Email,RETARGET,Home,North,0,2,9,0,83,2,497.16,0.1,49.72,1,0,0.0,287.66,0.0
DEMO_001374,CUST_0350,2025-02-27 05:00:00,Direct,RETARGET,Beauty,West,1,5,9,0,192,1,99.37,0.1,9.94,1,1,89.43,57.74,31.69
DEMO_001375,CUST_0739,2025-02-27 06:00:00,Organic,SUMMER15,Home,West,0,1,4,0,137,2,52.59,0.0,0.0,0,0,0.0,31.68,0.0
DEMO_001376,CUST_0799,2025-02-27 07:00:00,PPC,SUMMER15,Beauty,East,0,0,8,0,383,3,131.37,0.1,13.14,1,1,118.23,81.11,37.12
DEMO_001377,CUST_0801,2025-02-27 08:00:00,Organic,SUMMER15,Sports,East,1,3,8,0,129,2,179.69,0.0,0.0,0,0,0.0,113.56,0.0
DEMO_001378,CUST_0626,2025-02-27 09:00:00,PPC,SUMMER15,Home,North,1,3,13,1,339,0,138.91,0.2,27.78,1,1,111.13,78.2,32.93
DEMO_001379,CUST_0419,2025-02-27 10:00:00,PPC,SUMMER15,Beauty,West,0,1,7,1,137,0,122.55,0.0,0.0,0,1,122.55,57.15,65.4
DEMO_001380,CUST_0450,2025-02-27 11:00:00,PPC,SUMMER15,Sports,South,0,1,1,0,153,2,94.55,0.25,23.64,1,0,0.0,57.25,0.0
DEMO_001381,CUST_0816,2025-02-27 12:00:00,Email,FLASH20,Electronics,South,1,5,13,1,96,0,98.66,0.0,0.0,0,1,98.66,57.84,40.82
DEMO_001382,CUST_0237,2025-02-27 13:00:00,Organic,WELCOME10,Fashion,East,1,4,5,0,407,1,39.36,0.0,0.0,0,1,39.36,19.65,19.71
DEMO_001383,CUST_0288,2025-02-27 14:00:00,Direct,SUMMER15,Beauty,West,1,0,8,0,163,0,165.1,0.0,0.0,0,0,0.0,106.72,0.0
DEMO_001384,CUST_0747,2025-02-27 15:00:00,Organic,SUMMER15,Beauty,South,0,0,8,0,288,1,94.57,0.0,0.0,0,0,0.0,58.69,0.0
DEMO_001385,CUST_0321,2025-02-27 16:00:00,Organic,WELCOME10,Electronics,East,0,1,1,0,60,0,187.89,0.0,0.0,0,0,0.0,102.78,0.0
DEMO_001386,CUST_0195,2025-02-27 17:00:00,PPC,RETARGET,Fashion,East,0,1,4,1,119,1,88.26,0.05,4.41,1,0,0.0,59.38,0.0
DEMO_001387,CUST_0466,2025-02-27 18:00:00,Organic,LOYALTY,Fashion,South,0,0,3,1,138,0,109.5,0.0,0.0,0,1,109.5,66.32,43.18
DEMO_001388,CUST_0271,2025-02-27 19:00:00,Email,RETARGET,Sports,East,1,2,8,0,122,0,196.79,0.0,0.0,0,0,0.0,130.65,0.0
DEMO_001389,CUST_0742,2025-02-27 20:00:00,Social,FLASH20,Beauty,West,1,1,5,0,325,0,204.62,0.0,0.0,0,0,0.0,126.37,0.0
DEMO_001390,CUST_0757,2025-02-27 21:00:00,Email,WELCOME10,Home,South,0,0,3,0,133,2,163.78,0.0,0.0,0,1,163.78,100.47,63.31
DEMO_001391,CUST_0254,2025-02-27 22:00:00,Social,RETARGET,Beauty,West,1,1,1,0,241,1,48.33,0.0,0.0,0,0,0.0,24.17,0.0
DEMO_001392,CUST_0441,2025-02-27 23:00:00,Social,FLASH20,Electronics,West,1,5,9,0,462,1,63.14,0.2,12.63,1,0,0.0,34.5,0.0
DEMO_001393,CUST_0819,2025-02-28 00:00:00,Organic,LOYALTY,Beauty,West,1,2,3,0,149,0,153.78,0.0,0.0,0,0,0.0,91.69,0.0
DEMO_001394,CUST_0618,2025-02-28 01:00:00,Direct,SUMMER15,Beauty,East,0,0,3,0,65,1,81.92,0.0,0.0,0,1,81.92,52.47,29.45
DEMO_001395,CUST_0179,2025-02-28 02:00:00,PPC,FLASH20,Fashion,West,0,2,5,0,89,0,115.95,0.15,17.39,1,0,0.0,76.48,0.0
DEMO_001396,CUST_0492,2025-02-28 03:00:00,Direct,FLASH20,Sports,East,0,0,6,0,255,2,123.14,0.1,12.31,1,0,0.0,57.73,0.0
DEMO_001397,CUST_0516,2025-02-28 04:00:00,Social,SUMMER15,Home,West,0,1,6,1,169,2,125.87,0.15,18.88,1,0,0.0,77.34,0.0
DEMO_001398,CUST_0544,2025-02-28 05:00:00,Social,FLASH20,Sports,East,0,0,3,0,59,0,69.75,0.0,0.0,0,0,0.0,35.66,0.0
DEMO_001399,CUST_0020,2025-02-28 06:00:00,Social,LOYALTY,Fashion,West,0,0,4,0,686,1,177.73,0.1,17.77,1,0,0.0,109.0,0.0
DEMO_001400,CUST_0249,2025-02-28 07:00:00,Direct,WELCOME10,Beauty,West,0,1,1,0,340,1,88.59,0.15,13.29,1,0,0.0,46.33,0.0
DEMO_001401,CUST_0711,2025-02-28 08:00:00,Direct,WELCOME10,Electronics,West,0,0,1,1,151,0,146.27,0.0,0.0,0,0,0.0,85.03,0.0
DEMO_001402,CUST_0201,2025-02-28 09:00:00,PPC,RETARGET,Sports,East,1,9,13,1,585,3,102.18,0.15,15.33,1,1,86.85,58.36,28.49
DEMO_001403,CUST_0249,2025-02-28 10:00:00,Social,FLASH20,Beauty,East,1,2,8,1,659,2,266.24,0.15,39.94,1,0,0.0,173.21,0.0
DEMO_001404,CUST_0268,2025-02-28 11:00:00,Social,RETARGET,Beauty,West,0,0,2,0,477,3,215.26,0.15,32.29,1,0,0.0,129.24,0.0
DEMO_001405,CUST_0147,2025-02-28 12:00:00,PPC,LOYALTY,Sports,South,1,2,3,1,202,4,292.72,0.05,14.64,1,1,278.08,148.08,130.0
DEMO_001406,CUST_0129,2025-02-28 13:00:00,Direct,LOYALTY,Beauty,North,0,1,6,0,174,4,235.98,0.0,0.0,0,0,0.0,140.33,0.0
DEMO_001407,CUST_0289,2025-02-28 14:00:00,PPC,RETARGET,Sports,West,0,1,10,1,298,2,105.59,0.1,10.56,1,0,0.0,63.08,0.0
DEMO_001408,CUST_0728,2025-02-28 15:00:00,Organic,LOYALTY,Home,East,1,3,8,1,159,1,88.21,0.0,0.0,0,1,88.21,47.09,41.12
DEMO_001409,CUST_0001,2025-02-28 16:00:00,Email,SUMMER15,Home,South,0,1,5,0,324,1,67.29,0.1,6.73,1,0,0.0,34.35,0.0
DEMO_001410,CUST_0235,2025-02-28 17:00:00,Email,FLASH20,Fashion,East,0,0,4,1,270,1,126.44,0.1,12.64,1,1,113.8,83.35,30.45
DEMO_001411,CUST_0050,2025-02-28 18:00:00,Direct,SUMMER15,Beauty,North,0,0,4,1,369,3,113.4,0.15,17.01,1,1,96.39,55.05,41.34
DEMO_001412,CUST_0467,2025-02-28 19:00:00,PPC,SUMMER15,Fashion,South,0,0,10,1,184,2,110.02,0.0,0.0,0,0,0.0,53.09,0.0
DEMO_001413,CUST_0208,2025-02-28 20:00:00,PPC,LOYALTY,Sports,South,1,3,11,0,210,1,77.24,0.0,0.0,0,0,0.0,45.22,0.0
DEMO_001414,CUST_0659,2025-02-28 21:00:00,PPC,WELCOME10,Sports,South,0,0,4,0,77,2,131.95,0.15,19.79,1,0,0.0,68.74,0.0
DEMO_001415,CUST_0487,2025-02-28 22:00:00,Organic,LOYALTY,Fashion,West,0,0,4,0,126,3,94.46,0.2,18.89,1,1,75.57,53.46,22.11
DEMO_001416,CUST_0652,2025-02-28 23:00:00,Social,FLASH20,Sports,East,0,0,6,0,143,3,90.28,0.1,9.03,1,0,0.0,46.19,0.0
DEMO_001417,CUST_0528,2025-03-01 00:00:00,Direct,SUMMER15,Home,North,0,2,3,0,254,0,120.75,0.0,0.0,0,0,0.0,64.56,0.0
DEMO_001418,CUST_0365,2025-03-01 01:00:00,Email,WELCOME10,Beauty,South,0,0,6,1,357,2,108.31,0.1,10.83,1,0,0.0,58.91,0.0
DEMO_001419,CUST_0717,2025-03-01 02:00:00,Organic,LOYALTY,Home,North,1,1,8,1,136,1,59.04,0.05,2.95,1,0,0.0,34.2,0.0
DEMO_001420,CUST_0396,2025-03-01 03:00:00,Organic,RETARGET,Home,West,1,4,5,0,367,0,78.69,0.0,0.0,0,0,0.0,36.84,0.0
DEMO_001421,CUST_0791,2025-03-01 04:00:00,Organic,LOYALTY,Fashion,South,0,1,6,1,286,0,142.55,0.0,0.0,0,0,0.0,78.32,0.0
DEMO_001422,CUST_0828,2025-03-01 05:00:00,PPC,FLASH20,Home,South,1,0,7,1,317,0,109.78,0.0,0.0,0,0,0.0,66.76,0.0
DEMO_001423,CUST_0490,2025-03-01 06:00:00,PPC,LOYALTY,Sports,South,0,1,8,1,355,0,46.8,0.0,0.0,0,0,0.0,28.69,0.0
DEMO_001424,CUST_0561,2025-03-01 07:00:00,Organic,FLASH20,Fashion,North,0,0,5,0,98,1,153.62,0.0,0.0,0,0,0.0,78.7,0.0
DEMO_001425,CUST_0212,2025-03-01 08:00:00,Organic,SUMMER15,Electronics,West,0,0,5,1,413,2,109.7,0.0,0.0,0,0,0.0,63.08,0.0
DEMO_001426,CUST_0678,2025-03-01 09:00:00,Organic,SUMMER15,Sports,East,0,0,7,0,120,3,69.56,0.2,13.91,1,1,55.65,37.45,18.2
DEMO_001427,CUST_0559,2025-03-01 10:00:00,Organic,SUMMER15,Sports,South,1,1,5,0,169,1,83.01,0.0,0.0,0,1,83.01,38.06,44.95
DEMO_001428,CUST_0751,2025-03-01 11:00:00,Social,RETARGET,Home,South,1,3,5,0,152,1,120.83,0.1,12.08,1,0,0.0,66.37,0.0
DEMO_001429,CUST_0222,2025-03-01 12:00:00,Social,LOYALTY,Home,East,0,0,7,0,536,0,41.52,0.0,0.0,0,0,0.0,25.12,0.0
DEMO_001430,CUST_0656,2025-03-01 13:00:00,PPC,WELCOME10,Beauty,North,0,2,7,0,101,2,135.54,0.0,0.0,0,0,0.0,90.47,0.0
DEMO_001431,CUST_0391,2025-03-01 14:00:00,Social,RETARGET,Fashion,West,1,3,5,0,478,2,174.87,0.0,0.0,0,0,0.0,83.2,0.0
DEMO_001432,CUST_0154,2025-03-01 15:00:00,Direct,WELCOME10,Beauty,East,0,3,5,0,409,1,167.46,0.1,16.75,1,1,150.71,91.82,58.89
DEMO_001433,CUST_0142,2025-03-01 16:00:00,Email,FLASH20,Fashion,North,0,0,2,0,73,0,188.56,0.0,0.0,0,0,0.0,125.67,0.0
DEMO_001434,CUST_0468,2025-03-01 17:00:00,Organic,WELCOME10,Sports,East,1,4,2,0,118,1,78.97,0.15,11.85,1,0,0.0,44.06,0.0
DEMO_001435,CUST_0266,2025-03-01 18:00:00,PPC,SUMMER15,Electronics,West,1,2,4,0,119,2,178.62,0.25,44.66,1,0,0.0,117.1,0.0
DEMO_001436,CUST_0084,2025-03-01 19:00:00,Social,LOYALTY,Sports,North,1,2,2,1,320,2,126.79,0.0,0.0,0,0,0.0,76.95,0.0
DEMO_001437,CUST_0355,2025-03-01 20:00:00,Email,RETARGET,Beauty,East,0,0,10,0,364,1,77.02,0.1,7.7,1,1,69.32,50.0,19.32
DEMO_001438,CUST_0543,2025-03-01 21:00:00,Social,RETARGET,Beauty,East,0,0,3,0,120,2,138.39,0.2,27.68,1,1,110.71,86.41,24.3
DEMO_001439,CUST_0265,2025-03-01 22:00:00,PPC,RETARGET,Sports,West,0,1,3,1,112,3,136.51,0.0,0.0,0,0,0.0,63.7,0.0
DEMO_001440,CUST_0795,2025-03-01 23:00:00,Organic,SUMMER15,Beauty,East,1,3,5,1,320,0,224.36,0.2,44.87,1,0,0.0,140.31,0.0
DEMO_001441,CUST_0649,2025-03-02 00:00:00,Direct,WELCOME10,Home,East,0,0,3,1,245,1,192.24,0.0,0.0,0,0,0.0,92.16,0.0
DEMO_001442,CUST_0427,2025-03-02 01:00:00,PPC,RETARGET,Home,West,0,0,6,1,121,0,82.21,0.0,0.0,0,0,0.0,51.15,0.0
DEMO_001443,CUST_0778,2025-03-02 02:00:00,Direct,RETARGET,Electronics,West,0,2,7,0,249,3,130.75,0.05,6.54,1,0,0.0,71.44,0.0
DEMO_001444,CUST_0360,2025-03-02 03:00:00,Direct,SUMMER15,Beauty,South,1,1,6,0,186,0,130.12,0.0,0.0,0,0,0.0,79.05,0.0
DEMO_001445,CUST_0116,2025-03-02 04:00:00,Direct,WELCOME10,Electronics,East,1,4,8,1,136,0,125.6,0.0,0.0,0,0,0.0,58.27,0.0
DEMO_001446,CUST_0029,2025-03-02 05:00:00,Email,LOYALTY,Beauty,North,1,5,8,1,182,1,97.79,0.0,0.0,0,1,97.79,46.57,51.22
DEMO_001447,CUST_0781,2025-03-02 06:00:00,Social,WELCOME10,Home,West,0,1,8,1,510,0,247.05,0.15,37.06,1,1,209.99,117.23,92.76
DEMO_001448,CUST_0799,2025-03-02 07:00:00,Email,WELCOME10,Sports,West,1,3,5,1,73,1,84.74,0.0,0.0,0,1,84.74,45.45,39.29
DEMO_001449,CUST_0615,2025-03-02 08:00:00,PPC,RETARGET,Sports,South,0,0,1,0,94,2,237.43,0.1,23.74,1,1,213.69,116.11,97.58
DEMO_001450,CUST_0085,2025-03-02 09:00:00,Direct,FLASH20,Sports,East,0,0,7,0,67,1,59.08,0.0,0.0,0,0,0.0,26.69,0.0
DEMO_001451,CUST_0244,2025-03-02 10:00:00,Social,WELCOME10,Home,West,0,1,4,1,205,1,94.48,0.0,0.0,0,1,94.48,61.62,32.86
DEMO_001452,CUST_0034,2025-03-02 11:00:00,Organic,LOYALTY,Sports,North,0,1,4,0,204,1,158.23,0.2,31.65,1,0,0.0,98.56,0.0
DEMO_001453,CUST_0042,2025-03-02 12:00:00,PPC,SUMMER15,Home,East,0,0,2,0,172,0,69.84,0.0,0.0,0,0,0.0,40.56,0.0
DEMO_001454,CUST_0204,2025-03-02 13:00:00,Social,FLASH20,Home,West,1,2,8,0,184,1,80.58,0.2,16.12,1,0,0.0,49.68,0.0
DEMO_001455,CUST_0476,2025-03-02 14:00:00,Social,RETARGET,Sports,West,0,2,4,0,213,1,142.7,0.2,28.54,1,1,114.16,74.14,40.02
DEMO_001456,CUST_0054,2025-03-02 15:00:00,Organic,SUMMER15,Electronics,North,0,1,3,1,181,1,51.53,0.0,0.0,0,0,0.0,31.55,0.0
DEMO_001457,CUST_0820,2025-03-02 16:00:00,Direct,LOYALTY,Fashion,West,1,0,8,1,679,1,184.41,0.0,0.0,0,0,0.0,105.04,0.0
DEMO_001458,CUST_0379,2025-03-02 17:00:00,Email,RETARGET,Sports,West,1,3,5,0,194,2,218.19,0.1,21.82,1,0,0.0,102.64,0.0
DEMO_001459,CUST_0219,2025-03-02 18:00:00,Email,FLASH20,Electronics,North,0,0,7,1,126,4,222.44,0.0,0.0,0,0,0.0,134.1,0.0
DEMO_001460,CUST_0429,2025-03-02 19:00:00,Organic,RETARGET,Electronics,East,1,1,8,1,225,1,129.86,0.1,12.99,1,0,0.0,88.11,0.0
DEMO_001461,CUST_0658,2025-03-02 20:00:00,Direct,FLASH20,Beauty,East,0,1,5,0,271,3,92.53,0.0,0.0,0,0,0.0,47.09,0.0
DEMO_001462,CUST_0260,2025-03-02 21:00:00,PPC,FLASH20,Electronics,West,0,0,1,0,294,2,95.29,0.2,19.06,1,0,0.0,42.98,0.0
DEMO_001463,CUST_0039,2025-03-02 22:00:00,PPC,RETARGET,Fashion,North,1,3,10,1,298,0,127.65,0.0,0.0,0,1,127.65,79.48,48.17
DEMO_001464,CUST_0042,2025-03-02 23:00:00,Email,LOYALTY,Sports,West,1,4,6,0,201,2,118.9,0.0,0.0,0,0,0.0,61.13,0.0
DEMO_001465,CUST_0709,2025-03-03 00:00:00,Direct,RETARGET,Beauty,East,0,0,3,0,98,2,94.53,0.1,9.45,1,0,0.0,51.35,0.0
DEMO_001466,CUST_0092,2025-03-03 01:00:00,Email,LOYALTY,Home,South,0,0,5,0,226,0,228.78,0.0,0.0,0,0,0.0,103.36,0.0
DEMO_001467,CUST_0529,2025-03-03 02:00:00,Organic,LOYALTY,Home,South,0,0,7,1,222,2,100.41,0.1,10.04,1,0,0.0,46.67,0.0
DEMO_001468,CUST_0320,2025-03-03 03:00:00,Direct,SUMMER15,Sports,West,0,5,4,0,116,0,214.17,0.0,0.0,0,0,0.0,131.3,0.0
DEMO_001469,CUST_0647,2025-03-03 04:00:00,Email,SUMMER15,Home,West,1,7,4,0,194,0,117.33,0.0,0.0,0,0,0.0,78.82,0.0
DEMO_001470,CUST_0050,2025-03-03 05:00:00,Organic,RETARGET,Beauty,South,0,0,3,1,354,1,114.1,0.05,5.7,1,0,0.0,66.84,0.0
DEMO_001471,CUST_0747,2025-03-03 06:00:00,Organic,LOYALTY,Fashion,West,1,4,5,1,110,1,141.62,0.1,14.16,1,0,0.0,91.17,0.0
DEMO_001472,CUST_0581,2025-03-03 07:00:00,Social,SUMMER15,Sports,East,0,2,5,0,97,0,140.79,0.0,0.0,0,0,0.0,70.02,0.0
DEMO_001473,CUST_0374,2025-03-03 08:00:00,PPC,SUMMER15,Sports,North,1,1,6,1,330,2,105.1,0.15,15.76,1,0,0.0,48.93,0.0
DEMO_001474,CUST_0172,2025-03-03 09:00:00,PPC,LOYALTY,Home,East,0,0,6,1,133,3,144.62,0.0,0.0,0,1,144.62,76.62,68.0
DEMO_001475,CUST_0813,2025-03-03 10:00:00,Email,WELCOME10,Sports,West,0,0,3,0,352,3,152.84,0.0,0.0,0,0,0.0,76.1,0.0
DEMO_001476,CUST_0251,2025-03-03 11:00:00,Social,WELCOME10,Home,North,0,0,4,0,158,2,236.03,0.0,0.0,0,0,0.0,139.69,0.0
DEMO_001477,CUST_0408,2025-03-03 12:00:00,Social,LOYALTY,Beauty,North,0,0,5,0,246,1,115.83,0.0,0.0,0,0,0.0,77.6,0.0
DEMO_001478,CUST_0328,2025-03-03 13:00:00,Email,SUMMER15,Sports,North,1,1,7,1,324,1,78.93,0.1,7.89,1,1,71.04,39.72,31.32
DEMO_001479,CUST_0192,2025-03-03 14:00:00,PPC,LOYALTY,Beauty,East,1,6,12,1,229,0,82.69,0.0,0.0,0,1,82.69,54.36,28.33
DEMO_001480,CUST_0347,2025-03-03 15:00:00,Direct,FLASH20,Electronics,North,1,4,14,1,419,1,325.57,0.15,48.84,1,0,0.0,186.73,0.0
DEMO_001481,CUST_0126,2025-03-03 16:00:00,Email,RETARGET,Electronics,West,0,1,4,0,198,0,48.14,0.1,4.81,1,0,0.0,22.79,0.0
DEMO_001482,CUST_0001,2025-03-03 17:00:00,PPC,FLASH20,Home,North,1,3,12,1,260,1,65.66,0.0,0.0,0,1,65.66,37.64,28.02
DEMO_001483,CUST_0241,2025-03-03 18:00:00,Organic,RETARGET,Beauty,North,1,3,6,0,72,0,113.49,0.2,22.7,1,1,90.79,63.26,27.53
DEMO_001484,CUST_0093,2025-03-03 19:00:00,PPC,RETARGET,Home,South,1,2,4,0,469,0,85.05,0.1,8.51,1,0,0.0,52.92,0.0
DEMO_001485,CUST_0345,2025-03-03 20:00:00,PPC,SUMMER15,Sports,West,1,2,8,1,355,0,162.14,0.0,0.0,0,1,162.14,100.88,61.26
DEMO_001486,CUST_0718,2025-03-03 21:00:00,Organic,RETARGET,Home,West,1,3,6,0,91,0,155.89,0.0,0.0,0,1,155.89,93.13,62.76
DEMO_001487,CUST_0135,2025-03-03 22:00:00,Email,LOYALTY,Electronics,South,0,0,7,1,123,2,88.18,0.05,4.41,1,0,0.0,53.23,0.0
DEMO_001488,CUST_0001,2025-03-03 23:00:00,Organic,WELCOME10,Sports,East,1,2,4,0,143,0,220.67,0.1,22.07,1,1,198.6,130.12,68.48
DEMO_001489,CUST_0092,2025-03-04 00:00:00,Social,WELCOME10,Electronics,West,0,0,3,1,205,4,68.27,0.1,6.83,1,0,0.0,34.44,0.0
DEMO_001490,CUST_0423,2025-03-04 01:00:00,Organic,SUMMER15,Home,West,0,1,5,0,187,0,80.5,0.05,4.03,1,0,0.0,53.36,0.0
DEMO_001491,CUST_0228,2025-03-04 02:00:00,Email,WELCOME10,Fashion,North,1,3,8,0,356,0,227.6,0.05,11.38,1,0,0.0,113.51,0.0
DEMO_001492,CUST_0407,2025-03-04 03:00:00,Direct,SUMMER15,Beauty,West,0,0,4,1,417,1,62.34,0.1,6.23,1,0,0.0,36.59,0.0
DEMO_001493,CUST_0024,2025-03-04 04:00:00,Email,RETARGET,Beauty,West,0,0,4,0,300,4,131.12,0.2,26.22,1,0,0.0,82.34,0.0
DEMO_001494,CUST_0277,2025-03-04 05:00:00,Social,FLASH20,Beauty,East,0,0,3,0,43,2,227.17,0.2,45.43,1,0,0.0,106.6,0.0
DEMO_001495,CUST_0341,2025-03-04 06:00:00,PPC,WELCOME10,Sports,East,0,0,8,0,432,1,34.83,0.0,0.0,0,0,0.0,19.28,0.0
DEMO_001496,CUST_0359,2025-03-04 07:00:00,Social,FLASH20,Sports,South,1,5,4,0,324,1,96.36,0.0,0.0,0,0,0.0,44.02,0.0
DEMO_001497,CUST_0459,2025-03-04 08:00:00,Email,SUMMER15,Fashion,West,1,3,5,1,309,0,171.81,0.05,8.59,1,1,163.22,86.25,76.97
DEMO_001498,CUST_0650,2025-03-04 09:00:00,Email,RETARGET,Sports,West,0,0,7,0,160,2,99.33,0.15,14.9,1,1,84.43,59.23,25.2
DEMO_001499,CUST_0389,2025-03-04 10:00:00,Organic,WELCOME10,Beauty,East,1,0,9,1,297,1,115.2,0.0,0.0,0,1,115.2,76.04,39.16
DEMO_001500,CUST_0700,2025-03-04 11:00:00,Email,LOYALTY,Sports,East,1,2,7,1,114,1,122.07,0.1,12.21,1,1,109.86,63.47,46.39
DEMO_001501,CUST_0441,2025-03-04 12:00:00,Email,FLASH20,Electronics,South,1,5,8,0,241,1,129.12,0.2,25.82,1,0,0.0,82.9,0.0
DEMO_001502,CUST_0216,2025-03-04 13:00:00,Social,WELCOME10,Beauty,East,0,2,6,1,365,1,78.05,0.0,0.0,0,0,0.0,44.54,0.0
DEMO_001503,CUST_0190,2025-03-04 14:00:00,Social,LOYALTY,Home,North,0,1,4,0,221,2,158.35,0.1,15.84,1,0,0.0,98.97,0.0
DEMO_001504,CUST_0268,2025-03-04 15:00:00,Email,FLASH20,Electronics,West,0,1,7,0,159,1,125.81,0.25,31.45,1,0,0.0,80.06,0.0
DEMO_001505,CUST_0497,2025-03-04 16:00:00,Direct,LOYALTY,Electronics,East,0,2,2,0,375,4,66.97,0.0,0.0,0,0,0.0,39.93,0.0
DEMO_001506,CUST_0201,2025-03-04 17:00:00,Social,LOYALTY,Home,East,1,3,5,1,634,0,90.96,0.15,13.64,1,1,77.32,49.78,27.54
DEMO_001507,CUST_0761,2025-03-04 18:00:00,Direct,LOYALTY,Electronics,North,0,2,5,1,307,2,59.39,0.1,5.94,1,0,0.0,34.7,0.0
DEMO_001508,CUST_0399,2025-03-04 19:00:00,Social,FLASH20,Home,East,1,2,5,0,311,1,123.5,0.15,18.52,1,0,0.0,75.21,0.0
DEMO_001509,CUST_0719,2025-03-04 20:00:00,Social,WELCOME10,Beauty,North,1,3,6,0,182,0,139.88,0.0,0.0,0,0,0.0,90.65,0.0
DEMO_001510,CUST_0569,2025-03-04 21:00:00,Organic,WELCOME10,Beauty,West,0,0,4,0,141,1,123.4,0.0,0.0,0,0,0.0,71.09,0.0
DEMO_001511,CUST_0277,2025-03-04 22:00:00,Organic,FLASH20,Electronics,East,0,0,6,1,376,2,143.66,0.1,14.37,1,0,0.0,93.51,0.0
DEMO_001512,CUST_0190,2025-03-04 23:00:00,Direct,SUMMER15,Home,South,1,3,5,0,507,0,119.11,0.0,0.0,0,0,0.0,64.25,0.0
DEMO_001513,CUST_0619,2025-03-05 00:00:00,Email,LOYALTY,Electronics,West,1,3,5,0,120,0,158.06,0.15,23.71,1,1,134.35,98.73,35.62
DEMO_001514,CUST_0275,2025-03-05 01:00:00,PPC,FLASH20,Beauty,West,0,0,3,0,93,3,105.89,0.1,10.59,1,0,0.0,62.5,0.0
DEMO_001515,CUST_0205,2025-03-05 02:00:00,Email,RETARGET,Home,North,1,2,8,1,184,0,153.82,0.15,23.07,1,1,130.75,71.96,58.79
DEMO_001516,CUST_0775,2025-03-05 03:00:00,Direct,WELCOME10,Fashion,North,1,4,5,0,116,0,62.89,0.25,15.72,1,1,47.17,35.56,11.61
DEMO_001517,CUST_0402,2025-03-05 04:00:00,PPC,SUMMER15,Fashion,South,1,1,4,1,441,0,59.81,0.0,0.0,0,1,59.81,37.42,22.39
DEMO_001518,CUST_0040,2025-03-05 05:00:00,Social,LOYALTY,Electronics,North,0,1,3,0,365,2,116.63,0.0,0.0,0,0,0.0,70.52,0.0
DEMO_001519,CUST_0412,2025-03-05 06:00:00,Direct,WELCOME10,Beauty,East,1,3,6,1,180,1,152.63,0.0,0.0,0,0,0.0,88.47,0.0
DEMO_001520,CUST_0383,2025-03-05 07:00:00,Direct,SUMMER15,Beauty,East,1,1,7,1,263,3,99.03,0.15,14.85,1,1,84.18,62.62,21.56
DEMO_001521,CUST_0719,2025-03-05 08:00:00,Email,LOYALTY,Home,East,0,2,6,0,94,1,149.48,0.2,29.9,1,0,0.0,98.32,0.0
DEMO_001522,CUST_0592,2025-03-05 09:00:00,Social,FLASH20,Beauty,North,1,2,4,0,177,0,128.95,0.0,0.0,0,0,0.0,62.28,0.0
DEMO_001523,CUST_0159,2025-03-05 10:00:00,Direct,LOYALTY,Electronics,West,1,3,6,0,91,2,44.61,0.0,0.0,0,0,0.0,22.69,0.0
DEMO_001524,CUST_0125,2025-03-05 11:00:00,Email,FLASH20,Sports,West,0,1,3,1,210,1,319.1,0.25,79.78,1,0,0.0,216.17,0.0
DEMO_001525,CUST_0502,2025-03-05 12:00:00,Social,RETARGET,Electronics,East,1,1,3,0,93,1,63.66,0.0,0.0,0,0,0.0,32.19,0.0
DEMO_001526,CUST_0039,2025-03-05 13:00:00,PPC,RETARGET,Home,North,0,2,3,0,373,0,73.32,0.2,14.66,1,1,58.66,46.95,11.71
DEMO_001527,CUST_0265,2025-03-05 14:00:00,Organic,RETARGET,Electronics,South,1,2,11,0,218,0,188.16,0.0,0.0,0,0,0.0,107.7,0.0
DEMO_001528,CUST_0115,2025-03-05 15:00:00,Organic,WELCOME10,Sports,East,1,3,5,0,238,1,113.17,0.0,0.0,0,0,0.0,60.95,0.0
DEMO_001529,CUST_0017,2025-03-05 16:00:00,PPC,FLASH20,Sports,East,0,2,6,1,169,5,79.4,0.05,3.97,1,1,75.43,49.01,26.42
DEMO_001530,CUST_0765,2025-03-05 17:00:00,Email,WELCOME10,Fashion,North,0,1,6,0,147,1,90.8,0.1,9.08,1,1,81.72,56.59,25.13
DEMO_001531,CUST_0074,2025-03-05 18:00:00,Email,SUMMER15,Home,West,0,0,5,0,207,1,75.47,0.15,11.32,1,0,0.0,38.68,0.0
DEMO_001532,CUST_0007,2025-03-05 19:00:00,Email,SUMMER15,Fashion,West,1,5,10,1,555,1,78.25,0.0,0.0,0,1,78.25,35.41,42.84
DEMO_001533,CUST_0777,2025-03-05 20:00:00,Organic,LOYALTY,Sports,East,0,1,6,0,193,4,160.0,0.15,24.0,1,0,0.0,100.64,0.0
DEMO_001534,CUST_0156,2025-03-05 21:00:00,PPC,FLASH20,Electronics,South,1,0,9,0,412,0,89.64,0.0,0.0,0,1,89.64,54.55,35.09
DEMO_001535,CUST_0680,2025-03-05 22:00:00,Email,RETARGET,Sports,East,0,0,5,1,204,2,69.35,0.15,10.4,1,0,0.0,33.13,0.0
DEMO_001536,CUST_0026,2025-03-05 23:00:00,Social,SUMMER15,Home,North,0,1,9,1,249,2,79.68,0.0,0.0,0,0,0.0,36.53,0.0
DEMO_001537,CUST_0127,2025-03-06 00:00:00,Social,LOYALTY,Home,East,1,2,11,1,408,2,104.59,0.0,0.0,0,0,0.0,62.96,0.0
DEMO_001538,CUST_0092,2025-03-06 01:00:00,Organic,LOYALTY,Electronics,North,1,5,5,0,291,1,80.07,0.0,0.0,0,0,0.0,47.1,0.0
DEMO_001539,CUST_0588,2025-03-06 02:00:00,Direct,RETARGET,Sports,North,0,1,4,0,115,2,97.65,0.0,0.0,0,0,0.0,61.08,0.0
DEMO_001540,CUST_0516,2025-03-06 03:00:00,PPC,SUMMER15,Home,East,0,0,1,0,241,4,131.19,0.0,0.0,0,0,0.0,85.38,0.0
DEMO_001541,CUST_0396,2025-03-06 04:00:00,Social,LOYALTY,Sports,East,0,0,3,0,250,1,90.34,0.25,22.58,1,0,0.0,54.45,0.0
DEMO_001542,CUST_0201,2025-03-06 05:00:00,Email,WELCOME10,Sports,West,0,2,7,1,324,0,76.18,0.0,0.0,0,0,0.0,45.42,0.0
DEMO_001543,CUST_0074,2025-03-06 06:00:00,Social,FLASH20,Beauty,East,0,1,4,0,121,0,81.98,0.0,0.0,0,0,0.0,46.71,0.0
DEMO_001544,CUST_0474,2025-03-06 07:00:00,Direct,FLASH20,Sports,West,1,9,1,0,82,1,209.86,0.2,41.97,1,0,0.0,121.77,0.0
DEMO_001545,CUST_0192,2025-03-06 08:00:00,Direct,RETARGET,Sports,West,0,0,3,0,426,2,298.49,0.0,0.0,0,0,0.0,201.19,0.0
DEMO_001546,CUST_0491,2025-03-06 09:00:00,Organic,LOYALTY,Electronics,South,0,0,2,0,590,1,114.52,0.0,0.0,0,0,0.0,52.76,0.0
DEMO_001547,CUST_0572,2025-03-06 10:00:00,Organic,RETARGET,Sports,West,0,1,4,0,270,0,155.43,0.0,0.0,0,0,0.0,89.38,0.0
DEMO_001548,CUST_0707,2025-03-06 11:00:00,PPC,RETARGET,Fashion,South,0,1,7,0,149,1,73.48,0.2,14.7,1,0,0.0,37.25,0.0
DEMO_001549,CUST_0411,2025-03-06 12:00:00,Social,FLASH20,Electronics,East,1,3,5,1,440,0,86.01,0.25,21.5,1,0,0.0,53.05,0.0
DEMO_001550,CUST_0003,2025-03-06 13:00:00,Social,LOYALTY,Electronics,North,0,2,7,1,156,0,137.34,0.05,6.87,1,0,0.0,85.45,0.0
DEMO_001551,CUST_0233,2025-03-06 14:00:00,Direct,WELCOME10,Electronics,North,0,0,2,1,162,2,38.72,0.15,5.81,1,1,32.91,19.79,13.12
DEMO_001552,CUST_0710,2025-03-06 15:00:00,Organic,FLASH20,Beauty,East,1,2,8,0,443,0,158.81,0.0,0.0,0,0,0.0,99.17,0.0
DEMO_001553,CUST_0444,2025-03-06 16:00:00,Email,WELCOME10,Home,South,1,5,10,1,611,2,87.0,0.0,0.0,0,1,87.0,52.04,34.96
DEMO_001554,CUST_0515,2025-03-06 17:00:00,Organic,LOYALTY,Home,East,1,5,5,0,138,0,69.06,0.2,13.81,1,0,0.0,46.11,0.0
DEMO_001555,CUST_0381,2025-03-06 18:00:00,Email,RETARGET,Home,North,1,3,6,1,169,0,133.58,0.1,13.36,1,1,120.22,85.17,35.05
DEMO_001556,CUST_0135,2025-03-06 19:00:00,PPC,LOYALTY,Fashion,South,1,1,9,1,245,0,214.67,0.2,42.93,1,0,0.0,134.71,0.0
DEMO_001557,CUST_0746,2025-03-06 20:00:00,PPC,RETARGET,Electronics,East,1,4,4,0,99,3,97.43,0.15,14.61,1,0,0.0,46.99,0.0
DEMO_001558,CUST_0643,2025-03-06 21:00:00,Social,SUMMER15,Home,East,1,3,4,0,73,3,127.93,0.1,12.79,1,0,0.0,86.6,0.0
DEMO_001559,CUST_0828,2025-03-06 22:00:00,Email,RETARGET,Sports,West,0,0,3,0,75,1,137.57,0.25,34.39,1,0,0.0,87.1,0.0
DEMO_001560,CUST_0712,2025-03-06 23:00:00,Email,FLASH20,Beauty,West,1,4,7,0,237,1,124.96,0.0,0.0,0,0,0.0,80.45,0.0
DEMO_001561,CUST_0242,2025-03-07 00:00:00,Email,LOYALTY,Electronics,West,1,0,11,0,188,3,71.63,0.15,10.74,1,0,0.0,44.62,0.0
DEMO_001562,CUST_0211,2025-03-07 01:00:00,Direct,LOYALTY,Sports,North,1,0,8,0,356,1,124.04,0.0,0.0,0,0,0.0,80.2,0.0
DEMO_001563,CUST_0206,2025-03-07 02:00:00,Social,LOYALTY,Sports,East,0,0,4,0,444,4,121.86,0.15,18.28,1,1,103.58,71.9,31.68
DEMO_001564,CUST_0765,2025-03-07 03:00:00,Email,SUMMER15,Sports,North,1,3,5,1,314,1,32.84,0.15,4.93,1,0,0.0,14.88,0.0
DEMO_001565,CUST_0463,2025-03-07 04:00:00,Email,LOYALTY,Beauty,South,0,0,2,0,99,3,164.99,0.1,16.5,1,0,0.0,91.83,0.0
DEMO_001566,CUST_0378,2025-03-07 05:00:00,Organic,LOYALTY,Fashion,North,1,4,9,0,45,0,57.02,0.0,0.0,0,1,57.02,28.92,28.1
DEMO_001567,CUST_0806,2025-03-07 06:00:00,PPC,RETARGET,Beauty,South,0,2,8,1,207,1,118.83,0.15,17.82,1,1,101.01,61.98,39.03
DEMO_001568,CUST_0502,2025-03-07 07:00:00,Organic,FLASH20,Sports,North,1,1,9,1,194,1,222.07,0.15,33.31,1,0,0.0,114.01,0.0
DEMO_001569,CUST_0757,2025-03-07 08:00:00,PPC,FLASH20,Fashion,East,1,1,7,0,103,0,100.51,0.0,0.0,0,0,0.0,59.82,0.0
DEMO_001570,CUST_0820,2025-03-07 09:00:00,Direct,FLASH20,Electronics,North,0,0,4,1,309,2,70.05,0.1,7.0,1,0,0.0,44.22,0.0
DEMO_001571,CUST_0066,2025-03-07 10:00:00,PPC,WELCOME10,Beauty,East,0,2,8,1,321,0,144.26,0.0,0.0,0,1,144.26,93.77,50.49
DEMO_001572,CUST_0301,2025-03-07 11:00:00,Social,WELCOME10,Home,East,0,1,4,0,232,0,210.79,0.2,42.16,1,0,0.0,137.23,0.0
DEMO_001573,CUST_0611,2025-03-07 12:00:00,Email,WELCOME10,Sports,North,1,2,10,1,627,0,68.11,0.05,3.41,1,1,64.7,30.97,33.73
DEMO_001574,CUST_0677,2025-03-07 13:00:00,Direct,LOYALTY,Sports,North,1,2,9,0,77,0,38.79,0.2,7.76,1,0,0.0,24.18,0.0
DEMO_001575,CUST_0123,2025-03-07 14:00:00,Direct,FLASH20,Sports,West,1,1,10,1,213,1,190.99,0.2,38.2,1,0,0.0,126.8,0.0
DEMO_001576,CUST_0265,2025-03-07 15:00:00,Social,RETARGET,Sports,East,0,3,3,0,193,0,164.74,0.0,0.0,0,1,164.74,103.45,61.29
DEMO_001577,CUST_0456,2025-03-07 16:00:00,Organic,LOYALTY,Home,South,1,3,8,1,199,1,133.38,0.05,6.67,1,0,0.0,63.59,0.0
DEMO_001578,CUST_0665,2025-03-07 17:00:00,Email,WELCOME10,Sports,West,1,4,9,0,137,1,49.9,0.0,0.0,0,1,49.9,33.44,16.46
DEMO_001579,CUST_0094,2025-03-07 18:00:00,Social,WELCOME10,Sports,North,0,0,5,1,347,3,146.78,0.0,0.0,0,1,146.78,83.0,63.78
DEMO_001580,CUST_0500,2025-03-07 19:00:00,Social,SUMMER15,Fashion,West,0,0,5,1,172,0,178.59,0.1,17.86,1,1,160.73,103.95,56.78
DEMO_001581,CUST_0246,2025-03-07 20:00:00,Email,RETARGET,Home,North,0,1,5,1,158,0,296.01,0.15,44.4,1,0,0.0,152.47,0.0
DEMO_001582,CUST_0180,2025-03-07 21:00:00,PPC,WELCOME10,Sports,East,0,2,4,0,270,3,98.82,0.15,14.82,1,0,0.0,63.71,0.0
DEMO_001583,CUST_0429,2025-03-07 22:00:00,Organic,WELCOME10,Beauty,North,0,0,5,0,265,0,120.49,0.15,18.07,1,0,0.0,78.53,0.0
DEMO_001584,CUST_0344,2025-03-07 23:00:00,Social,WELCOME10,Home,North,0,0,5,0,69,2,42.58,0.0,0.0,0,1,42.58,27.15,15.43
DEMO_001585,CUST_0529,2025-03-08 00:00:00,Social,FLASH20,Electronics,South,0,1,8,1,409,1,173.43,0.15,26.01,1,0,0.0,86.31,0.0
DEMO_001586,CUST_0264,2025-03-08 01:00:00,Organic,RETARGET,Beauty,North,0,0,5,1,573,2,171.55,0.2,34.31,1,0,0.0,82.22,0.0
DEMO_001587,CUST_0685,2025-03-08 02:00:00,Organic,LOYALTY,Beauty,South,0,0,3,0,54,2,134.52,0.0,0.0,0,0,0.0,90.74,0.0
DEMO_001588,CUST_0065,2025-03-08 03:00:00,PPC,FLASH20,Beauty,North,1,0,4,1,349,2,191.41,0.2,38.28,1,0,0.0,124.54,0.0
DEMO_001589,CUST_0717,2025-03-08 04:00:00,PPC,WELCOME10,Sports,North,0,0,2,0,225,2,78.9,0.0,0.0,0,0,0.0,51.05,0.0
DEMO_001590,CUST_0024,2025-03-08 05:00:00,Email,SUMMER15,Home,West,0,1,3,0,211,2,101.68,0.0,0.0,0,0,0.0,63.99,0.0
DEMO_001591,CUST_0613,2025-03-08 06:00:00,Social,FLASH20,Beauty,West,1,2,2,0,372,0,103.48,0.2,20.7,1,0,0.0,49.1,0.0
DEMO_001592,CUST_0288,2025-03-08 07:00:00,PPC,SUMMER15,Home,West,1,3,11,1,272,0,183.95,0.25,45.99,1,0,0.0,104.55,0.0
DEMO_001593,CUST_0319,2025-03-08 08:00:00,PPC,LOYALTY,Home,North,0,2,5,0,217,3,185.81,0.0,0.0,0,0,0.0,88.55,0.0
DEMO_001594,CUST_0015,2025-03-08 09:00:00,PPC,RETARGET,Fashion,South,0,0,6,1,194,0,129.41,0.1,12.94,1,1,116.47,70.81,45.66
DEMO_001595,CUST_0584,2025-03-08 10:00:00,Email,SUMMER15,Home,South,0,1,8,1,432,1,126.39,0.0,0.0,0,0,0.0,61.57,0.0
DEMO_001596,CUST_0137,2025-03-08 11:00:00,Organic,SUMMER15,Sports,South,1,1,5,0,67,0,143.73,0.0,0.0,0,0,0.0,80.53,0.0
DEMO_001597,CUST_0549,2025-03-08 12:00:00,Email,WELCOME10,Fashion,South,0,0,5,0,330,1,96.41,0.1,9.64,1,0,0.0,58.28,0.0
DEMO_001598,CUST_0604,2025-03-08 13:00:00,Email,LOYALTY,Home,East,0,1,2,1,168,2,207.01,0.15,31.05,1,0,0.0,133.2,0.0
DEMO_001599,CUST_0704,2025-03-08 14:00:00,Social,FLASH20,Fashion,South,1,1,9,1,238,1,91.53,0.0,0.0,0,0,0.0,42.89,0.0
DEMO_001600,CUST_0589,2025-03-08 15:00:00,PPC,SUMMER15,Electronics,South,1,4,8,1,150,0,136.09,0.15,20.41,1,1,115.68,89.16,26.52
DEMO_001601,CUST_0251,2025-03-08 16:00:00,PPC,SUMMER15,Sports,West,0,0,4,0,155,2,85.77,0.1,8.58,1,0,0.0,42.34,0.0
DEMO_001602,CUST_0615,2025-03-08 17:00:00,PPC,WELCOME10,Fashion,West,0,0,7,0,111,4,171.76,0.15,25.76,1,0,0.0,114.56,0.0
DEMO_001603,CUST_0688,2025-03-08 18:00:00,Social,FLASH20,Home,South,0,0,1,1,214,1,107.25,0.1,10.73,1,1,96.52,60.15,36.37
DEMO_001604,CUST_0264,2025-03-08 19:00:00,PPC,LOYALTY,Home,North,1,4,10,1,394,1,284.28,0.05,14.21,1,1,270.07,131.64,138.43
DEMO_001605,CUST_0103,2025-03-08 20:00:00,Social,SUMMER15,Home,East,1,6,9,0,142,3,105.96,0.2,21.19,1,0,0.0,66.96,0.0
DEMO_001606,CUST_0741,2025-03-08 21:00:00,Direct,WELCOME10,Home,South,1,4,12,0,60,1,171.03,0.0,0.0,0,1,171.03,78.82,92.21
DEMO_001607,CUST_0123,2025-03-08 22:00:00,Social,FLASH20,Home,West,0,0,7,1,308,2,84.46,0.1,8.45,1,1,76.01,50.2,25.81
DEMO_001608,CUST_0494,2025-03-08 23:00:00,PPC,LOYALTY,Fashion,South,0,1,3,1,182,6,97.68,0.15,14.65,1,0,0.0,61.86,0.0
DEMO_001609,CUST_0196,2025-03-09 00:00:00,Social,SUMMER15,Home,North,1,1,3,1,161,0,110.07,0.1,11.01,1,0,0.0,61.25,0.0
DEMO_001610,CUST_0104,2025-03-09 01:00:00,PPC,SUMMER15,Fashion,North,0,0,7,0,198,2,131.38,0.0,0.0,0,0,0.0,79.7,0.0
DEMO_001611,CUST_0646,2025-03-09 02:00:00,PPC,WELCOME10,Electronics,North,1,4,10,1,81,0,80.16,0.15,12.02,1,1,68.14,46.63,21.51
DEMO_001612,CUST_0119,2025-03-09 03:00:00,Organic,LOYALTY,Home,South,0,1,3,0,137,1,86.76,0.0,0.0,0,0,0.0,40.45,0.0
DEMO_001613,CUST_0558,2025-03-09 04:00:00,PPC,RETARGET,Sports,South,0,3,5,0,388,2,116.77,0.1,11.68,1,0,0.0,71.17,0.0
DEMO_001614,CUST_0577,2025-03-09 05:00:00,Email,LOYALTY,Home,West,0,0,6,0,249,0,134.21,0.0,0.0,0,0,0.0,89.8,0.0
DEMO_001615,CUST_0050,2025-03-09 06:00:00,PPC,FLASH20,Home,West,0,1,4,0,191,2,110.35,0.15,16.55,1,1,93.8,58.36,35.44
DEMO_001616,CUST_0144,2025-03-09 07:00:00,Email,LOYALTY,Sports,North,1,3,5,0,180,2,103.47,0.2,20.69,1,1,82.78,49.56,33.22
DEMO_001617,CUST_0661,2025-03-09 08:00:00,PPC,SUMMER15,Electronics,West,0,0,9,0,344,3,61.72,0.15,9.26,1,0,0.0,31.41,0.0
DEMO_001618,CUST_0422,2025-03-09 09:00:00,Organic,WELCOME10,Beauty,East,1,1,11,0,132,0,140.5,0.0,0.0,0,1,140.5,83.76,56.74
DEMO_001619,CUST_0101,2025-03-09 10:00:00,Direct,SUMMER15,Electronics,South,1,8,6,0,159,1,163.91,0.0,0.0,0,0,0.0,110.83,0.0
DEMO_001620,CUST_0826,2025-03-09 11:00:00,Email,LOYALTY,Home,South,1,2,8,0,33,0,172.87,0.0,0.0,0,1,172.87,110.07,62.8
DEMO_001621,CUST_0220,2025-03-09 12:00:00,Organic,LOYALTY,Sports,South,1,2,11,1,231,0,120.01,0.0,0.0,0,1,120.01,75.56,44.45
DEMO_001622,CUST_0003,2025-03-09 13:00:00,PPC,RETARGET,Fashion,North,1,6,9,1,307,2,85.5,0.0,0.0,0,0,0.0,45.56,0.0
DEMO_001623,CUST_0769,2025-03-09 14:00:00,Email,RETARGET,Home,West,1,1,3,1,190,0,97.05,0.2,19.41,1,0,0.0,57.29,0.0
DEMO_001624,CUST_0013,2025-03-09 15:00:00,PPC,SUMMER15,Beauty,North,0,1,6,0,237,1,120.23,0.15,18.03,1,0,0.0,65.28,0.0
DEMO_001625,CUST_0460,2025-03-09 16:00:00,Email,WELCOME10,Home,North,1,4,7,1,209,1,111.23,0.0,0.0,0,1,111.23,51.56,59.67
DEMO_001626,CUST_0827,2025-03-09 17:00:00,Email,SUMMER15,Home,South,1,3,7,0,243,2,76.68,0.15,11.5,1,1,65.18,43.17,22.01
DEMO_001627,CUST_0481,2025-03-09 18:00:00,PPC,RETARGET,Fashion,North,0,1,1,1,256,0,52.61,0.0,0.0,0,0,0.0,30.3,0.0
DEMO_001628,CUST_0487,2025-03-09 19:00:00,PPC,RETARGET,Home,North,1,2,4,1,168,0,87.35,0.1,8.74,1,1,78.61,56.34,22.27
DEMO_001629,CUST_0323,2025-03-09 20:00:00,Organic,WELCOME10,Fashion,South,0,1,2,0,161,0,99.03,0.15,14.85,1,0,0.0,61.95,0.0
DEMO_001630,CUST_0105,2025-03-09 21:00:00,Email,WELCOME10,Fashion,South,1,3,7,1,232,0,128.91,0.0,0.0,0,1,128.91,71.47,57.44
DEMO_001631,CUST_0477,2025-03-09 22:00:00,Email,FLASH20,Home,North,0,0,7,1,229,4,93.28,0.1,9.33,1,0,0.0,52.65,0.0
DEMO_001632,CUST_0747,2025-03-09 23:00:00,Email,LOYALTY,Home,West,1,5,8,1,497,2,100.17,0.1,10.02,1,1,90.15,63.34,26.81
DEMO_001633,CUST_0075,2025-03-10 00:00:00,Organic,RETARGET,Electronics,West,0,1,6,1,226,0,117.95,0.0,0.0,0,0,0.0,60.92,0.0
DEMO_001634,CUST_0733,2025-03-10 01:00:00,PPC,LOYALTY,Electronics,East,1,3,5,0,392,1,227.01,0.2,45.4,1,0,0.0,120.95,0.0
DEMO_001635,CUST_0345,2025-03-10 02:00:00,Organic,SUMMER15,Fashion,East,0,2,4,1,147,2,104.08,0.1,10.41,1,1,93.67,68.47,25.2
DEMO_001636,CUST_0446,2025-03-10 03:00:00,Email,WELCOME10,Electronics,West,1,6,7,1,288,0,55.87,0.15,8.38,1,1,47.49,34.91,12.58
DEMO_001637,CUST_0137,2025-03-10 04:00:00,Email,LOYALTY,Electronics,South,0,1,2,0,298,1,82.43,0.25,20.61,1,0,0.0,54.98,0.0
DEMO_001638,CUST_0517,2025-03-10 05:00:00,Direct,FLASH20,Electronics,South,1,3,10,1,118,0,253.05,0.0,0.0,0,0,0.0,165.02,0.0
DEMO_001639,CUST_0151,2025-03-10 06:00:00,Email,RETARGET,Electronics,North,0,0,6,0,261,4,213.87,0.1,21.39,1,1,192.48,133.75,58.73
DEMO_001640,CUST_0227,2025-03-10 07:00:00,Email,FLASH20,Fashion,East,0,1,8,1,91,0,171.2,0.25,42.8,1,0,0.0,87.33,0.0
DEMO_001641,CUST_0601,2025-03-10 08:00:00,Email,FLASH20,Fashion,North,0,0,4,1,179,0,153.81,0.2,30.76,1,0,0.0,87.65,0.0
DEMO_001642,CUST_0042,2025-03-10 09:00:00,Direct,SUMMER15,Home,East,1,3,7,0,195,1,154.6,0.1,15.46,1,1,139.14,84.39,54.75
DEMO_001643,CUST_0372,2025-03-10 10:00:00,Organic,WELCOME10,Electronics,West,0,1,5,1,501,3,100.73,0.05,5.04,1,0,0.0,54.37,0.0
DEMO_001644,CUST_0495,2025-03-10 11:00:00,Organic,RETARGET,Sports,North,1,2,8,1,312,2,165.72,0.15,24.86,1,1,140.86,104.27,36.59
DEMO_001645,CUST_0109,2025-03-10 12:00:00,Direct,RETARGET,Fashion,East,0,1,10,0,126,1,168.64,0.2,33.73,1,1,134.91,90.92,43.99
DEMO_001646,CUST_0245,2025-03-10 13:00:00,Email,WELCOME10,Home,South,1,3,6,1,390,0,164.02,0.15,24.6,1,0,0.0,79.38,0.0
DEMO_001647,CUST_0286,2025-03-10 14:00:00,Direct,LOYALTY,Beauty,South,0,2,10,1,113,3,85.68,0.2,17.14,1,1,68.54,45.42,23.12
DEMO_001648,CUST_0552,2025-03-10 15:00:00,Email,SUMMER15,Beauty,East,0,1,9,0,81,0,96.92,0.1,9.69,1,1,87.23,61.61,25.62
DEMO_001649,CUST_0813,2025-03-10 16:00:00,Organic,FLASH20,Fashion,North,0,1,6,1,100,1,84.03,0.15,12.6,1,0,0.0,47.63,0.0
DEMO_001650,CUST_0696,2025-03-10 17:00:00,PPC,RETARGET,Electronics,West,0,1,9,0,236,2,175.67,0.05,8.78,1,0,0.0,79.56,0.0
DEMO_001651,CUST_0158,2025-03-10 18:00:00,PPC,RETARGET,Fashion,South,0,1,5,1,188,1,128.56,0.0,0.0,0,0,0.0,76.28,0.0
DEMO_001652,CUST_0015,2025-03-10 19:00:00,Direct,WELCOME10,Beauty,South,0,1,6,0,200,1,133.82,0.0,0.0,0,0,0.0,65.6,0.0
DEMO_001653,CUST_0043,2025-03-10 20:00:00,Email,SUMMER15,Fashion,West,0,0,3,0,80,1,145.33,0.0,0.0,0,0,0.0,69.0,0.0
DEMO_001654,CUST_0496,2025-03-10 21:00:00,Direct,RETARGET,Home,North,1,2,7,1,410,1,59.42,0.0,0.0,0,1,59.42,30.9,28.52
DEMO_001655,CUST_0130,2025-03-10 22:00:00,PPC,RETARGET,Home,South,0,2,5,0,340,4,166.81,0.1,16.68,1,0,0.0,104.61,0.0
DEMO_001656,CUST_0192,2025-03-10 23:00:00,Organic,WELCOME10,Electronics,West,1,4,3,0,66,1,87.94,0.1,8.79,1,0,0.0,40.59,0.0
DEMO_001657,CUST_0705,2025-03-11 00:00:00,Direct,RETARGET,Electronics,South,0,0,3,0,95,2,91.61,0.0,0.0,0,0,0.0,45.59,0.0
DEMO_001658,CUST_0727,2025-03-11 01:00:00,Email,FLASH20,Fashion,North,0,0,3,0,394,1,77.01,0.0,0.0,0,0,0.0,38.25,0.0
DEMO_001659,CUST_0698,2025-03-11 02:00:00,Direct,FLASH20,Fashion,South,0,0,4,0,136,2,116.28,0.25,29.07,1,1,87.21,74.33,12.88
DEMO_001660,CUST_0211,2025-03-11 03:00:00,Organic,WELCOME10,Home,West,0,1,6,1,133,0,108.85,0.1,10.88,1,0,0.0,55.25,0.0
DEMO_001661,CUST_0516,2025-03-11 04:00:00,Social,LOYALTY,Electronics,West,0,1,7,0,214,2,59.98,0.1,6.0,1,0,0.0,34.98,0.0
DEMO_001662,CUST_0508,2025-03-11 05:00:00,Email,LOYALTY,Home,West,1,0,7,1,192,1,50.14,0.0,0.0,0,0,0.0,24.02,0.0
DEMO_001663,CUST_0154,2025-03-11 06:00:00,Organic,LOYALTY,Sports,South,1,3,6,0,80,0,102.4,0.0,0.0,0,1,102.4,64.71,37.69
DEMO_001664,CUST_0461,2025-03-11 07:00:00,Social,LOYALTY,Electronics,West,1,6,7,0,460,2,161.79,0.0,0.0,0,1,161.79,82.51,79.28
DEMO_001665,CUST_0437,2025-03-11 08:00:00,PPC,RETARGET,Sports,South,0,0,1,0,49,2,154.91,0.0,0.0,0,0,0.0,86.14,0.0
DEMO_001666,CUST_0330,2025-03-11 09:00:00,Email,RETARGET,Electronics,West,0,3,7,1,220,0,175.96,0.0,0.0,0,1,175.96,92.62,83.34
DEMO_001667,CUST_0626,2025-03-11 10:00:00,PPC,LOYALTY,Electronics,West,1,6,6,1,352,0,102.62,0.15,15.39,1,0,0.0,61.7,0.0
DEMO_001668,CUST_0564,2025-03-11 11:00:00,Direct,RETARGET,Home,North,0,2,4,0,375,1,95.66,0.0,0.0,0,0,0.0,48.73,0.0
DEMO_001669,CUST_0443,2025-03-11 12:00:00,Email,LOYALTY,Home,West,0,0,5,0,265,1,106.7,0.0,0.0,0,1,106.7,48.03,58.67
DEMO_001670,CUST_0604,2025-03-11 13:00:00,Social,LOYALTY,Fashion,East,0,0,2,1,363,1,161.1,0.2,32.22,1,1,128.88,91.97,36.91
DEMO_001671,CUST_0635,2025-03-11 14:00:00,Direct,FLASH20,Electronics,East,0,0,5,0,284,2,231.75,0.15,34.76,1,0,0.0,156.25,0.0
DEMO_001672,CUST_0472,2025-03-11 15:00:00,Email,LOYALTY,Beauty,West,1,2,7,0,195,0,91.18,0.0,0.0,0,0,0.0,58.46,0.0
DEMO_001673,CUST_0222,2025-03-11 16:00:00,Email,WELCOME10,Sports,North,0,1,4,0,109,2,99.52,0.15,14.93,1,1,84.59,67.51,17.08
DEMO_001674,CUST_0631,2025-03-11 17:00:00,Social,FLASH20,Sports,East,0,0,5,0,147,1,113.74,0.25,28.44,1,0,0.0,62.82,0.0
DEMO_001675,CUST_0597,2025-03-11 18:00:00,Email,FLASH20,Sports,North,1,2,5,0,91,1,99.55,0.1,9.96,1,0,0.0,57.8,0.0
DEMO_001676,CUST_0819,2025-03-11 19:00:00,Organic,RETARGET,Fashion,South,1,2,3,0,205,0,86.37,0.0,0.0,0,0,0.0,54.71,0.0
DEMO_001677,CUST_0124,2025-03-11 20:00:00,Social,WELCOME10,Sports,North,0,2,8,0,108,2,106.0,0.1,10.6,1,0,0.0,55.92,0.0
DEMO_001678,CUST_0349,2025-03-11 21:00:00,Organic,LOYALTY,Fashion,North,0,0,5,1,223,0,78.59,0.15,11.79,1,0,0.0,37.41,0.0
DEMO_001679,CUST_0769,2025-03-11 22:00:00,PPC,WELCOME10,Beauty,West,1,2,1,0,162,0,155.48,0.15,23.32,1,0,0.0,76.0,0.0
DEMO_001680,CUST_0428,2025-03-11 23:00:00,Social,RETARGET,Beauty,South,0,0,7,1,277,3,217.72,0.15,32.66,1,1,185.06,146.17,38.89
DEMO_001681,CUST_0785,2025-03-12 00:00:00,Organic,RETARGET,Electronics,South,0,3,3,1,223,1,98.71,0.05,4.94,1,1,93.77,62.36,31.41
DEMO_001682,CUST_0010,2025-03-12 01:00:00,Email,SUMMER15,Electronics,South,0,0,6,0,183,1,237.08,0.15,35.56,1,0,0.0,122.44,0.0
DEMO_001683,CUST_0029,2025-03-12 02:00:00,Organic,RETARGET,Sports,East,0,1,4,1,123,0,106.85,0.1,10.68,1,0,0.0,67.27,0.0
DEMO_001684,CUST_0663,2025-03-12 03:00:00,Direct,FLASH20,Electronics,East,1,1,4,0,127,2,81.95,0.15,12.29,1,0,0.0,50.16,0.0
DEMO_001685,CUST_0298,2025-03-12 04:00:00,Social,RETARGET,Home,East,1,4,7,0,20,1,152.76,0.0,0.0,0,0,0.0,85.23,0.0
DEMO_001686,CUST_0433,2025-03-12 05:00:00,Organic,LOYALTY,Electronics,West,1,6,8,0,258,2,74.0,0.0,0.0,0,0,0.0,33.69,0.0
DEMO_001687,CUST_0356,2025-03-12 06:00:00,PPC,WELCOME10,Home,South,1,3,7,1,206,1,148.53,0.0,0.0,0,1,148.53,91.71,56.82
DEMO_001688,CUST_0339,2025-03-12 07:00:00,Email,SUMMER15,Fashion,West,1,1,5,0,142,0,125.75,0.0,0.0,0,0,0.0,64.99,0.0
DEMO_001689,CUST_0782,2025-03-12 08:00:00,PPC,FLASH20,Beauty,West,1,2,6,1,259,1,93.54,0.15,14.03,1,0,0.0,47.94,0.0
DEMO_001690,CUST_0078,2025-03-12 09:00:00,Email,SUMMER15,Fashion,East,1,4,7,1,241,0,89.19,0.1,8.92,1,0,0.0,50.93,0.0
DEMO_001691,CUST_0643,2025-03-12 10:00:00,Direct,WELCOME10,Beauty,North,0,1,6,0,206,0,75.74,0.15,11.36,1,0,0.0,38.72,0.0
DEMO_001692,CUST_0741,2025-03-12 11:00:00,Email,RETARGET,Sports,South,0,0,4,1,278,1,178.43,0.0,0.0,0,1,178.43,109.69,68.74
DEMO_001693,CUST_0547,2025-03-12 12:00:00,Social,RETARGET,Home,East,0,0,3,0,171,1,101.47,0.0,0.0,0,0,0.0,52.48,0.0
DEMO_001694,CUST_0329,2025-03-12 13:00:00,Email,FLASH20,Sports,South,0,1,3,0,89,3,129.03,0.15,19.35,1,1,109.68,82.01,27.67
DEMO_001695,CUST_0133,2025-03-12 14:00:00,PPC,SUMMER15,Sports,South,0,2,3,1,129,0,111.61,0.15,16.74,1,1,94.87,61.45,33.42
DEMO_001696,CUST_0568,2025-03-12 15:00:00,PPC,WELCOME10,Electronics,South,0,0,6,1,170,3,101.96,0.0,0.0,0,1,101.96,58.0,43.96
DEMO_001697,CUST_0390,2025-03-12 16:00:00,PPC,RETARGET,Home,North,1,3,9,1,476,1,129.91,0.1,12.99,1,0,0.0,59.51,0.0
DEMO_001698,CUST_0124,2025-03-12 17:00:00,Social,SUMMER15,Beauty,North,0,0,6,1,236,1,141.23,0.0,0.0,0,0,0.0,64.22,0.0
DEMO_001699,CUST_0299,2025-03-12 18:00:00,Direct,WELCOME10,Sports,West,0,1,6,1,295,0,119.38,0.1,11.94,1,0,0.0,59.54,0.0
DEMO_001700,CUST_0800,2025-03-12 19:00:00,Direct,SUMMER15,Home,North,0,1,9,0,146,2,103.03,0.0,0.0,0,0,0.0,54.61,0.0
DEMO_001701,CUST_0221,2025-03-12 20:00:00,Email,FLASH20,Home,West,0,1,7,1,213,0,68.79,0.05,3.44,1,0,0.0,33.74,0.0
DEMO_001702,CUST_0148,2025-03-12 21:00:00,Social,LOYALTY,Sports,South,1,1,4,0,110,0,85.49,0.0,0.0,0,1,85.49,48.35,37.14
DEMO_001703,CUST_0568,2025-03-12 22:00:00,Email,SUMMER15,Sports,West,0,0,3,0,251,0,97.74,0.1,9.77,1,0,0.0,57.5,0.0
DEMO_001704,CUST_0166,2025-03-12 23:00:00,Direct,RETARGET,Sports,South,0,0,2,1,205,4,112.98,0.0,0.0,0,0,0.0,71.71,0.0
DEMO_001705,CUST_0766,2025-03-13 00:00:00,Organic,LOYALTY,Beauty,West,0,2,8,0,266,4,51.29,0.1,5.13,1,0,0.0,29.14,0.0
DEMO_001706,CUST_0715,2025-03-13 01:00:00,PPC,RETARGET,Beauty,East,1,2,9,0,35,0,148.23,0.15,22.23,1,0,0.0,79.22,0.0
DEMO_001707,CUST_0819,2025-03-13 02:00:00,Email,SUMMER15,Sports,West,1,6,8,1,323,0,129.6,0.0,0.0,0,1,129.6,85.86,43.74
DEMO_001708,CUST_0760,2025-03-13 03:00:00,Email,LOYALTY,Electronics,North,0,0,3,0,99,1,86.33,0.2,17.27,1,0,0.0,47.5,0.0
DEMO_001709,CUST_0203,2025-03-13 04:00:00,PPC,SUMMER15,Fashion,West,0,0,2,0,110,1,74.27,0.0,0.0,0,0,0.0,38.22,0.0
DEMO_001710,CUST_0176,2025-03-13 05:00:00,Direct,LOYALTY,Beauty,South,1,1,7,1,360,0,82.35,0.0,0.0,0,0,0.0,38.5,0.0
DEMO_001711,CUST_0285,2025-03-13 06:00:00,Social,LOYALTY,Home,South,1,3,10,1,385,1,61.83,0.0,0.0,0,0,0.0,30.45,0.0
DEMO_001712,CUST_0391,2025-03-13 07:00:00,Direct,SUMMER15,Sports,North,0,0,8,0,195,0,96.28,0.1,9.63,1,0,0.0,58.63,0.0
DEMO_001713,CUST_0733,2025-03-13 08:00:00,Email,RETARGET,Sports,West,0,0,4,1,372,0,103.46,0.2,20.69,1,0,0.0,51.28,0.0
DEMO_001714,CUST_0611,2025-03-13 09:00:00,Organic,RETARGET,Fashion,East,0,0,4,0,127,2,169.58,0.0,0.0,0,0,0.0,90.54,0.0
DEMO_001715,CUST_0536,2025-03-13 10:00:00,PPC,RETARGET,Home,West,0,0,4,1,192,0,138.86,0.2,27.77,1,1,111.09,63.36,47.73
DEMO_001716,CUST_0731,2025-03-13 11:00:00,Organic,SUMMER15,Fashion,East,1,3,2,0,380,0,196.61,0.05,9.83,1,0,0.0,105.57,0.0
DEMO_001717,CUST_0538,2025-03-13 12:00:00,PPC,LOYALTY,Fashion,North,1,2,8,1,95,2,117.98,0.15,17.7,1,1,100.28,70.68,29.6
DEMO_001718,CUST_0315,2025-03-13 13:00:00,PPC,WELCOME10,Fashion,South,1,4,8,1,298,0,74.44,0.0,0.0,0,1,74.44,37.25,37.19
DEMO_001719,CUST_0344,2025-03-13 14:00:00,Organic,WELCOME10,Sports,South,1,2,8,1,219,0,245.5,0.0,0.0,0,0,0.0,110.69,0.0
DEMO_001720,CUST_0430,2025-03-13 15:00:00,Email,RETARGET,Electronics,North,0,1,5,0,212,2,97.19,0.15,14.58,1,1,82.61,62.36,20.25
DEMO_001721,CUST_0073,2025-03-13 16:00:00,Organic,WELCOME10,Fashion,West,1,3,7,1,243,0,55.95,0.2,11.19,1,1,44.76,34.46,10.3
DEMO_001722,CUST_0617,2025-03-13 17:00:00,Organic,RETARGET,Home,West,0,0,6,0,209,0,123.86,0.0,0.0,0,0,0.0,84.02,0.0
DEMO_001723,CUST_0543,2025-03-13 18:00:00,Email,FLASH20,Fashion,East,0,1,6,0,166,3,54.85,0.2,10.97,1,0,0.0,26.39,0.0
DEMO_001724,CUST_0609,2025-03-13 19:00:00,Direct,SUMMER15,Beauty,East,1,4,7,1,257,2,107.98,0.2,21.6,1,0,0.0,65.42,0.0
DEMO_001725,CUST_0444,2025-03-13 20:00:00,Organic,WELCOME10,Electronics,East,0,1,8,0,246,4,90.57,0.2,18.11,1,0,0.0,46.12,0.0
DEMO_001726,CUST_0652,2025-03-13 21:00:00,Social,LOYALTY,Home,East,1,4,16,1,197,1,141.98,0.15,21.3,1,1,120.68,80.29,40.39
DEMO_001727,CUST_0791,2025-03-13 22:00:00,Organic,LOYALTY,Home,North,1,3,6,0,170,1,172.27,0.2,34.45,1,0,0.0,107.11,0.0
DEMO_001728,CUST_0474,2025-03-13 23:00:00,Social,FLASH20,Home,East,1,3,3,0,203,1,96.92,0.0,0.0,0,0,0.0,47.37,0.0
DEMO_001729,CUST_0370,2025-03-14 00:00:00,Social,RETARGET,Sports,West,1,3,2,0,324,2,93.85,0.25,23.46,1,0,0.0,52.28,0.0
DEMO_001730,CUST_0087,2025-03-14 01:00:00,Direct,SUMMER15,Home,West,0,0,5,1,110,2,157.77,0.15,23.67,1,1,134.1,80.76,53.34
DEMO_001731,CUST_0648,2025-03-14 02:00:00,Organic,FLASH20,Fashion,East,0,1,4,1,144,2,79.44,0.0,0.0,0,0,0.0,38.58,0.0
DEMO_001732,CUST_0753,2025-03-14 03:00:00,PPC,SUMMER15,Electronics,West,1,0,5,0,467,1,115.47,0.15,17.32,1,0,0.0,71.16,0.0
DEMO_001733,CUST_0582,2025-03-14 04:00:00,Email,FLASH20,Electronics,East,1,4,12,1,281,2,143.12,0.0,0.0,0,1,143.12,72.91,70.21
DEMO_001734,CUST_0721,2025-03-14 05:00:00,Organic,WELCOME10,Sports,South,1,4,8,1,276,1,78.59,0.15,11.79,1,1,66.8,44.94,21.86
DEMO_001735,CUST_0717,2025-03-14 06:00:00,Email,FLASH20,Fashion,South,0,2,4,0,604,1,97.97,0.1,9.8,1,1,88.17,59.69,28.48
DEMO_001736,CUST_0664,2025-03-14 07:00:00,PPC,FLASH20,Home,East,0,0,2,1,274,1,117.38,0.15,17.61,1,1,99.77,64.78,34.99
DEMO_001737,CUST_0418,2025-03-14 08:00:00,Email,FLASH20,Beauty,West,0,1,7,0,136,0,204.14,0.0,0.0,0,0,0.0,98.12,0.0
DEMO_001738,CUST_0083,2025-03-14 09:00:00,Organic,FLASH20,Beauty,North,1,2,9,0,31,1,65.09,0.0,0.0,0,1,65.09,29.47,35.62
DEMO_001739,CUST_0002,2025-03-14 10:00:00,Email,LOYALTY,Electronics,South,1,4,5,1,214,3,104.88,0.1,10.49,1,1,94.39,56.41,37.98
DEMO_001740,CUST_0170,2025-03-14 11:00:00,Organic,FLASH20,Beauty,East,1,3,6,1,238,2,206.27,0.0,0.0,0,1,206.27,139.81,66.46
DEMO_001741,CUST_0359,2025-03-14 12:00:00,Social,SUMMER15,Home,West,0,0,5,0,296,3,173.66,0.15,26.05,1,0,0.0,117.0,0.0
DEMO_001742,CUST_0619,2025-03-14 13:00:00,Social,SUMMER15,Home,South,0,1,3,1,355,1,99.09,0.1,9.91,1,0,0.0,54.81,0.0
DEMO_001743,CUST_0379,2025-03-14 14:00:00,PPC,LOYALTY,Fashion,East,0,1,2,0,252,2,108.63,0.0,0.0,0,1,108.63,59.28,49.35
DEMO_001744,CUST_0019,2025-03-14 15:00:00,Organic,RETARGET,Electronics,North,0,0,7,1,381,0,137.93,0.15,20.69,1,0,0.0,82.57,0.0
DEMO_001745,CUST_0175,2025-03-14 16:00:00,Organic,LOYALTY,Fashion,South,0,0,3,0,208,1,139.22,0.0,0.0,0,0,0.0,89.31,0.0
DEMO_001746,CUST_0815,2025-03-14 17:00:00,Organic,LOYALTY,Beauty,West,1,6,7,1,112,1,208.55,0.0,0.0,0,1,208.55,121.58,86.97
DEMO_001747,CUST_0823,2025-03-14 18:00:00,Organic,RETARGET,Fashion,East,0,0,7,1,207,1,186.64,0.0,0.0,0,1,186.64,115.07,71.57
DEMO_001748,CUST_0314,2025-03-14 19:00:00,Email,RETARGET,Beauty,West,0,3,4,1,207,0,60.22,0.15,9.03,1,1,51.19,27.43,23.76
DEMO_001749,CUST_0670,2025-03-14 20:00:00,Direct,FLASH20,Beauty,North,1,4,7,1,247,1,54.72,0.0,0.0,0,1,54.72,35.68,19.04
DEMO_001750,CUST_0599,2025-03-14 21:00:00,Email,WELCOME10,Beauty,South,1,2,6,0,338,3,87.83,0.05,4.39,1,0,0.0,50.41,0.0
DEMO_001751,CUST_0775,2025-03-14 22:00:00,Social,LOYALTY,Beauty,West,0,0,9,1,229,1,48.73,0.15,7.31,1,1,41.42,27.45,13.97
DEMO_001752,CUST_0739,2025-03-14 23:00:00,Organic,LOYALTY,Fashion,West,0,2,4,0,181,3,202.47,0.15,30.37,1,1,172.1,101.17,70.93
DEMO_001753,CUST_0523,2025-03-15 00:00:00,PPC,SUMMER15,Fashion,West,1,0,7,0,648,0,57.22,0.15,8.58,1,0,0.0,27.54,0.0
DEMO_001754,CUST_0328,2025-03-15 01:00:00,Social,RETARGET,Home,South,1,1,9,1,150,0,98.04,0.0,0.0,0,1,98.04,52.42,45.62
DEMO_001755,CUST_0522,2025-03-15 02:00:00,Email,RETARGET,Fashion,West,1,5,7,0,219,2,75.79,0.1,7.58,1,0,0.0,50.14,0.0
DEMO_001756,CUST_0265,2025-03-15 03:00:00,Social,SUMMER15,Beauty,South,0,1,7,1,179,1,54.92,0.0,0.0,0,1,54.92,31.78,23.14
DEMO_001757,CUST_0289,2025-03-15 04:00:00,Organic,FLASH20,Beauty,West,0,0,3,0,232,3,190.82,0.15,28.62,1,1,162.2,103.95,58.25
DEMO_001758,CUST_0507,2025-03-15 05:00:00,Email,WELCOME10,Home,West,1,2,4,0,361,2,86.53,0.0,0.0,0,0,0.0,41.71,0.0
DEMO_001759,CUST_0475,2025-03-15 06:00:00,Email,WELCOME10,Sports,South,0,0,10,1,327,1,264.59,0.1,26.46,1,1,238.13,122.83,115.3
DEMO_001760,CUST_0483,2025-03-15 07:00:00,Social,SUMMER15,Electronics,South,0,1,8,0,217,3,211.12,0.0,0.0,0,0,0.0,124.44,0.0
DEMO_001761,CUST_0320,2025-03-15 08:00:00,PPC,SUMMER15,Electronics,West,1,3,8,1,233,2,112.01,0.0,0.0,0,0,0.0,75.09,0.0
DEMO_001762,CUST_0340,2025-03-15 09:00:00,Direct,SUMMER15,Electronics,South,0,2,3,1,381,2,43.69,0.1,4.37,1,0,0.0,24.16,0.0
DEMO_001763,CUST_0008,2025-03-15 10:00:00,Social,WELCOME10,Electronics,South,1,8,1,0,286,2,96.25,0.0,0.0,0,0,0.0,48.56,0.0
DEMO_001764,CUST_0501,2025-03-15 11:00:00,Social,FLASH20,Electronics,East,1,2,10,1,235,0,313.77,0.15,47.07,1,0,0.0,168.39,0.0
DEMO_001765,CUST_0479,2025-03-15 12:00:00,PPC,LOYALTY,Fashion,West,0,0,8,1,658,1,136.0,0.0,0.0,0,0,0.0,77.16,0.0
DEMO_001766,CUST_0779,2025-03-15 13:00:00,Social,SUMMER15,Home,North,1,4,7,0,117,1,104.03,0.0,0.0,0,0,0.0,64.85,0.0
DEMO_001767,CUST_0420,2025-03-15 14:00:00,Direct,FLASH20,Home,West,0,0,4,0,581,2,85.19,0.0,0.0,0,0,0.0,47.22,0.0
DEMO_001768,CUST_0389,2025-03-15 15:00:00,Email,SUMMER15,Sports,South,1,4,8,1,388,0,167.21,0.1,16.72,1,1,150.49,110.88,39.61
DEMO_001769,CUST_0056,2025-03-15 16:00:00,PPC,LOYALTY,Electronics,North,1,4,5,1,130,1,132.47,0.0,0.0,0,1,132.47,79.13,53.34
DEMO_001770,CUST_0163,2025-03-15 17:00:00,Email,LOYALTY,Fashion,South,1,2,2,0,125,0,127.45,0.0,0.0,0,0,0.0,60.89,0.0
DEMO_001771,CUST_0281,2025-03-15 18:00:00,PPC,RETARGET,Electronics,South,0,0,4,0,218,3,187.03,0.1,18.7,1,0,0.0,89.08,0.0
DEMO_001772,CUST_0314,2025-03-15 19:00:00,Social,WELCOME10,Beauty,East,1,6,13,1,117,1,182.56,0.0,0.0,0,1,182.56,105.31,77.25
DEMO_001773,CUST_0302,2025-03-15 20:00:00,Organic,RETARGET,Electronics,East,1,1,5,0,291,0,136.56,0.15,20.48,1,0,0.0,86.67,0.0
DEMO_001774,CUST_0328,2025-03-15 21:00:00,Organic,SUMMER15,Electronics,North,1,3,10,0,179,0,54.92,0.2,10.98,1,0,0.0,31.45,0.0
DEMO_001775,CUST_0640,2025-03-15 22:00:00,PPC,WELCOME10,Fashion,South,1,0,10,1,348,1,72.09,0.15,10.81,1,0,0.0,45.77,0.0
DEMO_001776,CUST_0109,2025-03-15 23:00:00,Email,LOYALTY,Beauty,North,0,1,7,0,276,1,84.99,0.15,12.75,1,0,0.0,39.82,0.0
DEMO_001777,CUST_0276,2025-03-16 00:00:00,PPC,WELCOME10,Home,South,1,3,9,1,212,0,110.3,0.0,0.0,0,0,0.0,57.98,0.0
DEMO_001778,CUST_0135,2025-03-16 01:00:00,Direct,WELCOME10,Sports,East,0,0,3,1,177,5,220.2,0.1,22.02,1,0,0.0,101.52,0.0
DEMO_001779,CUST_0256,2025-03-16 02:00:00,Organic,RETARGET,Sports,West,0,0,7,0,40,2,282.5,0.05,14.12,1,0,0.0,150.26,0.0
DEMO_001780,CUST_0570,2025-03-16 03:00:00,PPC,SUMMER15,Beauty,North,1,4,4,1,646,2,133.79,0.15,20.07,1,1,113.72,77.71,36.01
DEMO_001781,CUST_0038,2025-03-16 04:00:00,Social,FLASH20,Beauty,East,1,2,6,1,316,0,143.68,0.0,0.0,0,0,0.0,95.24,0.0
DEMO_001782,CUST_0282,2025-03-16 05:00:00,Email,SUMMER15,Sports,South,1,6,8,0,87,1,56.82,0.1,5.68,1,1,51.14,31.58,19.56
DEMO_001783,CUST_0019,2025-03-16 06:00:00,PPC,WELCOME10,Sports,South,0,1,4,0,179,0,92.74,0.0,0.0,0,0,0.0,49.74,0.0
DEMO_001784,CUST_0795,2025-03-16 07:00:00,Email,WELCOME10,Fashion,East,0,0,5,0,329,2,87.45,0.15,13.12,1,1,74.33,53.02,21.31
DEMO_001785,CUST_0605,2025-03-16 08:00:00,Direct,WELCOME10,Electronics,North,0,1,1,0,194,3,84.23,0.0,0.0,0,0,0.0,51.82,0.0
DEMO_001786,CUST_0202,2025-03-16 09:00:00,Social,FLASH20,Fashion,West,0,0,5,0,73,0,145.6,0.0,0.0,0,0,0.0,71.25,0.0
DEMO_001787,CUST_0165,2025-03-16 10:00:00,Organic,FLASH20,Fashion,South,1,2,9,1,335,0,91.57,0.0,0.0,0,0,0.0,55.96,0.0
DEMO_001788,CUST_0082,2025-03-16 11:00:00,Email,WELCOME10,Sports,North,1,3,8,0,73,1,47.81,0.0,0.0,0,0,0.0,27.45,0.0
DEMO_001789,CUST_0393,2025-03-16 12:00:00,Email,SUMMER15,Fashion,West,0,2,4,0,309,1,163.89,0.25,40.97,1,1,122.92,92.94,29.98
DEMO_001790,CUST_0627,2025-03-16 13:00:00,Organic,SUMMER15,Beauty,West,0,1,2,0,236,3,192.78,0.0,0.0,0,0,0.0,130.26,0.0
DEMO_001791,CUST_0486,2025-03-16 14:00:00,PPC,FLASH20,Home,East,0,0,4,0,183,2,127.7,0.15,19.16,1,0,0.0,80.12,0.0
DEMO_001792,CUST_0733,2025-03-16 15:00:00,Direct,RETARGET,Home,East,1,4,2,1,228,3,103.99,0.15,15.6,1,0,0.0,66.29,0.0
DEMO_001793,CUST_0286,2025-03-16 16:00:00,Social,LOYALTY,Electronics,North,1,3,6,0,157,1,74.83,0.0,0.0,0,0,0.0,47.81,0.0
DEMO_001794,CUST_0231,2025-03-16 17:00:00,PPC,RETARGET,Beauty,South,0,0,2,0,265,2,76.95,0.1,7.7,1,1,69.25,46.09,23.16
DEMO_001795,CUST_0398,2025-03-16 18:00:00,Social,WELCOME10,Beauty,South,0,3,1,0,84,3,181.62,0.15,27.24,1,0,0.0,82.8,0.0
DEMO_001796,CUST_0168,2025-03-16 19:00:00,Direct,SUMMER15,Sports,West,0,1,3,0,133,2,80.1,0.0,0.0,0,0,0.0,42.83,0.0
DEMO_001797,CUST_0812,2025-03-16 20:00:00,Organic,LOYALTY,Fashion,South,0,1,5,0,403,1,277.46,0.0,0.0,0,0,0.0,173.8,0.0
DEMO_001798,CUST_0154,2025-03-16 21:00:00,Organic,SUMMER15,Fashion,East,1,4,7,0,559,1,171.97,0.1,17.2,1,1,154.77,84.5,70.27
DEMO_001799,CUST_0398,2025-03-16 22:00:00,Direct,RETARGET,Sports,South,1,2,6,1,218,0,130.69,0.0,0.0,0,0,0.0,87.59,0.0
DEMO_001800,CUST_0434,2025-03-16 23:00:00,PPC,FLASH20,Beauty,East,0,0,3,1,253,2,380.52,0.15,57.08,1,0,0.0,171.86,0.0
DEMO_001801,CUST_0047,2025-03-17 00:00:00,Direct,SUMMER15,Electronics,North,1,1,6,0,95,1,199.15,0.0,0.0,0,0,0.0,115.2,0.0
DEMO_001802,CUST_0390,2025-03-17 01:00:00,Email,RETARGET,Sports,East,0,0,7,1,166,1,92.42,0.1,9.24,1,0,0.0,43.39,0.0
DEMO_001803,CUST_0378,2025-03-17 02:00:00,Organic,FLASH20,Fashion,North,0,0,6,1,92,0,70.76,0.15,10.61,1,0,0.0,44.22,0.0
DEMO_001804,CUST_0216,2025-03-17 03:00:00,Social,RETARGET,Beauty,East,1,1,3,0,61,1,92.68,0.0,0.0,0,0,0.0,54.85,0.0
DEMO_001805,CUST_0106,2025-03-17 04:00:00,Organic,FLASH20,Home,North,0,0,6,1,195,0,107.1,0.0,0.0,0,0,0.0,58.17,0.0
DEMO_001806,CUST_0037,2025-03-17 05:00:00,Organic,WELCOME10,Beauty,West,0,1,7,1,366,1,79.74,0.05,3.99,1,0,0.0,37.74,0.0
DEMO_001807,CUST_0007,2025-03-17 06:00:00,Organic,LOYALTY,Home,West,1,3,7,0,183,1,67.63,0.0,0.0,0,0,0.0,37.46,0.0
DEMO_001808,CUST_0401,2025-03-17 07:00:00,Email,WELCOME10,Home,East,1,5,11,0,392,0,124.7,0.2,24.94,1,1,99.76,66.14,33.62
DEMO_001809,CUST_0074,2025-03-17 08:00:00,Email,LOYALTY,Sports,West,0,0,5,0,134,2,167.28,0.2,33.46,1,0,0.0,82.51,0.0
DEMO_001810,CUST_0799,2025-03-17 09:00:00,PPC,FLASH20,Fashion,West,1,9,11,0,352,0,258.78,0.0,0.0,0,0,0.0,127.38,0.0
DEMO_001811,CUST_0203,2025-03-17 10:00:00,Organic,LOYALTY,Electronics,North,0,2,4,0,659,3,116.11,0.15,17.42,1,0,0.0,74.88,0.0
DEMO_001812,CUST_0543,2025-03-17 11:00:00,PPC,RETARGET,Sports,East,1,3,7,0,233,1,147.1,0.25,36.78,1,0,0.0,77.32,0.0
DEMO_001813,CUST_0561,2025-03-17 12:00:00,PPC,FLASH20,Fashion,South,0,0,6,0,40,3,48.76,0.15,7.31,1,1,41.45,23.06,18.39
DEMO_001814,CUST_0412,2025-03-17 13:00:00,Direct,RETARGET,Home,West,1,2,6,1,89,0,165.07,0.0,0.0,0,0,0.0,80.29,0.0
DEMO_001815,CUST_0736,2025-03-17 14:00:00,PPC,WELCOME10,Beauty,West,0,0,6,1,114,1,71.24,0.2,14.25,1,1,56.99,42.89,14.1
DEMO_001816,CUST_0092,2025-03-17 15:00:00,PPC,WELCOME10,Home,West,1,6,5,0,111,0,128.66,0.0,0.0,0,0,0.0,68.84,0.0
DEMO_001817,CUST_0194,2025-03-17 16:00:00,PPC,RETARGET,Fashion,South,1,7,7,0,304,0,110.01,0.0,0.0,0,1,110.01,50.93,59.08
DEMO_001818,CUST_0210,2025-03-17 17:00:00,Email,FLASH20,Electronics,North,0,2,7,1,192,2,100.6,0.0,0.0,0,0,0.0,46.54,0.0
DEMO_001819,CUST_0112,2025-03-17 18:00:00,Social,FLASH20,Home,North,1,3,1,0,351,1,57.53,0.1,5.75,1,0,0.0,26.68,0.0
DEMO_001820,CUST_0245,2025-03-17 19:00:00,PPC,WELCOME10,Beauty,North,0,0,3,0,125,1,79.79,0.05,3.99,1,0,0.0,49.44,0.0
DEMO_001821,CUST_0260,2025-03-17 20:00:00,Email,SUMMER15,Home,West,1,1,9,1,696,0,73.0,0.1,7.3,1,1,65.7,47.12,18.58
DEMO_001822,CUST_0637,2025-03-17 21:00:00,Direct,LOYALTY,Sports,East,0,2,2,0,405,1,85.85,0.05,4.29,1,0,0.0,55.32,0.0
DEMO_001823,CUST_0251,2025-03-17 22:00:00,Social,RETARGET,Fashion,South,0,0,2,0,135,3,190.97,0.0,0.0,0,0,0.0,109.9,0.0
DEMO_001824,CUST_0730,2025-03-17 23:00:00,Social,RETARGET,Beauty,South,1,0,7,1,152,1,95.71,0.0,0.0,0,1,95.71,51.7,44.01
DEMO_001825,CUST_0643,2025-03-18 00:00:00,Direct,FLASH20,Fashion,North,0,1,5,0,408,2,82.86,0.0,0.0,0,0,0.0,43.33,0.0
DEMO_001826,CUST_0751,2025-03-18 01:00:00,Direct,FLASH20,Fashion,East,0,0,1,0,86,2,150.25,0.1,15.02,1,0,0.0,93.37,0.0
DEMO_001827,CUST_0087,2025-03-18 02:00:00,PPC,WELCOME10,Fashion,South,0,0,1,0,128,0,129.93,0.0,0.0,0,0,0.0,82.61,0.0
DEMO_001828,CUST_0820,2025-03-18 03:00:00,Organic,WELCOME10,Electronics,West,0,0,3,1,135,3,279.93,0.0,0.0,0,0,0.0,186.42,0.0
DEMO_001829,CUST_0511,2025-03-18 04:00:00,Organic,FLASH20,Home,North,0,1,5,0,213,2,176.8,0.15,26.52,1,0,0.0,119.61,0.0
DEMO_001830,CUST_0818,2025-03-18 05:00:00,PPC,FLASH20,Electronics,West,1,3,7,0,365,1,45.83,0.0,0.0,0,1,45.83,28.05,17.78
DEMO_001831,CUST_0295,2025-03-18 06:00:00,Email,WELCOME10,Fashion,North,1,2,7,1,188,1,161.15,0.15,24.17,1,1,136.98,79.65,57.33
DEMO_001832,CUST_0793,2025-03-18 07:00:00,Email,FLASH20,Fashion,South,0,1,2,0,322,1,152.74,0.05,7.64,1,0,0.0,102.53,0.0
DEMO_001833,CUST_0490,2025-03-18 08:00:00,Organic,LOYALTY,Home,South,0,0,3,0,222,0,236.69,0.05,11.83,1,0,0.0,113.19,0.0
DEMO_001834,CUST_0059,2025-03-18 09:00:00,Social,RETARGET,Home,East,1,4,7,1,133,0,102.58,0.15,15.39,1,0,0.0,52.75,0.0
DEMO_001835,CUST_0341,2025-03-18 10:00:00,Social,RETARGET,Sports,East,1,5,6,1,181,0,183.71,0.25,45.93,1,1,137.78,117.84,19.94
DEMO_001836,CUST_0114,2025-03-18 11:00:00,PPC,SUMMER15,Home,North,1,4,6,0,62,1,95.62,0.0,0.0,0,0,0.0,54.36,0.0
DEMO_001837,CUST_0784,2025-03-18 12:00:00,Email,SUMMER15,Home,South,0,1,8,1,130,0,127.83,0.0,0.0,0,1,127.83,64.71,63.12
DEMO_001838,CUST_0253,2025-03-18 13:00:00,PPC,RETARGET,Sports,East,1,1,10,1,527,1,69.78,0.2,13.96,1,1,55.82,39.81,16.01
DEMO_001839,CUST_0185,2025-03-18 14:00:00,Organic,LOYALTY,Electronics,South,1,2,4,1,250,1,60.43,0.0,0.0,0,0,0.0,37.9,0.0
DEMO_001840,CUST_0460,2025-03-18 15:00:00,Direct,SUMMER15,Electronics,North,0,0,7,1,231,2,165.89,0.0,0.0,0,0,0.0,85.09,0.0
DEMO_001841,CUST_0354,2025-03-18 16:00:00,Direct,LOYALTY,Fashion,North,0,1,4,0,197,2,112.35,0.05,5.62,1,1,106.73,63.5,43.23
DEMO_001842,CUST_0080,2025-03-18 17:00:00,Direct,WELCOME10,Fashion,East,0,0,2,0,100,2,63.03,0.05,3.15,1,0,0.0,32.53,0.0
DEMO_001843,CUST_0680,2025-03-18 18:00:00,Direct,FLASH20,Home,South,1,2,8,0,142,0,161.83,0.1,16.18,1,0,0.0,87.63,0.0
DEMO_001844,CUST_0704,2025-03-18 19:00:00,Direct,SUMMER15,Beauty,East,0,0,2,1,281,1,32.75,0.0,0.0,0,0,0.0,16.33,0.0
DEMO_001845,CUST_0618,2025-03-18 20:00:00,Organic,RETARGET,Beauty,North,1,5,11,1,100,1,77.91,0.2,15.58,1,0,0.0,47.74,0.0
DEMO_001846,CUST_0513,2025-03-18 21:00:00,Email,WELCOME10,Home,East,1,4,8,1,82,0,53.13,0.15,7.97,1,0,0.0,27.75,0.0
DEMO_001847,CUST_0335,2025-03-18 22:00:00,Email,RETARGET,Sports,North,0,0,9,1,173,3,192.41,0.25,48.1,1,1,144.31,109.01,35.3
DEMO_001848,CUST_0451,2025-03-18 23:00:00,PPC,SUMMER15,Electronics,East,1,6,6,1,160,3,92.29,0.15,13.84,1,1,78.45,58.61,19.84
DEMO_001849,CUST_0433,2025-03-19 00:00:00,PPC,WELCOME10,Electronics,West,1,1,9,1,429,0,116.22,0.0,0.0,0,1,116.22,56.08,60.14
DEMO_001850,CUST_0137,2025-03-19 01:00:00,Email,LOYALTY,Fashion,South,0,0,6,1,150,1,128.62,0.1,12.86,1,0,0.0,77.45,0.0
DEMO_001851,CUST_0068,2025-03-19 02:00:00,Direct,LOYALTY,Fashion,North,1,2,9,0,235,1,161.4,0.0,0.0,0,0,0.0,84.9,0.0
DEMO_001852,CUST_0210,2025-03-19 03:00:00,Email,WELCOME10,Beauty,North,0,0,3,0,110,1,153.38,0.2,30.68,1,0,0.0,86.24,0.0
DEMO_001853,CUST_0378,2025-03-19 04:00:00,Direct,WELCOME10,Fashion,South,0,0,4,1,276,2,160.86,0.15,24.13,1,1,136.73,98.88,37.85
DEMO_001854,CUST_0133,2025-03-19 05:00:00,Social,WELCOME10,Sports,North,1,4,8,0,202,1,99.54,0.2,19.91,1,1,79.63,65.94,13.69
DEMO_001855,CUST_0088,2025-03-19 06:00:00,Organic,FLASH20,Home,West,1,1,7,1,484,1,164.66,0.0,0.0,0,0,0.0,106.69,0.0
DEMO_001856,CUST_0709,2025-03-19 07:00:00,Social,WELCOME10,Sports,West,0,2,5,0,93,1,83.52,0.0,0.0,0,0,0.0,54.87,0.0
DEMO_001857,CUST_0312,2025-03-19 08:00:00,PPC,LOYALTY,Home,West,1,3,10,1,144,1,93.61,0.1,9.36,1,0,0.0,43.19,0.0
DEMO_001858,CUST_0486,2025-03-19 09:00:00,Organic,WELCOME10,Sports,West,1,5,7,1,757,2,56.17,0.0,0.0,0,1,56.17,30.72,25.45
DEMO_001859,CUST_0436,2025-03-19 10:00:00,Email,LOYALTY,Electronics,East,1,6,9,0,357,1,238.5,0.0,0.0,0,0,0.0,151.28,0.0
DEMO_001860,CUST_0612,2025-03-19 11:00:00,Direct,RETARGET,Beauty,South,0,0,7,0,130,1,71.73,0.05,3.59,1,0,0.0,45.67,0.0
DEMO_001861,CUST_0616,2025-03-19 12:00:00,PPC,LOYALTY,Beauty,South,0,0,1,1,147,1,211.64,0.05,10.58,1,0,0.0,115.67,0.0
DEMO_001862,CUST_0246,2025-03-19 13:00:00,PPC,RETARGET,Sports,South,0,0,3,0,88,3,142.85,0.25,35.71,1,0,0.0,73.66,0.0
DEMO_001863,CUST_0706,2025-03-19 14:00:00,Social,RETARGET,Home,West,1,5,7,1,398,0,122.69,0.2,24.54,1,1,98.15,70.7,27.45
DEMO_001864,CUST_0309,2025-03-19 15:00:00,Organic,WELCOME10,Electronics,South,0,1,1,0,116,1,132.31,0.1,13.23,1,0,0.0,82.26,0.0
DEMO_001865,CUST_0695,2025-03-19 16:00:00,PPC,SUMMER15,Sports,South,1,1,5,1,152,2,69.45,0.0,0.0,0,0,0.0,42.3,0.0
DEMO_001866,CUST_0337,2025-03-19 17:00:00,Organic,LOYALTY,Electronics,East,0,3,8,1,150,2,231.02,0.0,0.0,0,1,231.02,117.28,113.74
DEMO_001867,CUST_0092,2025-03-19 18:00:00,Email,SUMMER15,Fashion,South,1,3,4,0,256,0,95.32,0.0,0.0,0,0,0.0,42.9,0.0
DEMO_001868,CUST_0633,2025-03-19 19:00:00,Social,LOYALTY,Electronics,South,1,0,9,0,155,0,176.94,0.1,17.69,1,1,159.25,115.69,43.56
DEMO_001869,CUST_0025,2025-03-19 20:00:00,PPC,LOYALTY,Beauty,North,1,7,8,0,355,2,87.84,0.0,0.0,0,1,87.84,48.53,39.31
DEMO_001870,CUST_0643,2025-03-19 21:00:00,PPC,RETARGET,Electronics,North,1,2,10,1,586,0,58.9,0.0,0.0,0,1,58.9,37.78,21.12
DEMO_001871,CUST_0035,2025-03-19 22:00:00,Email,SUMMER15,Electronics,North,1,4,12,1,253,0,273.84,0.05,13.69,1,1,260.15,178.11,82.04
DEMO_001872,CUST_0172,2025-03-19 23:00:00,PPC,SUMMER15,Fashion,South,0,2,4,0,216,1,85.49,0.15,12.82,1,0,0.0,56.93,0.0
DEMO_001873,CUST_0502,2025-03-20 00:00:00,PPC,WELCOME10,Beauty,West,1,6,8,0,150,1,138.08,0.0,0.0,0,0,0.0,73.34,0.0
DEMO_001874,CUST_0784,2025-03-20 01:00:00,PPC,SUMMER15,Electronics,South,1,3,7,0,197,0,28.72,0.0,0.0,0,0,0.0,17.28,0.0
DEMO_001875,CUST_0340,2025-03-20 02:00:00,Email,SUMMER15,Fashion,East,1,2,9,0,41,1,108.64,0.15,16.3,1,0,0.0,63.79,0.0
DEMO_001876,CUST_0100,2025-03-20 03:00:00,Email,FLASH20,Electronics,South,0,2,6,0,228,5,147.21,0.1,14.72,1,0,0.0,71.8,0.0
DEMO_001877,CUST_0194,2025-03-20 04:00:00,Organic,FLASH20,Home,South,1,2,9,1,360,2,119.6,0.1,11.96,1,1,107.64,65.84,41.8
DEMO_001878,CUST_0746,2025-03-20 05:00:00,Email,RETARGET,Home,North,0,0,2,0,84,1,107.33,0.1,10.73,1,1,96.6,58.93,37.67
DEMO_001879,CUST_0605,2025-03-20 06:00:00,Social,LOYALTY,Sports,East,0,2,4,0,483,3,102.01,0.0,0.0,0,0,0.0,50.38,0.0
DEMO_001880,CUST_0083,2025-03-20 07:00:00,Direct,LOYALTY,Sports,East,0,1,5,1,175,1,165.96,0.0,0.0,0,0,0.0,88.99,0.0
DEMO_001881,CUST_0320,2025-03-20 08:00:00,PPC,WELCOME10,Electronics,South,0,0,5,0,409,3,62.67,0.05,3.13,1,0,0.0,34.49,0.0
DEMO_001882,CUST_0220,2025-03-20 09:00:00,Direct,FLASH20,Home,East,0,2,5,0,270,4,100.83,0.0,0.0,0,0,0.0,63.92,0.0
DEMO_001883,CUST_0148,2025-03-20 10:00:00,Email,LOYALTY,Home,South,0,0,2,0,77,1,213.92,0.2,42.78,1,0,0.0,138.49,0.0
DEMO_001884,CUST_0705,2025-03-20 11:00:00,Email,SUMMER15,Fashion,South,1,3,4,0,343,0,57.56,0.0,0.0,0,0,0.0,35.4,0.0
DEMO_001885,CUST_0514,2025-03-20 12:00:00,Social,FLASH20,Home,East,0,2,7,0,182,3,106.92,0.0,0.0,0,0,0.0,67.91,0.0
DEMO_001886,CUST_0149,2025-03-20 13:00:00,Social,LOYALTY,Beauty,East,0,1,4,0,242,0,68.27,0.0,0.0,0,0,0.0,32.27,0.0
DEMO_001887,CUST_0542,2025-03-20 14:00:00,Direct,LOYALTY,Electronics,North,1,5,6,1,202,2,128.44,0.0,0.0,0,0,0.0,74.25,0.0
DEMO_001888,CUST_0344,2025-03-20 15:00:00,Email,RETARGET,Sports,South,1,1,3,1,217,0,113.85,0.05,5.69,1,0,0.0,58.01,0.0
DEMO_001889,CUST_0051,2025-03-20 16:00:00,Social,FLASH20,Sports,South,0,0,1,0,51,1,73.35,0.15,11.0,1,0,0.0,40.07,0.0
DEMO_001890,CUST_0374,2025-03-20 17:00:00,PPC,SUMMER15,Beauty,West,0,1,1,1,304,3,113.4,0.0,0.0,0,0,0.0,69.37,0.0
DEMO_001891,CUST_0154,2025-03-20 18:00:00,PPC,SUMMER15,Fashion,South,1,2,7,1,230,2,115.54,0.15,17.33,1,0,0.0,77.16,0.0
DEMO_001892,CUST_0204,2025-03-20 19:00:00,Email,LOYALTY,Electronics,West,1,2,8,0,217,0,85.27,0.15,12.79,1,1,72.48,45.37,27.11
DEMO_001893,CUST_0732,2025-03-20 20:00:00,Direct,FLASH20,Beauty,East,1,1,8,1,296,0,92.99,0.1,9.3,1,0,0.0,54.2,0.0
DEMO_001894,CUST_0591,2025-03-20 21:00:00,Email,FLASH20,Beauty,North,0,1,5,0,235,3,83.8,0.25,20.95,1,0,0.0,39.77,0.0
DEMO_001895,CUST_0111,2025-03-20 22:00:00,Social,WELCOME10,Fashion,South,1,3,10,1,310,0,40.2,0.0,0.0,0,1,40.2,24.4,15.8
DEMO_001896,CUST_0709,2025-03-20 23:00:00,Organic,FLASH20,Home,West,1,3,6,0,50,0,170.22,0.0,0.0,0,0,0.0,85.92,0.0
DEMO_001897,CUST_0478,2025-03-21 00:00:00,Social,SUMMER15,Fashion,South,1,2,8,0,155,0,192.03,0.0,0.0,0,0,0.0,107.13,0.0
DEMO_001898,CUST_0728,2025-03-21 01:00:00,Social,FLASH20,Electronics,East,1,0,8,1,126,0,51.03,0.0,0.0,0,0,0.0,26.79,0.0
DEMO_001899,CUST_0622,2025-03-21 02:00:00,Direct,RETARGET,Home,West,1,2,6,1,73,1,193.18,0.25,48.3,1,1,144.88,89.18,55.7
DEMO_001900,CUST_0282,2025-03-21 03:00:00,Email,LOYALTY,Home,East,1,2,7,1,290,1,134.38,0.0,0.0,0,0,0.0,83.37,0.0
DEMO_001901,CUST_0445,2025-03-21 04:00:00,Email,FLASH20,Sports,North,1,4,8,1,580,0,68.31,0.15,10.25,1,0,0.0,40.47,0.0
DEMO_001902,CUST_0442,2025-03-21 05:00:00,Organic,RETARGET,Electronics,South,1,4,8,0,26,0,102.09,0.15,15.31,1,0,0.0,65.14,0.0
DEMO_001903,CUST_0599,2025-03-21 06:00:00,PPC,RETARGET,Electronics,South,0,1,5,0,255,1,81.65,0.2,16.33,1,0,0.0,54.51,0.0
DEMO_001904,CUST_0206,2025-03-21 07:00:00,Email,FLASH20,Fashion,South,0,2,4,0,144,3,169.95,0.15,25.49,1,0,0.0,92.54,0.0
DEMO_001905,CUST_0277,2025-03-21 08:00:00,Email,LOYALTY,Fashion,West,1,3,2,0,168,0,74.22,0.0,0.0,0,0,0.0,46.31,0.0
DEMO_001906,CUST_0203,2025-03-21 09:00:00,PPC,SUMMER15,Fashion,North,1,2,11,0,250,0,291.58,0.15,43.74,1,1,247.84,151.99,95.85
DEMO_001907,CUST_0246,2025-03-21 10:00:00,Email,RETARGET,Sports,East,0,0,5,0,229,1,188.92,0.0,0.0,0,0,0.0,103.82,0.0
DEMO_001908,CUST_0134,2025-03-21 11:00:00,Email,SUMMER15,Beauty,West,0,2,9,1,202,2,64.64,0.05,3.23,1,0,0.0,41.52,0.0
DEMO_001909,CUST_0030,2025-03-21 12:00:00,Direct,SUMMER15,Fashion,West,1,1,4,1,175,0,234.46,0.0,0.0,0,1,234.46,153.96,80.5
DEMO_001910,CUST_0783,2025-03-21 13:00:00,PPC,WELCOME10,Fashion,East,1,2,7,1,280,2,155.78,0.0,0.0,0,0,0.0,83.57,0.0
DEMO_001911,CUST_0061,2025-03-21 14:00:00,Direct,RETARGET,Electronics,West,0,1,2,0,33,1,104.82,0.1,10.48,1,0,0.0,66.52,0.0
DEMO_001912,CUST_0739,2025-03-21 15:00:00,Direct,SUMMER15,Home,South,0,2,7,1,298,1,152.03,0.0,0.0,0,1,152.03,95.19,56.84
DEMO_001913,CUST_0002,2025-03-21 16:00:00,Email,RETARGET,Sports,East,0,3,2,0,144,1,170.05,0.2,34.01,1,0,0.0,83.82,0.0
DEMO_001914,CUST_0647,2025-03-21 17:00:00,Social,WELCOME10,Fashion,East,1,5,8,0,386,1,79.74,0.05,3.99,1,0,0.0,47.36,0.0
DEMO_001915,CUST_0273,2025-03-21 18:00:00,Organic,FLASH20,Beauty,North,1,4,11,0,177,0,163.32,0.0,0.0,0,0,0.0,92.13,0.0
DEMO_001916,CUST_0431,2025-03-21 19:00:00,Social,FLASH20,Beauty,North,1,4,10,1,425,0,92.32,0.0,0.0,0,0,0.0,42.88,0.0
DEMO_001917,CUST_0235,2025-03-21 20:00:00,Email,FLASH20,Fashion,West,0,0,2,0,91,0,161.81,0.1,16.18,1,1,145.63,93.18,52.45
DEMO_001918,CUST_0408,2025-03-21 21:00:00,Email,WELCOME10,Home,North,1,1,6,1,135,2,105.49,0.0,0.0,0,1,105.49,71.24,34.25
DEMO_001919,CUST_0376,2025-03-21 22:00:00,Email,WELCOME10,Electronics,South,0,2,1,0,108,0,71.29,0.0,0.0,0,0,0.0,44.87,0.0
DEMO_001920,CUST_0441,2025-03-21 23:00:00,Organic,SUMMER15,Electronics,East,1,2,12,1,477,3,148.95,0.0,0.0,0,0,0.0,73.91,0.0
DEMO_001921,CUST_0327,2025-03-22 00:00:00,Direct,FLASH20,Sports,East,0,0,4,1,223,0,94.59,0.0,0.0,0,0,0.0,47.38,0.0
DEMO_001922,CUST_0446,2025-03-22 01:00:00,Social,LOYALTY,Beauty,East,0,1,6,0,122,2,120.25,0.1,12.02,1,0,0.0,62.94,0.0
DEMO_001923,CUST_0687,2025-03-22 02:00:00,Social,FLASH20,Beauty,West,1,4,12,1,278,2,134.83,0.05,6.74,1,0,0.0,61.23,0.0
DEMO_001924,CUST_0361,2025-03-22 03:00:00,Direct,SUMMER15,Beauty,West,0,0,5,1,162,2,217.28,0.2,43.46,1,0,0.0,101.46,0.0
DEMO_001925,CUST_0301,2025-03-22 04:00:00,Social,SUMMER15,Sports,West,1,4,4,1,276,0,92.19,0.0,0.0,0,1,92.19,56.74,35.45
DEMO_001926,CUST_0109,2025-03-22 05:00:00,Email,LOYALTY,Fashion,East,1,3,7,1,222,1,76.58,0.0,0.0,0,0,0.0,44.09,0.0
DEMO_001927,CUST_0299,2025-03-22 06:00:00,Direct,FLASH20,Beauty,West,0,0,2,0,119,0,235.24,0.25,58.81,1,1,176.43,143.52,32.91
DEMO_001928,CUST_0104,2025-03-22 07:00:00,PPC,RETARGET,Electronics,East,0,0,3,0,178,2,112.33,0.0,0.0,0,0,0.0,69.03,0.0
DEMO_001929,CUST_0152,2025-03-22 08:00:00,Email,FLASH20,Sports,East,1,4,9,1,229,1,87.77,0.2,17.55,1,1,70.22,40.98,29.24
DEMO_001930,CUST_0793,2025-03-22 09:00:00,Organic,FLASH20,Home,West,1,2,5,1,343,1,132.03,0.0,0.0,0,1,132.03,88.14,43.89
DEMO_001931,CUST_0074,2025-03-22 10:00:00,Direct,WELCOME10,Electronics,West,0,0,5,1,123,0,96.1,0.0,0.0,0,0,0.0,64.67,0.0
DEMO_001932,CUST_0401,2025-03-22 11:00:00,PPC,WELCOME10,Electronics,North,0,1,3,0,132,0,99.44,0.0,0.0,0,0,0.0,45.53,0.0
DEMO_001933,CUST_0694,2025-03-22 12:00:00,Organic,RETARGET,Beauty,West,1,1,7,0,205,1,357.15,0.0,0.0,0,0,0.0,166.29,0.0
DEMO_001934,CUST_0794,2025-03-22 13:00:00,Email,SUMMER15,Home,East,0,1,2,0,104,1,71.91,0.05,3.6,1,1,68.31,45.92,22.39
DEMO_001935,CUST_0122,2025-03-22 14:00:00,Email,FLASH20,Beauty,West,1,2,1,0,159,1,58.73,0.05,2.94,1,1,55.79,34.64,21.15
DEMO_001936,CUST_0136,2025-03-22 15:00:00,Email,FLASH20,Electronics,East,1,3,13,1,167,0,194.71,0.2,38.94,1,1,155.77,132.03,23.74
DEMO_001937,CUST_0310,2025-03-22 16:00:00,Social,WELCOME10,Electronics,West,0,3,5,0,140,4,94.57,0.15,14.19,1,0,0.0,47.93,0.0
DEMO_001938,CUST_0461,2025-03-22 17:00:00,Direct,FLASH20,Home,South,1,2,6,1,136,0,129.49,0.0,0.0,0,0,0.0,81.96,0.0
DEMO_001939,CUST_0799,2025-03-22 18:00:00,Email,SUMMER15,Home,North,0,3,2,1,581,0,149.49,0.0,0.0,0,0,0.0,85.31,0.0
DEMO_001940,CUST_0173,2025-03-22 19:00:00,PPC,WELCOME10,Home,North,0,0,4,0,35,4,51.04,0.15,7.66,1,0,0.0,29.49,0.0
DEMO_001941,CUST_0136,2025-03-22 20:00:00,Email,FLASH20,Electronics,South,1,1,2,1,167,0,187.4,0.0,0.0,0,1,187.4,93.33,94.07
DEMO_001942,CUST_0210,2025-03-22 21:00:00,Email,FLASH20,Electronics,North,1,2,9,1,227,0,87.13,0.2,17.43,1,1,69.7,51.37,18.33
DEMO_001943,CUST_0728,2025-03-22 22:00:00,Organic,WELCOME10,Electronics,South,1,3,3,0,176,0,263.62,0.25,65.9,1,0,0.0,143.53,0.0
DEMO_001944,CUST_0025,2025-03-22 23:00:00,Social,FLASH20,Beauty,North,0,0,2,0,351,1,78.39,0.0,0.0,0,0,0.0,39.25,0.0
DEMO_001945,CUST_0316,2025-03-23 00:00:00,Organic,LOYALTY,Home,North,1,2,6,1,122,0,226.91,0.1,22.69,1,1,204.22,145.8,58.42
DEMO_001946,CUST_0099,2025-03-23 01:00:00,PPC,SUMMER15,Fashion,East,0,0,6,0,52,4,246.17,0.15,36.93,1,0,0.0,122.9,0.0
DEMO_001947,CUST_0130,2025-03-23 02:00:00,Organic,RETARGET,Fashion,West,1,2,4,1,178,0,89.99,0.15,13.5,1,1,76.49,46.71,29.78
DEMO_001948,CUST_0763,2025-03-23 03:00:00,Email,LOYALTY,Sports,North,0,1,5,0,177,0,102.96,0.2,20.59,1,0,0.0,48.39,0.0
DEMO_001949,CUST_0001,2025-03-23 04:00:00,Email,LOYALTY,Beauty,East,0,0,5,0,147,0,97.39,0.0,0.0,0,0,0.0,58.97,0.0
DEMO_001950,CUST_0267,2025-03-23 05:00:00,Direct,WELCOME10,Sports,East,0,1,5,0,308,1,222.26,0.2,44.45,1,1,177.81,114.53,63.28
DEMO_001951,CUST_0762,2025-03-23 06:00:00,Social,LOYALTY,Home,East,1,6,5,0,80,2,121.6,0.15,18.24,1,0,0.0,81.51,0.0
DEMO_001952,CUST_0506,2025-03-23 07:00:00,Direct,SUMMER15,Electronics,North,0,0,6,1,170,3,142.56,0.0,0.0,0,0,0.0,88.47,0.0
DEMO_001953,CUST_0059,2025-03-23 08:00:00,Direct,LOYALTY,Home,East,1,4,11,1,296,0,105.15,0.0,0.0,0,1,105.15,69.11,36.04
DEMO_001954,CUST_0387,2025-03-23 09:00:00,Organic,RETARGET,Home,North,1,2,9,1,229,1,138.72,0.05,6.94,1,0,0.0,68.69,0.0
DEMO_001955,CUST_0808,2025-03-23 10:00:00,Direct,SUMMER15,Electronics,North,0,1,5,0,355,2,142.84,0.2,28.57,1,0,0.0,85.3,0.0
DEMO_001956,CUST_0333,2025-03-23 11:00:00,PPC,SUMMER15,Electronics,South,0,1,7,0,179,1,85.75,0.05,4.29,1,1,81.46,55.94,25.52
DEMO_001957,CUST_0440,2025-03-23 12:00:00,Email,WELCOME10,Sports,West,0,1,1,0,72,1,249.04,0.1,24.9,1,0,0.0,167.14,0.0
DEMO_001958,CUST_0443,2025-03-23 13:00:00,Email,LOYALTY,Beauty,North,0,0,7,0,330,3,102.34,0.15,15.35,1,0,0.0,61.36,0.0
DEMO_001959,CUST_0550,2025-03-23 14:00:00,Email,LOYALTY,Beauty,West,1,3,7,1,359,3,178.31,0.1,17.83,1,0,0.0,119.1,0.0
DEMO_001960,CUST_0155,2025-03-23 15:00:00,Email,FLASH20,Home,West,1,4,5,0,226,0,63.57,0.15,9.54,1,0,0.0,30.76,0.0
DEMO_001961,CUST_0699,2025-03-23 16:00:00,PPC,WELCOME10,Sports,West,1,2,2,1,636,0,152.6,0.0,0.0,0,0,0.0,70.09,0.0
DEMO_001962,CUST_0823,2025-03-23 17:00:00,Social,SUMMER15,Fashion,South,0,1,4,0,184,1,181.13,0.15,27.17,1,0,0.0,100.88,0.0
DEMO_001963,CUST_0118,2025-03-23 18:00:00,Social,FLASH20,Beauty,North,0,1,4,0,193,0,126.43,0.0,0.0,0,0,0.0,66.12,0.0
DEMO_001964,CUST_0681,2025-03-23 19:00:00,Organic,RETARGET,Fashion,North,0,1,5,1,354,5,182.03,0.15,27.3,1,1,154.73,120.68,34.05
DEMO_001965,CUST_0680,2025-03-23 20:00:00,Email,WELCOME10,Electronics,West,1,3,9,0,211,2,81.59,0.0,0.0,0,1,81.59,37.02,44.57
DEMO_001966,CUST_0617,2025-03-23 21:00:00,Social,SUMMER15,Sports,North,0,1,3,0,192,1,138.74,0.2,27.75,1,1,110.99,72.55,38.44
DEMO_001967,CUST_0308,2025-03-23 22:00:00,PPC,LOYALTY,Home,East,0,0,5,1,101,0,56.58,0.1,5.66,1,0,0.0,30.01,0.0
DEMO_001968,CUST_0390,2025-03-23 23:00:00,Email,SUMMER15,Electronics,South,1,1,10,1,116,0,119.92,0.1,11.99,1,1,107.93,73.63,34.3
DEMO_001969,CUST_0699,2025-03-24 00:00:00,PPC,RETARGET,Home,West,1,3,6,0,66,0,78.51,0.1,7.85,1,0,0.0,35.36,0.0
DEMO_001970,CUST_0127,2025-03-24 01:00:00,PPC,RETARGET,Home,East,0,0,4,0,142,1,108.75,0.1,10.88,1,1,97.87,70.2,27.67
DEMO_001971,CUST_0690,2025-03-24 02:00:00,PPC,SUMMER15,Home,East,1,1,8,1,415,2,208.65,0.1,20.86,1,1,187.79,138.74,49.05
DEMO_001972,CUST_0766,2025-03-24 03:00:00,Social,LOYALTY,Electronics,West,0,1,7,1,522,6,245.19,0.0,0.0,0,0,0.0,137.64,0.0
DEMO_001973,CUST_0567,2025-03-24 04:00:00,Social,LOYALTY,Fashion,West,0,1,5,1,443,2,62.99,0.0,0.0,0,0,0.0,29.91,0.0
DEMO_001974,CUST_0284,2025-03-24 05:00:00,Social,LOYALTY,Beauty,South,0,0,3,0,403,2,196.44,0.0,0.0,0,0,0.0,90.69,0.0
DEMO_001975,CUST_0465,2025-03-24 06:00:00,Email,WELCOME10,Fashion,East,0,1,4,0,96,1,210.53,0.0,0.0,0,0,0.0,107.25,0.0
DEMO_001976,CUST_0041,2025-03-24 07:00:00,Social,WELCOME10,Electronics,East,1,1,12,1,229,0,129.81,0.0,0.0,0,1,129.81,62.43,67.38
DEMO_001977,CUST_0776,2025-03-24 08:00:00,Social,SUMMER15,Fashion,West,1,4,8,0,87,2,206.66,0.1,20.67,1,0,0.0,116.9,0.0
DEMO_001978,CUST_0285,2025-03-24 09:00:00,Email,WELCOME10,Sports,South,1,2,4,0,220,2,93.06,0.2,18.61,1,1,74.45,50.66,23.79
DEMO_001979,CUST_0047,2025-03-24 10:00:00,Organic,SUMMER15,Sports,South,0,0,5,1,193,3,89.01,0.15,13.35,1,0,0.0,43.98,0.0
DEMO_001980,CUST_0661,2025-03-24 11:00:00,Organic,LOYALTY,Fashion,West,1,0,10,1,103,1,89.18,0.2,17.84,1,1,71.34,57.22,14.12
DEMO_001981,CUST_0547,2025-03-24 12:00:00,PPC,FLASH20,Home,West,1,0,8,0,238,1,154.67,0.0,0.0,0,0,0.0,90.96,0.0
DEMO_001982,CUST_0518,2025-03-24 13:00:00,Email,SUMMER15,Beauty,East,0,1,5,0,110,1,107.37,0.15,16.11,1,0,0.0,63.78,0.0
DEMO_001983,CUST_0045,2025-03-24 14:00:00,Organic,WELCOME10,Fashion,North,1,4,6,1,217,1,81.28,0.0,0.0,0,0,0.0,49.35,0.0
DEMO_001984,CUST_0625,2025-03-24 15:00:00,Email,SUMMER15,Home,South,1,5,7,1,176,2,83.05,0.0,0.0,0,1,83.05,53.89,29.16
DEMO_001985,CUST_0530,2025-03-24 16:00:00,Email,FLASH20,Home,South,1,4,9,1,307,2,112.23,0.0,0.0,0,1,112.23,67.93,44.3
DEMO_001986,CUST_0661,2025-03-24 17:00:00,Email,LOYALTY,Sports,East,0,0,1,1,246,0,76.54,0.0,0.0,0,0,0.0,36.78,0.0
DEMO_001987,CUST_0689,2025-03-24 18:00:00,Direct,SUMMER15,Fashion,East,1,3,3,1,227,1,151.53,0.0,0.0,0,1,151.53,81.54,69.99
DEMO_001988,CUST_0176,2025-03-24 19:00:00,PPC,SUMMER15,Sports,West,0,1,5,0,386,1,192.06,0.15,28.81,1,0,0.0,109.47,0.0
DEMO_001989,CUST_0175,2025-03-24 20:00:00,PPC,FLASH20,Sports,North,1,0,7,1,182,0,173.86,0.15,26.08,1,1,147.78,85.64,62.14
DEMO_001990,CUST_0769,2025-03-24 21:00:00,PPC,WELCOME10,Fashion,South,1,5,10,0,229,2,415.71,0.1,41.57,1,0,0.0,276.97,0.0
DEMO_001991,CUST_0442,2025-03-24 22:00:00,Direct,SUMMER15,Beauty,East,0,1,3,0,135,2,134.95,0.2,26.99,1,0,0.0,68.56,0.0
DEMO_001992,CUST_0364,2025-03-24 23:00:00,Organic,WELCOME10,Electronics,West,1,4,5,1,705,2,240.53,0.0,0.0,0,0,0.0,150.95,0.0
DEMO_001993,CUST_0239,2025-03-25 00:00:00,Direct,FLASH20,Home,North,1,5,7,1,387,0,121.84,0.25,30.46,1,1,91.38,81.5,9.88
DEMO_001994,CUST_0532,2025-03-25 01:00:00,PPC,FLASH20,Fashion,West,1,2,7,1,507,1,98.96,0.15,14.84,1,0,0.0,50.79,0.0
DEMO_001995,CUST_0628,2025-03-25 02:00:00,Email,FLASH20,Sports,North,0,1,2,0,193,0,118.35,0.1,11.84,1,0,0.0,65.66,0.0
DEMO_001996,CUST_0001,2025-03-25 03:00:00,Organic,LOYALTY,Sports,North,0,1,3,0,346,2,120.89,0.2,24.18,1,0,0.0,61.32,0.0
DEMO_001997,CUST_0460,2025-03-25 04:00:00,PPC,SUMMER15,Beauty,West,0,0,3,0,81,1,106.1,0.1,10.61,1,0,0.0,67.82,0.0
DEMO_001998,CUST_0827,2025-03-25 05:00:00,Social,RETARGET,Sports,West,0,0,1,0,72,0,68.91,0.1,6.89,1,0,0.0,43.61,0.0
DEMO_001999,CUST_0233,2025-03-25 06:00:00,Direct,RETARGET,Electronics,West,1,1,5,1,206,0,72.19,0.25,18.05,1,1,54.14,47.32,6.82
DEMO_002000,CUST_0233,2025-03-25 07:00:00,Organic,WELCOME10,Sports,East,0,0,8,1,267,4,186.78,0.25,46.7,1,0,0.0,86.74,0.0
DEMO_002001,CUST_0731,2025-03-25 08:00:00,Direct,RETARGET,Fashion,East,1,3,7,0,367,0,163.26,0.2,32.65,1,1,130.61,101.26,29.35
DEMO_002002,CUST_0051,2025-03-25 09:00:00,Organic,WELCOME10,Fashion,East,1,2,5,0,183,0,249.74,0.0,0.0,0,0,0.0,145.68,0.0
DEMO_002003,CUST_0331,2025-03-25 10:00:00,PPC,SUMMER15,Beauty,East,1,4,7,0,154,1,94.0,0.0,0.0,0,0,0.0,51.46,0.0
DEMO_002004,CUST_0381,2025-03-25 11:00:00,Organic,FLASH20,Beauty,East,0,3,2,0,287,4,90.13,0.0,0.0,0,0,0.0,59.0,0.0
DEMO_002005,CUST_0664,2025-03-25 12:00:00,Email,WELCOME10,Fashion,South,1,2,7,0,442,0,66.88,0.15,10.03,1,1,56.85,43.44,13.41
DEMO_002006,CUST_0107,2025-03-25 13:00:00,Social,SUMMER15,Fashion,West,1,3,12,1,349,0,180.4,0.15,27.06,1,1,153.34,110.21,43.13
DEMO_002007,CUST_0361,2025-03-25 14:00:00,Email,WELCOME10,Fashion,South,1,3,4,1,289,1,75.08,0.15,11.26,1,0,0.0,36.76,0.0
DEMO_002008,CUST_0126,2025-03-25 15:00:00,PPC,FLASH20,Beauty,East,0,0,1,1,394,1,110.62,0.0,0.0,0,0,0.0,56.38,0.0
DEMO_002009,CUST_0656,2025-03-25 16:00:00,Organic,RETARGET,Fashion,East,1,1,5,0,329,1,129.15,0.0,0.0,0,0,0.0,62.75,0.0
DEMO_002010,CUST_0526,2025-03-25 17:00:00,Email,RETARGET,Beauty,East,0,0,3,0,299,1,55.5,0.05,2.78,1,0,0.0,28.25,0.0
DEMO_002011,CUST_0413,2025-03-25 18:00:00,Email,SUMMER15,Beauty,East,1,2,6,0,333,1,159.11,0.0,0.0,0,0,0.0,99.89,0.0
DEMO_002012,CUST_0327,2025-03-25 19:00:00,Social,FLASH20,Fashion,North,0,1,5,1,271,1,176.71,0.0,0.0,0,0,0.0,93.08,0.0
DEMO_002013,CUST_0127,2025-03-25 20:00:00,Email,FLASH20,Home,South,0,1,6,0,494,0,127.05,0.0,0.0,0,1,127.05,65.43,61.62
DEMO_002014,CUST_0767,2025-03-25 21:00:00,Organic,FLASH20,Home,South,1,3,5,1,123,1,107.87,0.0,0.0,0,1,107.87,54.72,53.15
DEMO_002015,CUST_0539,2025-03-25 22:00:00,PPC,LOYALTY,Sports,South,0,0,5,1,314,1,110.55,0.0,0.0,0,0,0.0,51.03,0.0
DEMO_002016,CUST_0265,2025-03-25 23:00:00,Email,RETARGET,Sports,West,1,2,10,1,166,2,210.63,0.2,42.13,1,1,168.5,111.27,57.23
DEMO_002017,CUST_0344,2025-03-26 00:00:00,Email,FLASH20,Electronics,West,1,2,5,0,207,0,114.89,0.2,22.98,1,0,0.0,54.2,0.0
DEMO_002018,CUST_0604,2025-03-26 01:00:00,Social,WELCOME10,Home,East,0,0,6,0,77,1,111.15,0.1,11.12,1,1,100.03,64.38,35.65
DEMO_002019,CUST_0599,2025-03-26 02:00:00,Direct,RETARGET,Beauty,South,0,0,4,0,140,2,82.35,0.0,0.0,0,0,0.0,40.56,0.0
DEMO_002020,CUST_0384,2025-03-26 03:00:00,Email,RETARGET,Sports,North,0,2,2,0,153,2,31.83,0.1,3.18,1,0,0.0,16.31,0.0
DEMO_002021,CUST_0252,2025-03-26 04:00:00,Direct,SUMMER15,Electronics,West,1,4,6,0,245,0,183.71,0.25,45.93,1,1,137.78,102.88,34.9
DEMO_002022,CUST_0549,2025-03-26 05:00:00,Organic,FLASH20,Home,West,1,7,10,0,132,1,112.02,0.15,16.8,1,0,0.0,60.23,0.0
DEMO_002023,CUST_0548,2025-03-26 06:00:00,Organic,RETARGET,Sports,South,0,0,1,0,161,1,75.65,0.0,0.0,0,0,0.0,39.64,0.0
DEMO_002024,CUST_0499,2025-03-26 07:00:00,Social,FLASH20,Home,West,0,1,1,0,295,4,289.93,0.1,28.99,1,1,260.94,194.26,66.68
DEMO_002025,CUST_0060,2025-03-26 08:00:00,Social,FLASH20,Sports,West,0,0,5,0,372,2,136.69,0.0,0.0,0,0,0.0,63.34,0.0
DEMO_002026,CUST_0393,2025-03-26 09:00:00,Social,RETARGET,Beauty,East,1,3,12,1,198,1,102.24,0.0,0.0,0,0,0.0,66.71,0.0
DEMO_002027,CUST_0511,2025-03-26 10:00:00,Organic,RETARGET,Beauty,North,0,2,1,0,406,2,177.36,0.1,17.74,1,1,159.62,117.69,41.93
DEMO_002028,CUST_0791,2025-03-26 11:00:00,Organic,FLASH20,Home,North,0,0,8,0,283,4,132.37,0.0,0.0,0,0,0.0,89.03,0.0
DEMO_002029,CUST_0437,2025-03-26 12:00:00,PPC,WELCOME10,Fashion,West,1,4,7,0,403,4,131.21,0.1,13.12,1,1,118.09,85.06,33.03
DEMO_002030,CUST_0285,2025-03-26 13:00:00,Email,FLASH20,Beauty,East,0,0,4,1,249,1,85.29,0.25,21.32,1,0,0.0,54.27,0.0
DEMO_002031,CUST_0462,2025-03-26 14:00:00,Social,LOYALTY,Home,North,1,1,5,1,209,0,153.45,0.2,30.69,1,1,122.76,77.41,45.35
DEMO_002032,CUST_0147,2025-03-26 15:00:00,Email,SUMMER15,Beauty,North,1,0,2,1,231,1,171.25,0.15,25.69,1,1,145.56,84.16,61.4
DEMO_002033,CUST_0075,2025-03-26 16:00:00,PPC,FLASH20,Sports,West,1,5,8,0,241,1,85.5,0.2,17.1,1,1,68.4,50.33,18.07
DEMO_002034,CUST_0564,2025-03-26 17:00:00,Email,LOYALTY,Beauty,South,0,2,2,0,197,1,47.81,0.15,7.17,1,1,40.64,27.4,13.24
DEMO_002035,CUST_0821,2025-03-26 18:00:00,Email,WELCOME10,Fashion,South,1,0,3,0,200,0,172.01,0.0,0.0,0,1,172.01,105.92,66.09
DEMO_002036,CUST_0704,2025-03-26 19:00:00,Organic,FLASH20,Sports,East,0,1,4,1,331,1,148.83,0.0,0.0,0,0,0.0,70.99,0.0
DEMO_002037,CUST_0486,2025-03-26 20:00:00,Organic,LOYALTY,Fashion,South,1,1,6,1,184,0,163.85,0.0,0.0,0,0,0.0,84.51,0.0
DEMO_002038,CUST_0033,2025-03-26 21:00:00,PPC,SUMMER15,Home,West,0,3,7,1,262,1,114.52,0.0,0.0,0,0,0.0,69.24,0.0
DEMO_002039,CUST_0822,2025-03-26 22:00:00,Email,FLASH20,Home,East,1,7,10,1,126,0,172.99,0.2,34.6,1,1,138.39,102.19,36.2
DEMO_002040,CUST_0374,2025-03-26 23:00:00,PPC,LOYALTY,Sports,South,0,0,5,0,187,1,83.61,0.0,0.0,0,0,0.0,44.33,0.0
DEMO_002041,CUST_0241,2025-03-27 00:00:00,PPC,WELCOME10,Fashion,South,1,1,4,0,151,1,103.13,0.05,5.16,1,0,0.0,49.92,0.0
DEMO_002042,CUST_0743,2025-03-27 01:00:00,Social,LOYALTY,Sports,West,1,2,6,0,155,0,70.03,0.05,3.5,1,0,0.0,45.33,0.0
DEMO_002043,CUST_0621,2025-03-27 02:00:00,Organic,SUMMER15,Fashion,East,0,1,6,0,89,0,188.83,0.0,0.0,0,0,0.0,121.07,0.0
DEMO_002044,CUST_0624,2025-03-27 03:00:00,Organic,SUMMER15,Sports,West,0,1,3,0,129,0,109.83,0.25,27.46,1,1,82.37,53.12,29.25
DEMO_002045,CUST_0231,2025-03-27 04:00:00,Organic,LOYALTY,Home,South,1,2,5,1,295,0,124.5,0.0,0.0,0,0,0.0,77.48,0.0
DEMO_002046,CUST_0826,2025-03-27 05:00:00,Direct,WELCOME10,Beauty,North,0,2,5,0,102,5,136.32,0.0,0.0,0,1,136.32,65.79,70.53
DEMO_002047,CUST_0377,2025-03-27 06:00:00,Social,WELCOME10,Home,West,1,1,7,0,48,0,100.75,0.15,15.11,1,0,0.0,55.8,0.0
DEMO_002048,CUST_0442,2025-03-27 07:00:00,Organic,FLASH20,Sports,North,1,3,6,1,316,1,162.4,0.0,0.0,0,0,0.0,90.49,0.0
DEMO_002049,CUST_0625,2025-03-27 08:00:00,Organic,RETARGET,Beauty,West,0,0,6,0,564,3,236.54,0.2,47.31,1,0,0.0,128.3,0.0
DEMO_002050,CUST_0549,2025-03-27 09:00:00,Email,WELCOME10,Sports,East,0,1,2,0,124,3,174.31,0.05,8.72,1,1,165.59,92.16,73.43
DEMO_002051,CUST_0143,2025-03-27 10:00:00,Direct,LOYALTY,Beauty,North,1,3,10,1,131,0,51.65,0.0,0.0,0,1,51.65,28.8,22.85
DEMO_002052,CUST_0251,2025-03-27 11:00:00,PPC,WELCOME10,Sports,West,0,1,6,1,539,3,117.85,0.15,17.68,1,0,0.0,72.32,0.0
DEMO_002053,CUST_0300,2025-03-27 12:00:00,PPC,FLASH20,Home,North,1,2,6,0,44,0,120.28,0.0,0.0,0,0,0.0,63.28,0.0
DEMO_002054,CUST_0789,2025-03-27 13:00:00,Direct,FLASH20,Beauty,South,0,1,7,1,307,3,196.18,0.25,49.04,1,1,147.14,114.46,32.68
DEMO_002055,CUST_0595,2025-03-27 14:00:00,Social,FLASH20,Home,South,0,0,2,0,115,0,87.61,0.0,0.0,0,0,0.0,46.65,0.0
DEMO_002056,CUST_0305,2025-03-27 15:00:00,Email,WELCOME10,Beauty,East,0,1,6,1,606,1,70.23,0.1,7.02,1,1,63.21,47.29,15.92
DEMO_002057,CUST_0612,2025-03-27 16:00:00,Email,LOYALTY,Fashion,East,0,0,2,0,170,1,163.37,0.0,0.0,0,0,0.0,99.21,0.0
DEMO_002058,CUST_0615,2025-03-27 17:00:00,Email,SUMMER15,Sports,East,1,4,4,0,130,0,111.2,0.15,16.68,1,0,0.0,71.84,0.0
DEMO_002059,CUST_0328,2025-03-27 18:00:00,Organic,LOYALTY,Electronics,South,0,0,5,1,66,1,84.72,0.0,0.0,0,0,0.0,46.54,0.0
DEMO_002060,CUST_0335,2025-03-27 19:00:00,Email,LOYALTY,Beauty,East,1,4,7,1,357,1,99.78,0.15,14.97,1,0,0.0,50.78,0.0
DEMO_002061,CUST_0744,2025-03-27 20:00:00,Direct,FLASH20,Fashion,North,1,1,7,0,295,1,59.44,0.0,0.0,0,1,59.44,27.83,31.61
DEMO_002062,CUST_0467,2025-03-27 21:00:00,Direct,SUMMER15,Electronics,East,0,1,3,0,394,1,121.09,0.0,0.0,0,0,0.0,77.25,0.0
DEMO_002063,CUST_0124,2025-03-27 22:00:00,Organic,LOYALTY,Beauty,North,0,2,5,0,220,2,97.84,0.1,9.78,1,1,88.06,59.74,28.32
DEMO_002064,CUST_0599,2025-03-27 23:00:00,Organic,RETARGET,Fashion,North,1,0,7,1,209,2,142.57,0.25,35.64,1,0,0.0,91.09,0.0
DEMO_002065,CUST_0491,2025-03-28 00:00:00,PPC,RETARGET,Electronics,East,1,2,2,0,355,0,102.29,0.2,20.46,1,0,0.0,62.01,0.0
DEMO_002066,CUST_0423,2025-03-28 01:00:00,Email,RETARGET,Beauty,North,1,0,5,1,191,2,113.97,0.15,17.1,1,0,0.0,52.28,0.0
DEMO_002067,CUST_0604,2025-03-28 02:00:00,Social,SUMMER15,Electronics,West,0,1,6,1,122,4,91.39,0.15,13.71,1,0,0.0,50.06,0.0
DEMO_002068,CUST_0755,2025-03-28 03:00:00,Email,FLASH20,Beauty,North,1,4,2,0,252,0,100.03,0.0,0.0,0,0,0.0,52.64,0.0
DEMO_002069,CUST_0275,2025-03-28 04:00:00,Email,SUMMER15,Sports,North,0,1,1,1,382,2,67.46,0.0,0.0,0,0,0.0,37.08,0.0
DEMO_002070,CUST_0349,2025-03-28 05:00:00,PPC,RETARGET,Sports,West,1,1,7,1,111,1,178.48,0.2,35.7,1,0,0.0,107.74,0.0
DEMO_002071,CUST_0157,2025-03-28 06:00:00,Email,RETARGET,Electronics,North,0,1,5,0,210,1,110.08,0.15,16.51,1,0,0.0,63.87,0.0
DEMO_002072,CUST_0539,2025-03-28 07:00:00,PPC,RETARGET,Sports,West,1,3,4,0,308,0,45.83,0.0,0.0,0,0,0.0,27.32,0.0
DEMO_002073,CUST_0335,2025-03-28 08:00:00,Social,WELCOME10,Fashion,South,0,0,2,1,183,1,54.96,0.25,13.74,1,0,0.0,27.39,0.0
DEMO_002074,CUST_0285,2025-03-28 09:00:00,Social,SUMMER15,Sports,West,1,3,7,1,535,2,178.91,0.0,0.0,0,0,0.0,100.93,0.0
DEMO_002075,CUST_0580,2025-03-28 10:00:00,Organic,LOYALTY,Beauty,West,0,0,5,1,174,0,110.01,0.1,11.0,1,0,0.0,55.45,0.0
DEMO_002076,CUST_0339,2025-03-28 11:00:00,Direct,LOYALTY,Electronics,North,1,3,3,0,124,1,111.17,0.0,0.0,0,0,0.0,63.1,0.0
DEMO_002077,CUST_0386,2025-03-28 12:00:00,PPC,SUMMER15,Home,South,0,0,5,1,192,1,112.03,0.1,11.2,1,1,100.83,58.02,42.81
DEMO_002078,CUST_0366,2025-03-28 13:00:00,Direct,WELCOME10,Electronics,East,1,1,7,0,98,1,139.67,0.15,20.95,1,0,0.0,69.83,0.0
DEMO_002079,CUST_0215,2025-03-28 14:00:00,Organic,WELCOME10,Sports,West,0,0,2,0,124,6,223.35,0.0,0.0,0,0,0.0,148.81,0.0
DEMO_002080,CUST_0104,2025-03-28 15:00:00,Email,LOYALTY,Fashion,North,0,2,3,0,206,1,137.04,0.0,0.0,0,0,0.0,70.12,0.0
DEMO_002081,CUST_0689,2025-03-28 16:00:00,Direct,FLASH20,Fashion,North,1,5,6,1,157,0,128.81,0.1,12.88,1,0,0.0,76.51,0.0
DEMO_002082,CUST_0076,2025-03-28 17:00:00,PPC,FLASH20,Fashion,South,0,1,6,0,268,2,86.74,0.1,8.67,1,0,0.0,51.53,0.0
DEMO_002083,CUST_0270,2025-03-28 18:00:00,Email,RETARGET,Home,North,0,0,9,1,115,3,56.03,0.15,8.4,1,0,0.0,32.65,0.0
DEMO_002084,CUST_0556,2025-03-28 19:00:00,PPC,WELCOME10,Beauty,South,1,5,6,1,158,1,138.87,0.2,27.77,1,0,0.0,85.45,0.0
DEMO_002085,CUST_0109,2025-03-28 20:00:00,PPC,LOYALTY,Home,North,1,3,7,1,540,2,144.01,0.1,14.4,1,0,0.0,84.95,0.0
DEMO_002086,CUST_0546,2025-03-28 21:00:00,PPC,SUMMER15,Home,West,1,2,6,1,171,0,183.98,0.25,46.0,1,0,0.0,118.74,0.0
DEMO_002087,CUST_0610,2025-03-28 22:00:00,Organic,RETARGET,Sports,West,0,0,4,0,186,4,242.37,0.1,24.24,1,0,0.0,110.49,0.0
DEMO_002088,CUST_0552,2025-03-28 23:00:00,Direct,RETARGET,Sports,North,0,1,10,1,246,3,66.56,0.2,13.31,1,0,0.0,31.08,0.0
DEMO_002089,CUST_0254,2025-03-29 00:00:00,PPC,FLASH20,Home,East,1,7,7,0,93,1,85.09,0.0,0.0,0,0,0.0,49.13,0.0
DEMO_002090,CUST_0016,2025-03-29 01:00:00,Organic,SUMMER15,Fashion,East,0,1,10,0,114,1,151.52,0.0,0.0,0,0,0.0,82.11,0.0
DEMO_002091,CUST_0739,2025-03-29 02:00:00,PPC,SUMMER15,Fashion,East,1,5,6,0,234,3,112.23,0.2,22.45,1,1,89.78,55.98,33.8
DEMO_002092,CUST_0272,2025-03-29 03:00:00,Social,WELCOME10,Electronics,West,0,0,3,0,122,0,214.76,0.15,32.21,1,1,182.55,114.07,68.48
DEMO_002093,CUST_0670,2025-03-29 04:00:00,Email,RETARGET,Sports,East,1,2,3,0,117,1,102.81,0.2,20.56,1,0,0.0,61.62,0.0
DEMO_002094,CUST_0164,2025-03-29 05:00:00,Email,WELCOME10,Electronics,East,1,3,8,1,164,1,276.01,0.0,0.0,0,1,276.01,178.36,97.65
DEMO_002095,CUST_0135,2025-03-29 06:00:00,Organic,FLASH20,Fashion,North,0,1,6,1,441,2,115.03,0.2,23.01,1,0,0.0,56.57,0.0
DEMO_002096,CUST_0648,2025-03-29 07:00:00,Social,FLASH20,Beauty,North,0,1,6,0,346,0,233.33,0.0,0.0,0,0,0.0,120.69,0.0
DEMO_002097,CUST_0782,2025-03-29 08:00:00,Social,LOYALTY,Electronics,East,0,1,4,0,208,1,37.97,0.0,0.0,0,0,0.0,18.31,0.0
DEMO_002098,CUST_0716,2025-03-29 09:00:00,Organic,RETARGET,Electronics,West,0,0,8,1,218,4,139.61,0.2,27.92,1,1,111.69,94.83,16.86
DEMO_002099,CUST_0625,2025-03-29 10:00:00,Social,FLASH20,Fashion,South,1,3,11,1,251,0,113.35,0.0,0.0,0,1,113.35,51.53,61.82
DEMO_002100,CUST_0205,2025-03-29 11:00:00,PPC,LOYALTY,Fashion,East,1,1,6,1,294,1,43.72,0.0,0.0,0,0,0.0,21.26,0.0
DEMO_002101,CUST_0760,2025-03-29 12:00:00,Email,FLASH20,Home,North,0,0,7,0,245,1,111.4,0.25,27.85,1,1,83.55,59.99,23.56
DEMO_002102,CUST_0556,2025-03-29 13:00:00,Email,FLASH20,Fashion,South,0,0,6,0,123,2,64.26,0.1,6.43,1,0,0.0,31.86,0.0
DEMO_002103,CUST_0143,2025-03-29 14:00:00,Email,WELCOME10,Beauty,West,1,3,8,1,198,1,88.78,0.15,13.32,1,0,0.0,53.84,0.0
DEMO_002104,CUST_0107,2025-03-29 15:00:00,PPC,SUMMER15,Fashion,East,0,0,5,0,139,0,128.68,0.0,0.0,0,0,0.0,58.58,0.0
DEMO_002105,CUST_0725,2025-03-29 16:00:00,Organic,FLASH20,Beauty,North,0,1,6,0,219,5,106.13,0.05,5.31,1,1,100.82,60.33,40.49
DEMO_002106,CUST_0229,2025-03-29 17:00:00,PPC,WELCOME10,Sports,West,1,3,5,1,430,1,131.68,0.1,13.17,1,0,0.0,65.21,0.0
DEMO_002107,CUST_0637,2025-03-29 18:00:00,Organic,SUMMER15,Home,West,0,1,5,0,187,0,120.39,0.1,12.04,1,0,0.0,71.67,0.0
DEMO_002108,CUST_0115,2025-03-29 19:00:00,Organic,FLASH20,Electronics,South,0,0,1,0,198,0,323.59,0.2,64.72,1,1,258.87,154.34,104.53
DEMO_002109,CUST_0233,2025-03-29 20:00:00,Social,FLASH20,Electronics,South,1,1,5,0,107,2,126.05,0.25,31.51,1,0,0.0,62.45,0.0
DEMO_002110,CUST_0236,2025-03-29 21:00:00,Social,RETARGET,Beauty,East,0,3,4,1,108,0,117.99,0.0,0.0,0,0,0.0,75.62,0.0
DEMO_002111,CUST_0234,2025-03-29 22:00:00,PPC,RETARGET,Electronics,West,1,6,7,1,195,1,135.56,0.15,20.33,1,0,0.0,89.06,0.0
DEMO_002112,CUST_0562,2025-03-29 23:00:00,PPC,LOYALTY,Beauty,South,1,1,7,0,275,1,110.85,0.15,16.63,1,0,0.0,59.1,0.0
DEMO_002113,CUST_0761,2025-03-30 00:00:00,Organic,WELCOME10,Sports,North,1,0,6,0,109,1,54.99,0.05,2.75,1,1,52.24,32.18,20.06
DEMO_002114,CUST_0758,2025-03-30 01:00:00,Organic,FLASH20,Beauty,North,0,0,8,1,99,1,153.14,0.0,0.0,0,1,153.14,92.7,60.44
DEMO_002115,CUST_0617,2025-03-30 02:00:00,PPC,LOYALTY,Home,West,0,1,5,0,251,1,200.5,0.25,50.12,1,0,0.0,125.31,0.0
DEMO_002116,CUST_0168,2025-03-30 03:00:00,PPC,FLASH20,Fashion,West,0,1,3,1,285,1,225.85,0.15,33.88,1,0,0.0,129.46,0.0
DEMO_002117,CUST_0800,2025-03-30 04:00:00,Social,FLASH20,Electronics,West,0,0,2,0,126,2,152.97,0.1,15.3,1,0,0.0,89.19,0.0
DEMO_002118,CUST_0451,2025-03-30 05:00:00,Organic,FLASH20,Sports,North,0,1,2,1,166,2,99.39,0.25,24.85,1,1,74.54,62.64,11.9
DEMO_002119,CUST_0454,2025-03-30 06:00:00,Email,FLASH20,Beauty,North,1,3,5,0,153,2,126.26,0.2,25.25,1,0,0.0,72.68,0.0
DEMO_002120,CUST_0584,2025-03-30 07:00:00,PPC,FLASH20,Sports,South,1,2,6,1,182,0,250.6,0.25,62.65,1,0,0.0,143.77,0.0
DEMO_002121,CUST_0640,2025-03-30 08:00:00,Direct,WELCOME10,Home,North,0,1,3,0,435,2,101.41,0.15,15.21,1,0,0.0,52.24,0.0
DEMO_002122,CUST_0793,2025-03-30 09:00:00,Email,FLASH20,Home,South,1,2,9,1,200,0,65.56,0.1,6.56,1,0,0.0,42.14,0.0
DEMO_002123,CUST_0485,2025-03-30 10:00:00,Direct,SUMMER15,Sports,East,1,2,7,0,225,2,303.14,0.1,30.31,1,0,0.0,167.22,0.0
DEMO_002124,CUST_0508,2025-03-30 11:00:00,Email,LOYALTY,Fashion,South,1,3,8,1,215,0,70.94,0.15,10.64,1,0,0.0,40.94,0.0
DEMO_002125,CUST_0621,2025-03-30 12:00:00,Organic,RETARGET,Electronics,North,1,2,4,0,230,1,55.29,0.25,13.82,1,1,41.47,32.92,8.55
DEMO_002126,CUST_0212,2025-03-30 13:00:00,PPC,FLASH20,Beauty,South,1,3,7,0,129,0,129.49,0.0,0.0,0,0,0.0,74.37,0.0
DEMO_002127,CUST_0256,2025-03-30 14:00:00,Email,SUMMER15,Sports,East,0,0,2,0,126,0,134.82,0.15,20.22,1,0,0.0,74.39,0.0
DEMO_002128,CUST_0521,2025-03-30 15:00:00,Direct,RETARGET,Fashion,East,0,0,7,0,186,4,137.84,0.0,0.0,0,0,0.0,77.42,0.0
DEMO_002129,CUST_0053,2025-03-30 16:00:00,PPC,LOYALTY,Sports,South,1,3,7,1,165,1,166.54,0.1,16.65,1,0,0.0,78.77,0.0
DEMO_002130,CUST_0266,2025-03-30 17:00:00,Direct,FLASH20,Electronics,South,1,3,6,1,195,0,104.3,0.0,0.0,0,1,104.3,66.66,37.64
DEMO_002131,CUST_0598,2025-03-30 18:00:00,PPC,WELCOME10,Sports,East,1,2,4,0,268,1,104.98,0.2,21.0,1,0,0.0,49.19,0.0
DEMO_002132,CUST_0813,2025-03-30 19:00:00,Direct,WELCOME10,Sports,North,1,2,8,0,353,0,86.67,0.15,13.0,1,0,0.0,58.68,0.0
DEMO_002133,CUST_0432,2025-03-30 20:00:00,Direct,SUMMER15,Electronics,West,0,0,2,0,515,2,119.29,0.0,0.0,0,0,0.0,80.29,0.0
DEMO_002134,CUST_0332,2025-03-30 21:00:00,Organic,SUMMER15,Fashion,West,0,1,1,0,256,2,143.15,0.2,28.63,1,0,0.0,93.47,0.0
DEMO_002135,CUST_0366,2025-03-30 22:00:00,Email,LOYALTY,Home,North,1,3,8,0,219,0,168.69,0.0,0.0,0,0,0.0,78.88,0.0
DEMO_002136,CUST_0570,2025-03-30 23:00:00,Social,FLASH20,Electronics,West,0,1,2,0,100,1,74.89,0.0,0.0,0,0,0.0,34.15,0.0
DEMO_002137,CUST_0453,2025-03-31 00:00:00,Organic,RETARGET,Beauty,North,1,7,10,1,380,2,64.02,0.25,16.0,1,1,48.02,37.9,10.12
DEMO_002138,CUST_0019,2025-03-31 01:00:00,Direct,FLASH20,Electronics,South,1,1,7,1,474,1,167.04,0.0,0.0,0,0,0.0,81.52,0.0
DEMO_002139,CUST_0449,2025-03-31 02:00:00,PPC,RETARGET,Fashion,East,1,3,9,1,191,0,88.41,0.05,4.42,1,1,83.99,58.91,25.08
DEMO_002140,CUST_0333,2025-03-31 03:00:00,PPC,FLASH20,Beauty,South,0,0,8,0,491,2,72.0,0.0,0.0,0,0,0.0,43.28,0.0
DEMO_002141,CUST_0583,2025-03-31 04:00:00,Email,SUMMER15,Electronics,North,1,6,10,1,400,0,48.79,0.0,0.0,0,1,48.79,31.6,17.19
DEMO_002142,CUST_0728,2025-03-31 05:00:00,Social,LOYALTY,Sports,North,0,1,3,0,258,5,211.31,0.1,21.13,1,0,0.0,143.41,0.0
DEMO_002143,CUST_0801,2025-03-31 06:00:00,Direct,FLASH20,Beauty,East,1,3,7,0,167,0,126.98,0.0,0.0,0,0,0.0,84.54,0.0
DEMO_002144,CUST_0508,2025-03-31 07:00:00,Email,SUMMER15,Beauty,North,0,0,6,1,129,2,143.38,0.0,0.0,0,0,0.0,67.99,0.0
DEMO_002145,CUST_0302,2025-03-31 08:00:00,Social,FLASH20,Fashion,South,1,3,4,0,436,1,136.57,0.15,20.49,1,0,0.0,92.32,0.0
DEMO_002146,CUST_0369,2025-03-31 09:00:00,Direct,LOYALTY,Beauty,South,0,0,2,0,73,0,123.43,0.15,18.51,1,0,0.0,57.54,0.0
DEMO_002147,CUST_0146,2025-03-31 10:00:00,Email,SUMMER15,Beauty,West,0,1,10,1,497,2,111.0,0.0,0.0,0,0,0.0,69.82,0.0
DEMO_002148,CUST_0779,2025-03-31 11:00:00,Email,LOYALTY,Beauty,West,0,0,5,0,476,0,108.68,0.0,0.0,0,0,0.0,67.64,0.0
DEMO_002149,CUST_0705,2025-03-31 12:00:00,Social,RETARGET,Beauty,West,0,1,5,0,101,3,72.27,0.2,14.45,1,0,0.0,36.06,0.0
DEMO_002150,CUST_0711,2025-03-31 13:00:00,Organic,FLASH20,Sports,East,0,1,4,0,73,1,50.68,0.0,0.0,0,0,0.0,27.26,0.0
DEMO_002151,CUST_0273,2025-03-31 14:00:00,Email,SUMMER15,Beauty,East,1,2,7,0,138,1,308.13,0.1,30.81,1,1,277.32,183.35,93.97
DEMO_002152,CUST_0268,2025-03-31 15:00:00,Social,FLASH20,Fashion,South,1,0,8,1,225,0,114.1,0.1,11.41,1,1,102.69,64.4,38.29
DEMO_002153,CUST_0713,2025-03-31 16:00:00,Organic,RETARGET,Home,North,0,0,7,1,181,1,92.12,0.2,18.42,1,0,0.0,56.37,0.0
DEMO_002154,CUST_0453,2025-03-31 17:00:00,Direct,WELCOME10,Home,West,1,4,5,1,187,1,78.22,0.0,0.0,0,1,78.22,37.56,40.66
DEMO_002155,CUST_0586,2025-03-31 18:00:00,Direct,RETARGET,Home,South,1,2,6,0,179,0,179.88,0.2,35.98,1,0,0.0,97.79,0.0
DEMO_002156,CUST_0408,2025-03-31 19:00:00,Social,FLASH20,Electronics,South,1,4,5,0,426,1,119.72,0.0,0.0,0,0,0.0,73.63,0.0
DEMO_002157,CUST_0368,2025-03-31 20:00:00,Organic,RETARGET,Sports,North,0,0,3,0,165,3,76.06,0.0,0.0,0,0,0.0,34.37,0.0
DEMO_002158,CUST_0526,2025-03-31 21:00:00,PPC,LOYALTY,Beauty,South,0,0,5,0,270,0,97.85,0.0,0.0,0,0,0.0,58.67,0.0
DEMO_002159,CUST_0677,2025-03-31 22:00:00,Organic,LOYALTY,Beauty,East,1,4,3,0,81,0,129.04,0.0,0.0,0,1,129.04,74.12,54.92
DEMO_002160,CUST_0278,2025-03-31 23:00:00,Email,RETARGET,Sports,South,0,0,4,0,194,2,94.26,0.0,0.0,0,0,0.0,62.47,0.0
DEMO_002161,CUST_0674,2025-04-01 00:00:00,Organic,WELCOME10,Beauty,East,0,0,4,0,145,2,161.87,0.05,8.09,1,0,0.0,108.66,0.0
DEMO_002162,CUST_0203,2025-04-01 01:00:00,Email,FLASH20,Beauty,North,1,4,4,1,315,1,291.73,0.0,0.0,0,0,0.0,177.51,0.0
DEMO_002163,CUST_0335,2025-04-01 02:00:00,Organic,WELCOME10,Beauty,North,0,0,9,0,77,4,92.77,0.1,9.28,1,0,0.0,53.24,0.0
DEMO_002164,CUST_0760,2025-04-01 03:00:00,Email,SUMMER15,Beauty,West,1,1,12,1,422,2,98.67,0.05,4.93,1,1,93.74,56.44,37.3
DEMO_002165,CUST_0795,2025-04-01 04:00:00,PPC,WELCOME10,Beauty,South,0,1,2,1,192,1,77.21,0.1,7.72,1,1,69.49,42.64,26.85
DEMO_002166,CUST_0769,2025-04-01 05:00:00,Email,LOYALTY,Fashion,South,1,2,5,0,112,1,104.68,0.0,0.0,0,0,0.0,65.85,0.0
DEMO_002167,CUST_0263,2025-04-01 06:00:00,Organic,LOYALTY,Home,South,1,2,12,1,523,0,46.42,0.2,9.28,1,1,37.14,24.46,12.68
DEMO_002168,CUST_0702,2025-04-01 07:00:00,Social,LOYALTY,Beauty,East,1,4,9,1,264,2,183.96,0.25,45.99,1,0,0.0,93.03,0.0
DEMO_002169,CUST_0779,2025-04-01 08:00:00,Email,WELCOME10,Sports,East,1,8,3,0,176,1,61.54,0.0,0.0,0,0,0.0,33.94,0.0
DEMO_002170,CUST_0814,2025-04-01 09:00:00,Direct,SUMMER15,Beauty,South,1,5,12,1,126,1,78.04,0.0,0.0,0,0,0.0,41.09,0.0
DEMO_002171,CUST_0017,2025-04-01 10:00:00,Direct,LOYALTY,Home,West,0,0,4,1,150,0,116.48,0.1,11.65,1,0,0.0,74.23,0.0
DEMO_002172,CUST_0620,2025-04-01 11:00:00,PPC,RETARGET,Sports,West,1,3,6,0,79,0,208.48,0.2,41.7,1,0,0.0,107.01,0.0
DEMO_002173,CUST_0830,2025-04-01 12:00:00,Organic,RETARGET,Fashion,North,1,3,7,1,236,0,76.37,0.25,19.09,1,1,57.28,41.43,15.85
DEMO_002174,CUST_0636,2025-04-01 13:00:00,PPC,WELCOME10,Fashion,East,0,1,8,1,397,3,103.13,0.0,0.0,0,0,0.0,52.82,0.0
DEMO_002175,CUST_0194,2025-04-01 14:00:00,Email,FLASH20,Beauty,West,0,2,11,0,224,3,128.01,0.0,0.0,0,0,0.0,73.45,0.0
DEMO_002176,CUST_0635,2025-04-01 15:00:00,Organic,WELCOME10,Electronics,South,0,2,7,1,243,2,82.91,0.05,4.15,1,0,0.0,43.15,0.0
DEMO_002177,CUST_0087,2025-04-01 16:00:00,Email,RETARGET,Sports,North,1,1,9,0,179,0,106.25,0.0,0.0,0,1,106.25,63.13,43.12
DEMO_002178,CUST_0400,2025-04-01 17:00:00,Direct,WELCOME10,Electronics,North,1,3,8,1,350,1,54.83,0.0,0.0,0,0,0.0,34.84,0.0
DEMO_002179,CUST_0521,2025-04-01 18:00:00,Direct,RETARGET,Beauty,East,0,2,3,1,210,1,88.46,0.15,13.27,1,1,75.19,55.06,20.13
DEMO_002180,CUST_0380,2025-04-01 19:00:00,Social,WELCOME10,Home,West,0,3,5,0,65,1,195.14,0.0,0.0,0,0,0.0,101.35,0.0
DEMO_002181,CUST_0582,2025-04-01 20:00:00,Organic,WELCOME10,Home,North,1,2,7,1,375,0,161.91,0.15,24.29,1,1,137.62,93.92,43.7
DEMO_002182,CUST_0200,2025-04-01 21:00:00,Organic,RETARGET,Beauty,East,0,0,5,0,88,2,91.86,0.0,0.0,0,0,0.0,49.42,0.0
DEMO_002183,CUST_0504,2025-04-01 22:00:00,Direct,FLASH20,Beauty,South,1,1,5,0,58,0,71.1,0.0,0.0,0,0,0.0,42.63,0.0
DEMO_002184,CUST_0537,2025-04-01 23:00:00,PPC,FLASH20,Beauty,South,0,2,5,0,218,0,101.95,0.0,0.0,0,0,0.0,66.31,0.0
DEMO_002185,CUST_0527,2025-04-02 00:00:00,Email,LOYALTY,Beauty,East,0,0,3,0,42,1,58.05,0.15,8.71,1,0,0.0,37.34,0.0
DEMO_002186,CUST_0241,2025-04-02 01:00:00,Organic,SUMMER15,Home,West,0,1,1,0,181,3,102.66,0.1,10.27,1,0,0.0,67.15,0.0
DEMO_002187,CUST_0254,2025-04-02 02:00:00,PPC,LOYALTY,Beauty,North,1,2,10,1,252,3,93.27,0.15,13.99,1,0,0.0,50.61,0.0
DEMO_002188,CUST_0214,2025-04-02 03:00:00,PPC,FLASH20,Home,North,1,2,4,0,239,0,91.75,0.0,0.0,0,0,0.0,58.41,0.0
DEMO_002189,CUST_0384,2025-04-02 04:00:00,Email,SUMMER15,Beauty,South,0,1,4,1,275,0,105.26,0.0,0.0,0,0,0.0,56.49,0.0
DEMO_002190,CUST_0488,2025-04-02 05:00:00,Organic,SUMMER15,Sports,South,0,0,4,1,123,3,142.81,0.1,14.28,1,1,128.53,67.6,60.93
DEMO_002191,CUST_0301,2025-04-02 06:00:00,PPC,WELCOME10,Home,East,0,0,5,1,350,0,70.29,0.0,0.0,0,0,0.0,41.15,0.0
DEMO_002192,CUST_0341,2025-04-02 07:00:00,Email,SUMMER15,Electronics,East,0,0,3,0,177,2,172.59,0.1,17.26,1,0,0.0,101.34,0.0
DEMO_002193,CUST_0238,2025-04-02 08:00:00,Email,FLASH20,Fashion,North,1,3,8,1,194,2,186.11,0.25,46.53,1,1,139.58,116.32,23.26
DEMO_002194,CUST_0182,2025-04-02 09:00:00,PPC,WELCOME10,Beauty,South,0,1,4,1,127,2,301.84,0.0,0.0,0,0,0.0,194.18,0.0
DEMO_002195,CUST_0547,2025-04-02 10:00:00,Direct,WELCOME10,Beauty,East,1,4,11,0,336,1,128.17,0.1,12.82,1,1,115.35,84.07,31.28
DEMO_002196,CUST_0679,2025-04-02 11:00:00,PPC,LOYALTY,Fashion,South,0,1,6,1,368,2,217.65,0.2,43.53,1,0,0.0,133.09,0.0
DEMO_002197,CUST_0242,2025-04-02 12:00:00,Social,FLASH20,Beauty,East,0,0,4,0,131,4,174.06,0.0,0.0,0,0,0.0,103.42,0.0
DEMO_002198,CUST_0716,2025-04-02 13:00:00,Social,WELCOME10,Home,South,0,0,3,0,240,3,122.2,0.25,30.55,1,0,0.0,55.43,0.0
DEMO_002199,CUST_0475,2025-04-02 14:00:00,PPC,LOYALTY,Electronics,South,0,1,6,1,325,0,64.87,0.15,9.73,1,0,0.0,30.89,0.0
DEMO_002200,CUST_0139,2025-04-02 15:00:00,Social,LOYALTY,Beauty,North,0,1,1,0,154,0,167.82,0.0,0.0,0,0,0.0,80.92,0.0
DEMO_002201,CUST_0304,2025-04-02 16:00:00,Social,WELCOME10,Fashion,North,0,3,7,1,370,0,124.95,0.0,0.0,0,1,124.95,63.68,61.27
DEMO_002202,CUST_0006,2025-04-02 17:00:00,Organic,SUMMER15,Fashion,North,0,0,7,0,329,0,250.71,0.0,0.0,0,0,0.0,164.33,0.0
DEMO_002203,CUST_0032,2025-04-02 18:00:00,Email,SUMMER15,Home,East,1,5,5,1,102,1,156.51,0.0,0.0,0,0,0.0,96.57,0.0
DEMO_002204,CUST_0279,2025-04-02 19:00:00,Email,LOYALTY,Beauty,North,0,1,6,0,269,1,180.39,0.2,36.08,1,1,144.31,107.45,36.86
DEMO_002205,CUST_0378,2025-04-02 20:00:00,Direct,WELCOME10,Fashion,East,0,1,3,0,133,1,86.47,0.1,8.65,1,0,0.0,41.39,0.0
DEMO_002206,CUST_0664,2025-04-02 21:00:00,Social,RETARGET,Sports,West,0,0,9,0,104,1,125.22,0.0,0.0,0,0,0.0,75.22,0.0
DEMO_002207,CUST_0111,2025-04-02 22:00:00,Direct,SUMMER15,Electronics,East,1,4,6,0,43,1,47.2,0.0,0.0,0,0,0.0,29.17,0.0
DEMO_002208,CUST_0699,2025-04-02 23:00:00,Direct,WELCOME10,Sports,East,1,2,9,0,192,0,143.96,0.25,35.99,1,0,0.0,74.98,0.0
DEMO_002209,CUST_0195,2025-04-03 00:00:00,Email,RETARGET,Home,North,1,6,3,0,151,0,194.03,0.0,0.0,0,0,0.0,98.19,0.0
DEMO_002210,CUST_0115,2025-04-03 01:00:00,Social,WELCOME10,Fashion,South,1,2,5,0,129,1,209.84,0.0,0.0,0,0,0.0,127.56,0.0
DEMO_002211,CUST_0583,2025-04-03 02:00:00,PPC,WELCOME10,Sports,West,1,4,4,1,329,1,95.61,0.25,23.9,1,0,0.0,45.67,0.0
DEMO_002212,CUST_0645,2025-04-03 03:00:00,Social,RETARGET,Sports,South,0,1,3,1,883,3,49.59,0.0,0.0,0,0,0.0,28.95,0.0
DEMO_002213,CUST_0503,2025-04-03 04:00:00,Email,FLASH20,Electronics,West,1,4,6,0,241,0,88.07,0.0,0.0,0,0,0.0,59.39,0.0
DEMO_002214,CUST_0096,2025-04-03 05:00:00,PPC,FLASH20,Sports,East,1,4,6,0,151,0,108.31,0.15,16.25,1,0,0.0,49.35,0.0
DEMO_002215,CUST_0096,2025-04-03 06:00:00,Social,LOYALTY,Beauty,South,0,1,2,0,325,0,134.82,0.15,20.22,1,1,114.6,66.33,48.27
DEMO_002216,CUST_0324,2025-04-03 07:00:00,Social,LOYALTY,Beauty,North,0,2,2,0,92,1,45.0,0.0,0.0,0,0,0.0,25.74,0.0
DEMO_002217,CUST_0375,2025-04-03 08:00:00,Organic,LOYALTY,Beauty,North,0,1,5,1,184,3,107.01,0.15,16.05,1,1,90.96,49.9,41.06
DEMO_002218,CUST_0831,2025-04-03 09:00:00,PPC,WELCOME10,Electronics,South,0,0,5,0,200,3,70.33,0.1,7.03,1,0,0.0,43.1,0.0
DEMO_002219,CUST_0238,2025-04-03 10:00:00,PPC,FLASH20,Sports,South,1,2,11,0,202,1,215.06,0.15,32.26,1,0,0.0,100.77,0.0
DEMO_002220,CUST_0160,2025-04-03 11:00:00,Direct,SUMMER15,Home,East,0,0,4,1,355,1,39.22,0.05,1.96,1,0,0.0,19.38,0.0
DEMO_002221,CUST_0787,2025-04-03 12:00:00,PPC,RETARGET,Home,East,1,6,6,0,418,0,176.92,0.2,35.38,1,1,141.54,101.9,39.64
DEMO_002222,CUST_0128,2025-04-03 13:00:00,PPC,FLASH20,Beauty,South,1,3,4,0,301,4,104.4,0.0,0.0,0,0,0.0,66.56,0.0
DEMO_002223,CUST_0021,2025-04-03 14:00:00,Organic,WELCOME10,Fashion,East,0,0,6,1,470,2,44.65,0.15,6.7,1,0,0.0,23.86,0.0
DEMO_002224,CUST_0352,2025-04-03 15:00:00,PPC,RETARGET,Electronics,West,0,0,4,0,431,1,238.61,0.0,0.0,0,0,0.0,110.47,0.0
DEMO_002225,CUST_0334,2025-04-03 16:00:00,Organic,SUMMER15,Fashion,East,1,3,5,1,268,1,205.94,0.0,0.0,0,0,0.0,109.15,0.0
DEMO_002226,CUST_0516,2025-04-03 17:00:00,PPC,SUMMER15,Electronics,West,1,3,4,0,167,0,196.86,0.1,19.69,1,1,177.17,91.92,85.25
DEMO_002227,CUST_0731,2025-04-03 18:00:00,Social,RETARGET,Electronics,South,0,1,6,0,263,3,116.97,0.1,11.7,1,0,0.0,57.7,0.0
DEMO_002228,CUST_0777,2025-04-03 19:00:00,Direct,LOYALTY,Sports,West,0,1,3,0,56,2,82.91,0.1,8.29,1,1,74.62,46.24,28.38
DEMO_002229,CUST_0241,2025-04-03 20:00:00,Direct,RETARGET,Fashion,South,1,3,8,1,355,1,115.5,0.0,0.0,0,0,0.0,75.37,0.0
DEMO_002230,CUST_0817,2025-04-03 21:00:00,Organic,LOYALTY,Fashion,North,1,5,8,0,282,0,143.41,0.0,0.0,0,0,0.0,94.01,0.0
DEMO_002231,CUST_0527,2025-04-03 22:00:00,PPC,RETARGET,Beauty,North,0,1,7,0,90,1,87.87,0.15,13.18,1,0,0.0,53.77,0.0
DEMO_002232,CUST_0058,2025-04-03 23:00:00,Social,WELCOME10,Home,North,0,1,8,1,447,2,76.25,0.0,0.0,0,1,76.25,49.08,27.17
DEMO_002233,CUST_0781,2025-04-04 00:00:00,Social,FLASH20,Fashion,West,1,5,4,0,336,0,140.04,0.15,21.01,1,0,0.0,80.25,0.0
DEMO_002234,CUST_0114,2025-04-04 01:00:00,Organic,SUMMER15,Electronics,North,0,0,5,0,254,1,122.48,0.1,12.25,1,0,0.0,82.03,0.0
DEMO_002235,CUST_0490,2025-04-04 02:00:00,Social,SUMMER15,Home,West,0,1,4,1,215,0,170.15,0.0,0.0,0,0,0.0,109.23,0.0
DEMO_002236,CUST_0658,2025-04-04 03:00:00,Social,SUMMER15,Beauty,West,1,4,5,1,455,1,222.6,0.0,0.0,0,0,0.0,133.81,0.0
DEMO_002237,CUST_0207,2025-04-04 04:00:00,Social,SUMMER15,Fashion,South,0,0,2,0,60,0,164.9,0.0,0.0,0,0,0.0,83.08,0.0
DEMO_002238,CUST_0225,2025-04-04 05:00:00,Social,FLASH20,Sports,West,0,1,6,1,227,3,66.78,0.05,3.34,1,0,0.0,41.74,0.0
DEMO_002239,CUST_0396,2025-04-04 06:00:00,Email,RETARGET,Fashion,West,1,7,2,0,271,0,111.51,0.0,0.0,0,1,111.51,72.62,38.89
DEMO_002240,CUST_0737,2025-04-04 07:00:00,Organic,LOYALTY,Beauty,West,1,4,5,0,354,3,133.51,0.2,26.7,1,0,0.0,74.78,0.0
DEMO_002241,CUST_0186,2025-04-04 08:00:00,Organic,SUMMER15,Electronics,South,0,0,1,0,330,3,161.44,0.1,16.14,1,1,145.3,86.14,59.16
DEMO_002242,CUST_0552,2025-04-04 09:00:00,Email,FLASH20,Beauty,South,0,1,3,1,135,0,165.03,0.1,16.5,1,1,148.53,88.11,60.42
DEMO_002243,CUST_0377,2025-04-04 10:00:00,Direct,FLASH20,Fashion,North,1,3,10,1,288,1,109.28,0.0,0.0,0,1,109.28,68.08,41.2
DEMO_002244,CUST_0093,2025-04-04 11:00:00,Organic,SUMMER15,Electronics,West,1,5,3,1,253,0,89.95,0.1,9.0,1,1,80.95,60.13,20.82
DEMO_002245,CUST_0592,2025-04-04 12:00:00,Email,FLASH20,Beauty,West,1,4,8,1,103,1,176.6,0.15,26.49,1,0,0.0,95.74,0.0
DEMO_002246,CUST_0693,2025-04-04 13:00:00,Social,LOYALTY,Home,East,1,4,4,0,80,0,132.94,0.0,0.0,0,0,0.0,63.08,0.0
DEMO_002247,CUST_0479,2025-04-04 14:00:00,Social,SUMMER15,Beauty,North,1,3,8,1,93,1,127.32,0.0,0.0,0,0,0.0,58.53,0.0
DEMO_002248,CUST_0146,2025-04-04 15:00:00,Social,FLASH20,Electronics,West,1,1,9,1,103,1,81.69,0.0,0.0,0,0,0.0,52.39,0.0
DEMO_002249,CUST_0129,2025-04-04 16:00:00,PPC,LOYALTY,Sports,South,1,3,8,1,135,1,288.56,0.0,0.0,0,0,0.0,150.48,0.0
DEMO_002250,CUST_0352,2025-04-04 17:00:00,Direct,FLASH20,Beauty,East,0,0,3,1,219,5,125.47,0.0,0.0,0,0,0.0,80.21,0.0
DEMO_002251,CUST_0421,2025-04-04 18:00:00,PPC,SUMMER15,Electronics,East,1,3,2,0,175,1,107.87,0.0,0.0,0,0,0.0,51.42,0.0
DEMO_002252,CUST_0459,2025-04-04 19:00:00,Organic,FLASH20,Electronics,North,1,3,9,1,283,1,125.47,0.25,31.37,1,0,0.0,57.6,0.0
DEMO_002253,CUST_0202,2025-04-04 20:00:00,Email,LOYALTY,Fashion,North,0,1,5,1,170,3,105.72,0.1,10.57,1,1,95.15,55.1,40.05
DEMO_002254,CUST_0417,2025-04-04 21:00:00,Organic,SUMMER15,Electronics,North,0,0,2,0,365,1,62.81,0.0,0.0,0,0,0.0,32.82,0.0
DEMO_002255,CUST_0245,2025-04-04 22:00:00,Social,FLASH20,Sports,West,1,5,9,0,319,1,128.3,0.0,0.0,0,0,0.0,87.17,0.0
DEMO_002256,CUST_0571,2025-04-04 23:00:00,Organic,LOYALTY,Beauty,West,0,1,5,0,228,3,58.37,0.0,0.0,0,1,58.37,29.47,28.9
DEMO_002257,CUST_0663,2025-04-05 00:00:00,Organic,SUMMER15,Sports,South,1,2,7,0,456,2,117.49,0.15,17.62,1,1,99.87,72.9,26.97
DEMO_002258,CUST_0543,2025-04-05 01:00:00,Social,SUMMER15,Fashion,South,0,2,3,0,216,1,54.77,0.0,0.0,0,0,0.0,36.25,0.0
DEMO_002259,CUST_0001,2025-04-05 02:00:00,Social,RETARGET,Beauty,South,0,2,3,0,66,1,42.54,0.15,6.38,1,0,0.0,26.8,0.0
DEMO_002260,CUST_0826,2025-04-05 03:00:00,PPC,SUMMER15,Beauty,South,0,1,5,1,316,2,147.8,0.0,0.0,0,0,0.0,99.63,0.0
DEMO_002261,CUST_0019,2025-04-05 04:00:00,Direct,FLASH20,Beauty,East,1,5,4,0,196,2,68.26,0.2,13.65,1,1,54.61,33.35,21.26
DEMO_002262,CUST_0832,2025-04-05 05:00:00,Social,WELCOME10,Electronics,South,0,1,3,0,142,1,136.37,0.0,0.0,0,0,0.0,82.8,0.0
DEMO_002263,CUST_0026,2025-04-05 06:00:00,Direct,RETARGET,Electronics,East,1,2,6,0,155,1,121.05,0.1,12.1,1,0,0.0,69.01,0.0
DEMO_002264,CUST_0430,2025-04-05 07:00:00,Direct,FLASH20,Home,South,0,0,3,0,243,2,119.83,0.1,11.98,1,0,0.0,77.9,0.0
DEMO_002265,CUST_0088,2025-04-05 08:00:00,Direct,LOYALTY,Electronics,East,0,2,3,0,222,2,84.59,0.0,0.0,0,0,0.0,52.52,0.0
DEMO_002266,CUST_0079,2025-04-05 09:00:00,Social,LOYALTY,Home,West,0,2,3,0,510,1,105.75,0.1,10.58,1,1,95.17,66.53,28.64
DEMO_002267,CUST_0569,2025-04-05 10:00:00,Organic,SUMMER15,Electronics,North,0,1,6,0,206,0,83.48,0.2,16.7,1,0,0.0,44.98,0.0
DEMO_002268,CUST_0606,2025-04-05 11:00:00,Email,SUMMER15,Electronics,North,1,1,2,0,216,0,171.6,0.0,0.0,0,0,0.0,103.94,0.0
DEMO_002269,CUST_0098,2025-04-05 12:00:00,Organic,LOYALTY,Electronics,East,1,3,9,1,244,2,90.26,0.0,0.0,0,0,0.0,58.91,0.0
DEMO_002270,CUST_0813,2025-04-05 13:00:00,Social,RETARGET,Electronics,North,0,0,2,0,193,4,100.31,0.0,0.0,0,0,0.0,49.69,0.0
DEMO_002271,CUST_0266,2025-04-05 14:00:00,Organic,WELCOME10,Sports,North,0,1,8,0,89,2,156.82,0.0,0.0,0,0,0.0,71.7,0.0
DEMO_002272,CUST_0265,2025-04-05 15:00:00,Direct,RETARGET,Electronics,West,1,2,5,1,180,0,84.8,0.2,16.96,1,1,67.84,44.24,23.6
DEMO_002273,CUST_0247,2025-04-05 16:00:00,Email,RETARGET,Electronics,South,1,1,7,0,240,2,50.1,0.1,5.01,1,0,0.0,32.49,0.0
DEMO_002274,CUST_0384,2025-04-05 17:00:00,PPC,WELCOME10,Sports,East,1,4,12,1,116,1,69.59,0.25,17.4,1,1,52.19,38.76,13.43
DEMO_002275,CUST_0148,2025-04-05 18:00:00,Organic,WELCOME10,Home,West,1,5,9,1,209,1,180.39,0.1,18.04,1,1,162.35,91.84,70.51
DEMO_002276,CUST_0353,2025-04-05 19:00:00,PPC,LOYALTY,Beauty,North,0,2,4,1,430,1,116.42,0.0,0.0,0,0,0.0,76.78,0.0
DEMO_002277,CUST_0174,2025-04-05 20:00:00,Email,RETARGET,Sports,South,0,3,2,1,204,3,127.93,0.0,0.0,0,0,0.0,58.81,0.0
DEMO_002278,CUST_0042,2025-04-05 21:00:00,Email,SUMMER15,Beauty,North,1,5,10,1,491,0,128.13,0.0,0.0,0,0,0.0,81.43,0.0
DEMO_002279,CUST_0307,2025-04-05 22:00:00,Social,LOYALTY,Beauty,South,1,1,4,1,206,0,250.81,0.0,0.0,0,1,250.81,158.96,91.85
DEMO_002280,CUST_0559,2025-04-05 23:00:00,Organic,RETARGET,Fashion,North,1,0,4,0,331,0,44.09,0.1,4.41,1,0,0.0,25.1,0.0
DEMO_002281,CUST_0635,2025-04-06 00:00:00,Email,SUMMER15,Home,West,0,0,2,0,198,2,105.9,0.15,15.88,1,0,0.0,54.08,0.0
DEMO_002282,CUST_0294,2025-04-06 01:00:00,Email,SUMMER15,Beauty,South,0,0,6,0,90,2,113.7,0.1,11.37,1,1,102.33,62.53,39.8
DEMO_002283,CUST_0269,2025-04-06 02:00:00,Organic,RETARGET,Home,North,1,3,2,0,501,1,111.15,0.0,0.0,0,0,0.0,59.07,0.0
DEMO_002284,CUST_0655,2025-04-06 03:00:00,Email,SUMMER15,Beauty,North,0,0,6,0,84,2,160.74,0.05,8.04,1,0,0.0,77.57,0.0
DEMO_002285,CUST_0567,2025-04-06 04:00:00,Social,FLASH20,Home,North,0,0,5,0,137,4,162.58,0.1,16.26,1,0,0.0,95.41,0.0
DEMO_002286,CUST_0693,2025-04-06 05:00:00,Social,FLASH20,Beauty,North,1,3,8,1,587,2,101.77,0.0,0.0,0,1,101.77,50.38,51.39
DEMO_002287,CUST_0754,2025-04-06 06:00:00,Email,FLASH20,Fashion,North,0,0,1,0,215,0,52.44,0.2,10.49,1,0,0.0,35.61,0.0
DEMO_002288,CUST_0684,2025-04-06 07:00:00,Organic,SUMMER15,Home,East,0,3,4,0,113,5,346.82,0.2,69.36,1,0,0.0,201.89,0.0
DEMO_002289,CUST_0780,2025-04-06 08:00:00,Email,LOYALTY,Electronics,West,0,0,7,1,244,4,111.85,0.0,0.0,0,0,0.0,53.34,0.0
DEMO_002290,CUST_0347,2025-04-06 09:00:00,PPC,LOYALTY,Home,West,1,3,9,0,263,1,116.67,0.0,0.0,0,0,0.0,68.99,0.0
DEMO_002291,CUST_0328,2025-04-06 10:00:00,Direct,SUMMER15,Home,West,0,4,4,0,153,2,197.95,0.2,39.59,1,0,0.0,106.38,0.0
DEMO_002292,CUST_0267,2025-04-06 11:00:00,Organic,FLASH20,Home,West,0,2,8,1,453,0,93.97,0.15,14.1,1,0,0.0,46.3,0.0
DEMO_002293,CUST_0195,2025-04-06 12:00:00,Direct,WELCOME10,Electronics,South,0,0,2,0,119,0,200.59,0.0,0.0,0,0,0.0,103.98,0.0
DEMO_002294,CUST_0623,2025-04-06 13:00:00,Email,SUMMER15,Home,South,0,0,2,0,43,2,97.71,0.15,14.66,1,0,0.0,49.72,0.0
DEMO_002295,CUST_0595,2025-04-06 14:00:00,PPC,RETARGET,Home,East,0,0,1,0,311,1,255.47,0.15,38.32,1,0,0.0,149.2,0.0
DEMO_002296,CUST_0667,2025-04-06 15:00:00,Organic,FLASH20,Electronics,South,1,3,12,1,223,2,137.67,0.0,0.0,0,1,137.67,70.68,66.99
DEMO_002297,CUST_0139,2025-04-06 16:00:00,Organic,LOYALTY,Home,East,0,1,8,1,380,0,82.77,0.0,0.0,0,0,0.0,38.16,0.0
DEMO_002298,CUST_0409,2025-04-06 17:00:00,Direct,RETARGET,Sports,West,0,2,4,0,149,3,299.22,0.1,29.92,1,0,0.0,190.94,0.0
DEMO_002299,CUST_0184,2025-04-06 18:00:00,Email,LOYALTY,Sports,North,0,1,7,0,240,4,147.09,0.0,0.0,0,0,0.0,75.85,0.0
DEMO_002300,CUST_0743,2025-04-06 19:00:00,Direct,LOYALTY,Home,West,0,2,1,0,144,1,85.29,0.15,12.79,1,0,0.0,44.36,0.0
DEMO_002301,CUST_0222,2025-04-06 20:00:00,Direct,LOYALTY,Home,West,0,1,4,0,163,5,59.55,0.05,2.98,1,0,0.0,32.73,0.0
DEMO_002302,CUST_0119,2025-04-06 21:00:00,Organic,FLASH20,Sports,East,1,5,9,1,120,3,153.53,0.0,0.0,0,0,0.0,97.1,0.0
DEMO_002303,CUST_0474,2025-04-06 22:00:00,PPC,LOYALTY,Electronics,South,1,3,5,1,138,0,209.1,0.0,0.0,0,0,0.0,123.68,0.0
DEMO_002304,CUST_0732,2025-04-06 23:00:00,Organic,SUMMER15,Home,South,1,4,8,0,225,0,133.51,0.0,0.0,0,1,133.51,62.77,70.74
DEMO_002305,CUST_0762,2025-04-07 00:00:00,PPC,RETARGET,Beauty,North,0,1,7,0,311,0,130.13,0.1,13.01,1,1,117.12,72.32,44.8
DEMO_002306,CUST_0080,2025-04-07 01:00:00,Social,WELCOME10,Electronics,South,1,1,6,1,288,0,226.19,0.0,0.0,0,0,0.0,141.15,0.0
DEMO_002307,CUST_0271,2025-04-07 02:00:00,Organic,RETARGET,Sports,East,1,7,6,1,150,0,146.83,0.0,0.0,0,1,146.83,67.45,79.38
DEMO_002308,CUST_0127,2025-04-07 03:00:00,Direct,RETARGET,Electronics,East,0,1,3,0,252,2,83.42,0.05,4.17,1,1,79.25,38.31,40.94
DEMO_002309,CUST_0256,2025-04-07 04:00:00,Organic,WELCOME10,Sports,North,0,1,4,1,152,1,85.05,0.1,8.51,1,1,76.54,52.0,24.54
DEMO_002310,CUST_0444,2025-04-07 05:00:00,Organic,LOYALTY,Fashion,East,1,4,11,1,273,0,144.03,0.0,0.0,0,0,0.0,81.43,0.0
DEMO_002311,CUST_0233,2025-04-07 06:00:00,Social,RETARGET,Electronics,West,0,2,2,0,120,2,140.61,0.2,28.12,1,0,0.0,68.57,0.0
DEMO_002312,CUST_0056,2025-04-07 07:00:00,Organic,FLASH20,Beauty,North,0,1,6,0,169,2,183.02,0.0,0.0,0,0,0.0,110.57,0.0
DEMO_002313,CUST_0424,2025-04-07 08:00:00,Direct,SUMMER15,Fashion,North,1,2,6,0,128,0,132.41,0.0,0.0,0,1,132.41,62.08,70.33
DEMO_002314,CUST_0043,2025-04-07 09:00:00,Email,RETARGET,Fashion,West,0,0,6,0,258,0,152.31,0.0,0.0,0,0,0.0,84.12,0.0
DEMO_002315,CUST_0188,2025-04-07 10:00:00,Direct,FLASH20,Fashion,East,1,7,10,1,191,2,131.19,0.0,0.0,0,1,131.19,83.77,47.42
DEMO_002316,CUST_0000,2025-04-07 11:00:00,Social,WELCOME10,Beauty,East,0,2,12,1,313,4,173.11,0.0,0.0,0,1,173.11,84.95,88.16
DEMO_002317,CUST_0072,2025-04-07 12:00:00,Direct,SUMMER15,Electronics,West,0,2,4,0,32,1,156.9,0.15,23.54,1,0,0.0,91.88,0.0
DEMO_002318,CUST_0363,2025-04-07 13:00:00,Organic,LOYALTY,Beauty,East,0,1,3,0,320,2,99.86,0.15,14.98,1,0,0.0,53.45,0.0
DEMO_002319,CUST_0708,2025-04-07 14:00:00,Social,FLASH20,Electronics,East,0,2,3,0,100,2,103.05,0.0,0.0,0,0,0.0,67.55,0.0
DEMO_002320,CUST_0645,2025-04-07 15:00:00,PPC,SUMMER15,Sports,North,1,1,6,1,473,1,129.77,0.0,0.0,0,0,0.0,77.7,0.0
DEMO_002321,CUST_0082,2025-04-07 16:00:00,Social,LOYALTY,Beauty,West,1,3,3,1,197,2,117.97,0.0,0.0,0,0,0.0,62.83,0.0
DEMO_002322,CUST_0029,2025-04-07 17:00:00,Email,WELCOME10,Home,West,1,4,7,0,377,1,202.64,0.15,30.4,1,1,172.24,113.99,58.25
DEMO_002323,CUST_0281,2025-04-07 18:00:00,PPC,SUMMER15,Beauty,South,0,0,2,0,51,3,123.39,0.15,18.51,1,1,104.88,70.45,34.43
DEMO_002324,CUST_0543,2025-04-07 19:00:00,PPC,FLASH20,Fashion,East,0,0,6,0,346,1,59.11,0.0,0.0,0,0,0.0,39.98,0.0
DEMO_002325,CUST_0622,2025-04-07 20:00:00,PPC,WELCOME10,Sports,East,0,0,2,0,111,0,65.9,0.15,9.88,1,0,0.0,40.95,0.0
DEMO_002326,CUST_0685,2025-04-07 21:00:00,PPC,SUMMER15,Electronics,North,0,1,7,1,395,3,100.73,0.0,0.0,0,0,0.0,61.87,0.0
DEMO_002327,CUST_0285,2025-04-07 22:00:00,Social,RETARGET,Beauty,North,1,3,5,0,186,1,155.21,0.15,23.28,1,0,0.0,104.96,0.0
DEMO_002328,CUST_0139,2025-04-07 23:00:00,PPC,RETARGET,Fashion,East,0,0,2,1,207,2,80.93,0.1,8.09,1,0,0.0,39.27,0.0
DEMO_002329,CUST_0021,2025-04-08 00:00:00,Social,RETARGET,Electronics,East,0,0,1,0,383,4,150.37,0.15,22.56,1,0,0.0,83.82,0.0
DEMO_002330,CUST_0122,2025-04-08 01:00:00,Email,SUMMER15,Sports,East,0,0,1,0,132,0,79.43,0.1,7.94,1,0,0.0,53.31,0.0
DEMO_002331,CUST_0054,2025-04-08 02:00:00,Social,WELCOME10,Sports,South,1,2,5,0,440,0,120.48,0.05,6.02,1,1,114.46,77.84,36.62
DEMO_002332,CUST_0717,2025-04-08 03:00:00,Social,RETARGET,Home,West,0,0,2,0,161,2,135.17,0.15,20.28,1,0,0.0,67.2,0.0
DEMO_002333,CUST_0223,2025-04-08 04:00:00,PPC,SUMMER15,Home,South,1,0,7,1,245,0,67.06,0.05,3.35,1,0,0.0,36.68,0.0
DEMO_002334,CUST_0685,2025-04-08 05:00:00,Social,LOYALTY,Home,North,1,5,10,1,259,1,134.03,0.15,20.1,1,0,0.0,66.11,0.0
DEMO_002335,CUST_0460,2025-04-08 06:00:00,Direct,WELCOME10,Home,North,1,8,6,1,135,0,232.06,0.15,34.81,1,0,0.0,141.83,0.0
DEMO_002336,CUST_0448,2025-04-08 07:00:00,Social,LOYALTY,Fashion,West,0,0,3,0,232,0,102.63,0.15,15.39,1,0,0.0,60.76,0.0
DEMO_002337,CUST_0378,2025-04-08 08:00:00,PPC,FLASH20,Sports,East,0,1,3,1,161,2,116.09,0.05,5.8,1,0,0.0,67.76,0.0
DEMO_002338,CUST_0682,2025-04-08 09:00:00,Organic,RETARGET,Electronics,South,0,0,2,0,96,2,125.72,0.0,0.0,0,0,0.0,82.69,0.0
DEMO_002339,CUST_0036,2025-04-08 10:00:00,Social,WELCOME10,Beauty,North,1,3,5,1,145,0,116.84,0.0,0.0,0,0,0.0,55.28,0.0
DEMO_002340,CUST_0077,2025-04-08 11:00:00,PPC,FLASH20,Home,North,1,3,6,1,197,0,113.39,0.0,0.0,0,0,0.0,75.55,0.0
DEMO_002341,CUST_0352,2025-04-08 12:00:00,Social,RETARGET,Home,North,1,3,5,0,391,1,109.51,0.0,0.0,0,0,0.0,61.48,0.0
DEMO_002342,CUST_0328,2025-04-08 13:00:00,PPC,SUMMER15,Sports,North,0,0,2,1,170,1,55.4,0.2,11.08,1,0,0.0,25.27,0.0
DEMO_002343,CUST_0454,2025-04-08 14:00:00,Social,LOYALTY,Electronics,East,0,0,5,1,278,2,137.53,0.1,13.75,1,0,0.0,90.82,0.0
DEMO_002344,CUST_0614,2025-04-08 15:00:00,Email,WELCOME10,Fashion,North,1,4,6,1,423,0,69.15,0.0,0.0,0,1,69.15,45.93,23.22
DEMO_002345,CUST_0489,2025-04-08 16:00:00,Email,LOYALTY,Fashion,North,0,2,4,0,162,1,132.88,0.05,6.64,1,1,126.24,88.64,37.6
DEMO_002346,CUST_0214,2025-04-08 17:00:00,Direct,SUMMER15,Electronics,South,1,1,9,1,256,4,153.78,0.1,15.38,1,1,138.4,98.73,39.67
DEMO_002347,CUST_0272,2025-04-08 18:00:00,Direct,FLASH20,Home,East,1,4,4,1,459,2,134.71,0.2,26.94,1,0,0.0,69.25,0.0
DEMO_002348,CUST_0626,2025-04-08 19:00:00,Direct,RETARGET,Fashion,South,0,0,6,1,305,2,75.37,0.2,15.07,1,0,0.0,38.88,0.0
DEMO_002349,CUST_0167,2025-04-08 20:00:00,Direct,LOYALTY,Home,North,0,1,2,0,237,1,129.27,0.0,0.0,0,0,0.0,67.93,0.0
DEMO_002350,CUST_0419,2025-04-08 21:00:00,PPC,FLASH20,Fashion,East,0,0,5,0,186,2,101.89,0.1,10.19,1,0,0.0,51.14,0.0
DEMO_002351,CUST_0448,2025-04-08 22:00:00,PPC,WELCOME10,Electronics,South,0,1,10,1,483,1,86.02,0.15,12.9,1,1,73.12,56.68,16.44
DEMO_002352,CUST_0624,2025-04-08 23:00:00,Email,SUMMER15,Sports,North,1,8,6,0,148,2,283.9,0.15,42.58,1,0,0.0,162.68,0.0
DEMO_002353,CUST_0595,2025-04-09 00:00:00,Organic,RETARGET,Fashion,East,0,0,4,1,185,5,74.87,0.15,11.23,1,1,63.64,38.28,25.36
DEMO_002354,CUST_0387,2025-04-09 01:00:00,Email,SUMMER15,Home,West,0,2,2,0,153,2,140.14,0.0,0.0,0,0,0.0,87.95,0.0
DEMO_002355,CUST_0257,2025-04-09 02:00:00,Direct,LOYALTY,Fashion,East,0,1,7,0,267,2,222.87,0.0,0.0,0,0,0.0,132.47,0.0
DEMO_002356,CUST_0306,2025-04-09 03:00:00,Email,FLASH20,Electronics,North,0,1,2,0,220,1,133.25,0.2,26.65,1,0,0.0,71.59,0.0
DEMO_002357,CUST_0342,2025-04-09 04:00:00,Email,SUMMER15,Sports,South,1,1,8,1,153,0,85.05,0.0,0.0,0,0,0.0,56.16,0.0
DEMO_002358,CUST_0182,2025-04-09 05:00:00,PPC,LOYALTY,Electronics,East,1,3,7,0,286,0,87.53,0.25,21.88,1,1,65.65,50.57,15.08
DEMO_002359,CUST_0520,2025-04-09 06:00:00,Email,SUMMER15,Sports,West,0,0,5,0,252,0,59.82,0.0,0.0,0,0,0.0,35.56,0.0
DEMO_002360,CUST_0173,2025-04-09 07:00:00,Email,SUMMER15,Fashion,West,0,1,7,1,171,1,116.99,0.0,0.0,0,0,0.0,53.52,0.0
DEMO_002361,CUST_0540,2025-04-09 08:00:00,Organic,FLASH20,Beauty,West,0,1,4,1,280,1,118.94,0.1,11.89,1,0,0.0,70.75,0.0
DEMO_002362,CUST_0625,2025-04-09 09:00:00,PPC,LOYALTY,Beauty,West,0,1,5,0,324,1,100.2,0.1,10.02,1,0,0.0,54.6,0.0
DEMO_002363,CUST_0801,2025-04-09 10:00:00,Organic,RETARGET,Sports,East,0,2,6,0,158,0,212.88,0.0,0.0,0,0,0.0,132.42,0.0
DEMO_002364,CUST_0099,2025-04-09 11:00:00,Direct,LOYALTY,Fashion,East,1,2,11,1,103,1,110.3,0.0,0.0,0,0,0.0,50.75,0.0
DEMO_002365,CUST_0632,2025-04-09 12:00:00,Organic,LOYALTY,Electronics,East,0,0,3,0,176,2,55.84,0.0,0.0,0,0,0.0,30.08,0.0
DEMO_002366,CUST_0071,2025-04-09 13:00:00,Social,LOYALTY,Sports,East,0,0,2,0,152,0,221.94,0.15,33.29,1,0,0.0,103.22,0.0
DEMO_002367,CUST_0280,2025-04-09 14:00:00,PPC,SUMMER15,Home,East,0,1,5,0,42,2,66.9,0.15,10.04,1,0,0.0,44.44,0.0
DEMO_002368,CUST_0146,2025-04-09 15:00:00,Email,SUMMER15,Home,North,1,2,5,0,137,2,143.51,0.0,0.0,0,0,0.0,78.44,0.0
DEMO_002369,CUST_0135,2025-04-09 16:00:00,PPC,FLASH20,Home,West,0,1,5,1,139,3,152.23,0.05,7.61,1,0,0.0,73.38,0.0
DEMO_002370,CUST_0146,2025-04-09 17:00:00,Direct,LOYALTY,Beauty,North,1,2,7,0,379,0,110.25,0.15,16.54,1,0,0.0,68.46,0.0
DEMO_002371,CUST_0036,2025-04-09 18:00:00,Organic,LOYALTY,Beauty,South,0,1,5,1,431,0,173.96,0.15,26.09,1,0,0.0,113.57,0.0
DEMO_002372,CUST_0685,2025-04-09 19:00:00,PPC,WELCOME10,Home,South,1,4,3,1,292,0,118.34,0.0,0.0,0,1,118.34,74.36,43.98
DEMO_002373,CUST_0050,2025-04-09 20:00:00,PPC,LOYALTY,Beauty,West,1,2,6,1,219,0,97.24,0.15,14.59,1,0,0.0,62.78,0.0
DEMO_002374,CUST_0331,2025-04-09 21:00:00,Social,SUMMER15,Home,North,0,0,5,0,147,1,44.74,0.25,11.18,1,1,33.56,28.85,4.71
DEMO_002375,CUST_0582,2025-04-09 22:00:00,Social,RETARGET,Beauty,South,0,1,4,0,310,0,52.45,0.1,5.25,1,1,47.2,35.54,11.66
DEMO_002376,CUST_0824,2025-04-09 23:00:00,Organic,LOYALTY,Electronics,South,0,1,5,1,212,3,394.81,0.1,39.48,1,0,0.0,210.66,0.0
DEMO_002377,CUST_0711,2025-04-10 00:00:00,Direct,RETARGET,Home,North,1,5,7,0,181,0,159.22,0.0,0.0,0,0,0.0,84.41,0.0
DEMO_002378,CUST_0114,2025-04-10 01:00:00,Social,LOYALTY,Home,North,1,6,6,1,265,0,201.3,0.0,0.0,0,0,0.0,95.75,0.0
DEMO_002379,CUST_0822,2025-04-10 02:00:00,Organic,FLASH20,Home,South,0,0,6,1,480,0,354.85,0.15,53.23,1,1,301.62,229.67,71.95
DEMO_002380,CUST_0544,2025-04-10 03:00:00,Email,WELCOME10,Home,West,0,0,6,1,108,1,97.37,0.1,9.74,1,0,0.0,64.66,0.0
DEMO_002381,CUST_0149,2025-04-10 04:00:00,Email,SUMMER15,Beauty,South,0,1,8,1,173,2,107.58,0.25,26.9,1,0,0.0,55.4,0.0
DEMO_002382,CUST_0373,2025-04-10 05:00:00,Direct,RETARGET,Sports,West,0,1,4,1,124,3,54.56,0.15,8.18,1,0,0.0,32.27,0.0
DEMO_002383,CUST_0764,2025-04-10 06:00:00,Organic,SUMMER15,Electronics,East,1,2,5,0,238,0,100.63,0.1,10.06,1,1,90.57,50.95,39.62
DEMO_002384,CUST_0327,2025-04-10 07:00:00,PPC,WELCOME10,Beauty,West,0,0,5,1,110,5,99.45,0.1,9.94,1,0,0.0,64.47,0.0
DEMO_002385,CUST_0152,2025-04-10 08:00:00,Organic,SUMMER15,Sports,West,0,0,3,1,160,2,96.16,0.15,14.42,1,0,0.0,43.42,0.0
DEMO_002386,CUST_0728,2025-04-10 09:00:00,Email,FLASH20,Beauty,East,1,6,12,1,254,0,184.02,0.15,27.6,1,1,156.42,112.23,44.19
DEMO_002387,CUST_0793,2025-04-10 10:00:00,Social,LOYALTY,Fashion,East,1,4,10,1,335,1,158.21,0.0,0.0,0,1,158.21,90.95,67.26
DEMO_002388,CUST_0812,2025-04-10 11:00:00,Email,RETARGET,Fashion,North,1,0,5,1,225,0,173.5,0.1,17.35,1,1,156.15,89.49,66.66
DEMO_002389,CUST_0796,2025-04-10 12:00:00,Social,RETARGET,Home,East,0,1,1,1,162,2,66.23,0.15,9.93,1,0,0.0,43.86,0.0
DEMO_002390,CUST_0727,2025-04-10 13:00:00,Organic,FLASH20,Beauty,North,1,2,10,1,201,0,116.15,0.05,5.81,1,0,0.0,65.08,0.0
DEMO_002391,CUST_0378,2025-04-10 14:00:00,PPC,FLASH20,Beauty,East,1,4,7,1,196,0,133.82,0.0,0.0,0,1,133.82,76.36,57.46
DEMO_002392,CUST_0160,2025-04-10 15:00:00,Email,RETARGET,Fashion,East,0,1,4,1,357,0,265.74,0.1,26.57,1,1,239.17,124.67,114.5
DEMO_002393,CUST_0514,2025-04-10 16:00:00,Social,WELCOME10,Fashion,West,0,0,5,1,170,2,120.83,0.0,0.0,0,1,120.83,65.82,55.01
DEMO_002394,CUST_0183,2025-04-10 17:00:00,Email,FLASH20,Home,East,1,1,11,1,346,1,106.51,0.1,10.65,1,0,0.0,51.82,0.0
DEMO_002395,CUST_0394,2025-04-10 18:00:00,Email,FLASH20,Home,South,1,5,6,1,222,1,186.95,0.2,37.39,1,1,149.56,107.96,41.6
DEMO_002396,CUST_0546,2025-04-10 19:00:00,Social,LOYALTY,Beauty,South,1,3,7,1,388,1,102.07,0.0,0.0,0,0,0.0,59.51,0.0
DEMO_002397,CUST_0788,2025-04-10 20:00:00,PPC,RETARGET,Sports,East,1,3,9,1,245,1,141.66,0.0,0.0,0,0,0.0,71.7,0.0
DEMO_002398,CUST_0240,2025-04-10 21:00:00,PPC,LOYALTY,Fashion,South,1,3,4,1,179,1,139.78,0.0,0.0,0,0,0.0,93.23,0.0
DEMO_002399,CUST_0209,2025-04-10 22:00:00,PPC,LOYALTY,Sports,South,1,2,8,1,385,1,90.73,0.0,0.0,0,0,0.0,47.15,0.0
DEMO_002400,CUST_0612,2025-04-10 23:00:00,Direct,LOYALTY,Sports,South,1,2,6,0,546,0,84.0,0.0,0.0,0,1,84.0,50.44,33.56
DEMO_002401,CUST_0005,2025-04-11 00:00:00,PPC,FLASH20,Beauty,East,0,2,3,0,203,1,110.59,0.25,27.65,1,0,0.0,74.67,0.0
DEMO_002402,CUST_0471,2025-04-11 01:00:00,Email,SUMMER15,Fashion,North,0,0,7,1,359,3,92.32,0.0,0.0,0,0,0.0,58.61,0.0
DEMO_002403,CUST_0621,2025-04-11 02:00:00,PPC,SUMMER15,Fashion,East,1,1,9,1,248,1,57.15,0.15,8.57,1,0,0.0,35.53,0.0
DEMO_002404,CUST_0458,2025-04-11 03:00:00,Email,LOYALTY,Fashion,South,0,0,4,1,167,3,155.19,0.0,0.0,0,0,0.0,71.95,0.0
DEMO_002405,CUST_0319,2025-04-11 04:00:00,PPC,LOYALTY,Electronics,South,1,3,12,1,397,1,144.99,0.0,0.0,0,1,144.99,82.72,62.27
DEMO_002406,CUST_0690,2025-04-11 05:00:00,Email,SUMMER15,Fashion,South,1,3,8,0,82,0,80.3,0.15,12.04,1,1,68.26,50.06,18.2
DEMO_002407,CUST_0309,2025-04-11 06:00:00,Email,RETARGET,Fashion,North,1,3,4,0,74,1,76.87,0.1,7.69,1,0,0.0,46.27,0.0
DEMO_002408,CUST_0591,2025-04-11 07:00:00,PPC,RETARGET,Beauty,East,1,3,8,0,349,3,139.75,0.1,13.98,1,1,125.77,81.14,44.63
DEMO_002409,CUST_0386,2025-04-11 08:00:00,Direct,LOYALTY,Electronics,East,0,0,7,1,205,2,246.77,0.0,0.0,0,0,0.0,163.32,0.0
DEMO_002410,CUST_0022,2025-04-11 09:00:00,Email,SUMMER15,Beauty,West,1,6,4,0,90,2,177.57,0.15,26.64,1,1,150.93,102.76,48.17
DEMO_002411,CUST_0441,2025-04-11 10:00:00,Email,RETARGET,Sports,South,0,1,3,0,442,3,192.54,0.15,28.88,1,1,163.66,123.74,39.92
DEMO_002412,CUST_0041,2025-04-11 11:00:00,Direct,SUMMER15,Home,East,1,3,2,1,326,1,97.81,0.0,0.0,0,1,97.81,63.94,33.87
DEMO_002413,CUST_0775,2025-04-11 12:00:00,Direct,FLASH20,Electronics,East,1,3,5,1,225,0,135.23,0.2,27.05,1,0,0.0,85.31,0.0
DEMO_002414,CUST_0501,2025-04-11 13:00:00,Social,RETARGET,Electronics,East,0,0,4,0,225,4,105.68,0.15,15.85,1,1,89.83,51.2,38.63
DEMO_002415,CUST_0309,2025-04-11 14:00:00,PPC,FLASH20,Beauty,East,0,0,5,0,210,2,80.9,0.15,12.14,1,0,0.0,50.83,0.0
DEMO_002416,CUST_0404,2025-04-11 15:00:00,PPC,SUMMER15,Electronics,West,0,1,6,0,273,1,122.49,0.0,0.0,0,0,0.0,77.3,0.0
DEMO_002417,CUST_0515,2025-04-11 16:00:00,Email,WELCOME10,Sports,West,1,2,6,1,221,0,75.91,0.0,0.0,0,0,0.0,45.92,0.0
DEMO_002418,CUST_0216,2025-04-11 17:00:00,Email,SUMMER15,Beauty,North,0,1,4,0,287,1,80.21,0.05,4.01,1,1,76.2,42.95,33.25
DEMO_002419,CUST_0240,2025-04-11 18:00:00,PPC,LOYALTY,Beauty,South,0,1,6,1,252,0,91.81,0.0,0.0,0,1,91.81,47.42,44.39
DEMO_002420,CUST_0348,2025-04-11 19:00:00,Organic,LOYALTY,Sports,East,1,2,6,1,94,1,96.32,0.15,14.45,1,1,81.87,57.76,24.11
DEMO_002421,CUST_0215,2025-04-11 20:00:00,PPC,SUMMER15,Fashion,East,0,0,5,1,183,0,110.69,0.0,0.0,0,0,0.0,68.39,0.0
DEMO_002422,CUST_0631,2025-04-11 21:00:00,Organic,WELCOME10,Beauty,South,0,0,2,0,257,3,44.26,0.05,2.21,1,0,0.0,29.28,0.0
DEMO_002423,CUST_0086,2025-04-11 22:00:00,PPC,LOYALTY,Fashion,North,1,2,8,1,123,1,73.73,0.15,11.06,1,0,0.0,38.97,0.0
DEMO_002424,CUST_0688,2025-04-11 23:00:00,PPC,WELCOME10,Home,East,0,0,2,0,202,1,227.44,0.05,11.37,1,0,0.0,117.47,0.0
DEMO_002425,CUST_0290,2025-04-12 00:00:00,Social,WELCOME10,Electronics,East,0,0,5,1,205,1,111.72,0.0,0.0,0,0,0.0,69.33,0.0
DEMO_002426,CUST_0467,2025-04-12 01:00:00,Direct,FLASH20,Electronics,North,1,6,7,0,447,0,144.41,0.0,0.0,0,0,0.0,97.48,0.0
DEMO_002427,CUST_0131,2025-04-12 02:00:00,PPC,FLASH20,Home,East,1,3,10,1,342,0,135.27,0.0,0.0,0,1,135.27,69.91,65.36
DEMO_002428,CUST_0321,2025-04-12 03:00:00,Organic,SUMMER15,Fashion,West,0,2,2,1,126,2,106.83,0.2,21.37,1,0,0.0,54.81,0.0
DEMO_002429,CUST_0628,2025-04-12 04:00:00,PPC,SUMMER15,Sports,East,1,0,8,1,315,1,75.39,0.05,3.77,1,1,71.62,49.42,22.2
DEMO_002430,CUST_0225,2025-04-12 05:00:00,Email,SUMMER15,Electronics,West,0,0,3,0,153,3,87.58,0.15,13.14,1,0,0.0,44.74,0.0
DEMO_002431,CUST_0110,2025-04-12 06:00:00,Social,SUMMER15,Electronics,South,0,1,2,0,191,3,270.77,0.1,27.08,1,0,0.0,147.71,0.0
DEMO_002432,CUST_0434,2025-04-12 07:00:00,Email,WELCOME10,Beauty,North,1,4,5,1,204,0,88.24,0.05,4.41,1,1,83.83,59.84,23.99
DEMO_002433,CUST_0135,2025-04-12 08:00:00,PPC,WELCOME10,Home,East,0,3,5,0,454,2,243.41,0.15,36.51,1,0,0.0,154.37,0.0
DEMO_002434,CUST_0262,2025-04-12 09:00:00,Organic,SUMMER15,Fashion,North,0,0,2,0,434,0,93.05,0.0,0.0,0,0,0.0,47.22,0.0
DEMO_002435,CUST_0375,2025-04-12 10:00:00,Email,WELCOME10,Electronics,North,1,6,11,1,169,2,97.16,0.05,4.86,1,1,92.3,65.01,27.29
DEMO_002436,CUST_0469,2025-04-12 11:00:00,Email,SUMMER15,Home,North,0,4,8,1,388,1,116.09,0.05,5.8,1,1,110.29,74.77,35.52
DEMO_002437,CUST_0532,2025-04-12 12:00:00,PPC,FLASH20,Electronics,West,0,0,3,0,131,2,103.62,0.0,0.0,0,0,0.0,69.84,0.0
DEMO_002438,CUST_0563,2025-04-12 13:00:00,Direct,WELCOME10,Beauty,West,0,0,2,0,115,2,73.53,0.0,0.0,0,0,0.0,39.91,0.0
DEMO_002439,CUST_0703,2025-04-12 14:00:00,Organic,LOYALTY,Fashion,South,1,2,9,0,202,1,111.45,0.0,0.0,0,0,0.0,67.25,0.0
DEMO_002440,CUST_0055,2025-04-12 15:00:00,PPC,LOYALTY,Fashion,East,1,4,7,0,185,0,57.83,0.05,2.89,1,1,54.94,31.1,23.84
DEMO_002441,CUST_0301,2025-04-12 16:00:00,Email,FLASH20,Fashion,South,1,4,9,1,152,1,132.16,0.1,13.22,1,1,118.94,72.91,46.03
DEMO_002442,CUST_0000,2025-04-12 17:00:00,Organic,LOYALTY,Fashion,North,0,1,6,1,111,1,124.11,0.1,12.41,1,1,111.7,75.01,36.69
DEMO_002443,CUST_0007,2025-04-12 18:00:00,Email,RETARGET,Sports,West,1,1,5,1,241,1,155.68,0.15,23.35,1,1,132.33,84.9,47.43
DEMO_002444,CUST_0176,2025-04-12 19:00:00,Organic,WELCOME10,Electronics,West,1,3,5,1,152,2,89.7,0.1,8.97,1,0,0.0,49.01,0.0
DEMO_002445,CUST_0498,2025-04-12 20:00:00,Social,WELCOME10,Electronics,South,0,0,4,0,161,3,156.37,0.0,0.0,0,0,0.0,89.85,0.0
DEMO_002446,CUST_0745,2025-04-12 21:00:00,PPC,SUMMER15,Fashion,South,0,1,6,1,407,4,136.16,0.15,20.42,1,0,0.0,64.63,0.0
DEMO_002447,CUST_0644,2025-04-12 22:00:00,PPC,LOYALTY,Beauty,West,1,1,4,0,168,1,118.79,0.0,0.0,0,0,0.0,80.39,0.0
DEMO_002448,CUST_0538,2025-04-12 23:00:00,Email,RETARGET,Beauty,South,0,0,5,0,59,1,273.06,0.15,40.96,1,0,0.0,174.81,0.0
DEMO_002449,CUST_0648,2025-04-13 00:00:00,Email,RETARGET,Fashion,South,1,2,11,0,334,1,138.64,0.15,20.8,1,1,117.84,77.77,40.07
DEMO_002450,CUST_0143,2025-04-13 01:00:00,PPC,FLASH20,Fashion,South,1,4,10,1,295,1,91.04,0.05,4.55,1,1,86.49,56.79,29.7
DEMO_002451,CUST_0699,2025-04-13 02:00:00,Direct,FLASH20,Home,South,0,1,3,1,354,0,223.93,0.0,0.0,0,1,223.93,152.14,71.79
DEMO_002452,CUST_0741,2025-04-13 03:00:00,PPC,FLASH20,Beauty,East,1,1,6,1,233,0,141.12,0.0,0.0,0,0,0.0,80.27,0.0
DEMO_002453,CUST_0079,2025-04-13 04:00:00,Organic,WELCOME10,Sports,North,1,2,7,1,232,0,249.75,0.0,0.0,0,0,0.0,153.96,0.0
DEMO_002454,CUST_0391,2025-04-13 05:00:00,Social,FLASH20,Fashion,South,0,0,2,0,565,2,48.68,0.1,4.87,1,1,43.81,22.86,20.95
DEMO_002455,CUST_0691,2025-04-13 06:00:00,Email,FLASH20,Beauty,South,1,3,8,0,246,0,97.98,0.0,0.0,0,0,0.0,65.64,0.0
DEMO_002456,CUST_0396,2025-04-13 07:00:00,Email,SUMMER15,Electronics,South,0,1,1,0,331,1,98.09,0.1,9.81,1,0,0.0,47.88,0.0
DEMO_002457,CUST_0700,2025-04-13 08:00:00,PPC,LOYALTY,Electronics,South,1,2,7,0,826,3,47.95,0.2,9.59,1,0,0.0,30.41,0.0
DEMO_002458,CUST_0779,2025-04-13 09:00:00,Social,RETARGET,Fashion,South,0,0,4,1,605,2,120.86,0.1,12.09,1,0,0.0,67.94,0.0
DEMO_002459,CUST_0395,2025-04-13 10:00:00,PPC,SUMMER15,Fashion,South,0,0,10,1,136,1,94.89,0.2,18.98,1,1,75.91,56.76,19.15
DEMO_002460,CUST_0049,2025-04-13 11:00:00,Social,RETARGET,Fashion,West,0,1,8,1,149,2,45.63,0.2,9.13,1,0,0.0,26.79,0.0
DEMO_002461,CUST_0283,2025-04-13 12:00:00,Direct,WELCOME10,Fashion,East,0,0,2,1,124,2,79.45,0.15,11.92,1,0,0.0,43.34,0.0
DEMO_002462,CUST_0179,2025-04-13 13:00:00,Social,RETARGET,Sports,East,0,2,2,1,231,3,209.32,0.2,41.86,1,1,167.46,140.03,27.43
DEMO_002463,CUST_0394,2025-04-13 14:00:00,Direct,LOYALTY,Sports,South,0,1,7,1,677,1,168.84,0.0,0.0,0,0,0.0,88.02,0.0
DEMO_002464,CUST_0487,2025-04-13 15:00:00,Social,SUMMER15,Fashion,West,1,4,7,1,66,1,81.43,0.0,0.0,0,0,0.0,40.97,0.0
DEMO_002465,CUST_0386,2025-04-13 16:00:00,Direct,LOYALTY,Sports,North,0,0,2,0,131,2,80.37,0.0,0.0,0,0,0.0,52.7,0.0
DEMO_002466,CUST_0162,2025-04-13 17:00:00,Social,SUMMER15,Sports,East,0,2,9,0,183,2,165.24,0.0,0.0,0,1,165.24,85.54,79.7
DEMO_002467,CUST_0250,2025-04-13 18:00:00,Social,LOYALTY,Sports,North,0,0,13,1,143,2,46.32,0.25,11.58,1,1,34.74,21.99,12.75
DEMO_002468,CUST_0566,2025-04-13 19:00:00,Social,WELCOME10,Electronics,West,1,3,15,1,207,1,146.51,0.15,21.98,1,1,124.53,71.21,53.32
DEMO_002469,CUST_0022,2025-04-13 20:00:00,Direct,SUMMER15,Fashion,South,0,1,7,1,214,3,49.19,0.05,2.46,1,0,0.0,26.18,0.0
DEMO_002470,CUST_0178,2025-04-13 21:00:00,Organic,SUMMER15,Electronics,South,0,0,4,1,119,4,234.84,0.1,23.48,1,0,0.0,153.12,0.0
DEMO_002471,CUST_0743,2025-04-13 22:00:00,Organic,WELCOME10,Beauty,North,1,5,11,1,348,1,150.85,0.15,22.63,1,0,0.0,90.91,0.0
DEMO_002472,CUST_0082,2025-04-13 23:00:00,Organic,SUMMER15,Beauty,West,0,2,3,1,208,2,48.92,0.0,0.0,0,0,0.0,23.44,0.0
DEMO_002473,CUST_0345,2025-04-14 00:00:00,Direct,LOYALTY,Home,South,1,2,9,1,138,2,94.52,0.15,14.18,1,0,0.0,54.17,0.0
DEMO_002474,CUST_0172,2025-04-14 01:00:00,PPC,LOYALTY,Fashion,South,0,1,2,0,185,3,129.38,0.2,25.88,1,0,0.0,76.75,0.0
DEMO_002475,CUST_0087,2025-04-14 02:00:00,Social,FLASH20,Sports,West,1,3,8,0,292,1,45.87,0.1,4.59,1,0,0.0,29.17,0.0
DEMO_002476,CUST_0352,2025-04-14 03:00:00,Social,WELCOME10,Home,North,0,0,5,1,225,2,109.99,0.15,16.5,1,1,93.49,63.75,29.74
DEMO_002477,CUST_0434,2025-04-14 04:00:00,Direct,SUMMER15,Beauty,South,1,1,8,0,94,0,139.31,0.0,0.0,0,1,139.31,73.69,65.62
DEMO_002478,CUST_0146,2025-04-14 05:00:00,PPC,RETARGET,Sports,North,1,1,7,1,256,0,44.22,0.15,6.63,1,0,0.0,30.03,0.0
DEMO_002479,CUST_0064,2025-04-14 06:00:00,Social,SUMMER15,Fashion,North,0,1,4,0,533,0,156.92,0.0,0.0,0,0,0.0,79.98,0.0
DEMO_002480,CUST_0112,2025-04-14 07:00:00,Social,WELCOME10,Fashion,North,0,0,10,1,177,2,106.05,0.15,15.91,1,1,90.14,71.25,18.89
DEMO_002481,CUST_0542,2025-04-14 08:00:00,Direct,FLASH20,Sports,North,0,1,2,0,104,1,169.45,0.15,25.42,1,0,0.0,84.41,0.0
DEMO_002482,CUST_0716,2025-04-14 09:00:00,Direct,WELCOME10,Home,West,0,1,8,0,140,3,100.94,0.0,0.0,0,0,0.0,57.45,0.0
DEMO_002483,CUST_0150,2025-04-14 10:00:00,Organic,SUMMER15,Beauty,South,1,2,10,1,159,1,69.71,0.25,17.43,1,0,0.0,33.14,0.0
DEMO_002484,CUST_0266,2025-04-14 11:00:00,Organic,RETARGET,Beauty,West,1,0,7,0,112,0,66.71,0.15,10.01,1,0,0.0,43.72,0.0
DEMO_002485,CUST_0286,2025-04-14 12:00:00,Email,SUMMER15,Fashion,South,1,4,6,0,81,1,97.47,0.2,19.49,1,1,77.98,54.83,23.15
DEMO_002486,CUST_0300,2025-04-14 13:00:00,Direct,LOYALTY,Beauty,West,1,8,9,0,330,0,103.03,0.0,0.0,0,0,0.0,67.31,0.0
DEMO_002487,CUST_0203,2025-04-14 14:00:00,PPC,FLASH20,Beauty,North,1,5,11,0,277,1,181.06,0.0,0.0,0,0,0.0,115.83,0.0
DEMO_002488,CUST_0046,2025-04-14 15:00:00,Social,SUMMER15,Home,North,1,5,4,1,201,0,98.92,0.0,0.0,0,1,98.92,48.84,50.08
DEMO_002489,CUST_0437,2025-04-14 16:00:00,Social,LOYALTY,Beauty,North,0,1,4,0,124,5,55.58,0.15,8.34,1,0,0.0,25.76,0.0
DEMO_002490,CUST_0297,2025-04-14 17:00:00,PPC,FLASH20,Beauty,West,0,1,1,1,283,2,91.28,0.0,0.0,0,0,0.0,60.32,0.0
DEMO_002491,CUST_0285,2025-04-14 18:00:00,Email,SUMMER15,Fashion,East,0,1,8,0,203,2,56.49,0.0,0.0,0,0,0.0,32.72,0.0
DEMO_002492,CUST_0220,2025-04-14 19:00:00,Email,SUMMER15,Beauty,East,0,2,1,0,199,3,131.3,0.15,19.7,1,0,0.0,84.83,0.0
DEMO_002493,CUST_0774,2025-04-14 20:00:00,Direct,RETARGET,Electronics,West,0,0,3,1,439,1,145.61,0.0,0.0,0,1,145.61,88.63,56.98
DEMO_002494,CUST_0508,2025-04-14 21:00:00,Organic,WELCOME10,Sports,South,0,1,7,0,249,0,157.22,0.05,7.86,1,0,0.0,98.58,0.0
DEMO_002495,CUST_0348,2025-04-14 22:00:00,Email,RETARGET,Home,East,0,1,6,0,1016,0,97.89,0.0,0.0,0,1,97.89,54.93,42.96
DEMO_002496,CUST_0171,2025-04-14 23:00:00,Social,FLASH20,Sports,East,0,1,2,0,132,5,81.87,0.0,0.0,0,0,0.0,50.65,0.0
DEMO_002497,CUST_0667,2025-04-15 00:00:00,PPC,RETARGET,Electronics,East,0,0,5,0,546,1,89.14,0.1,8.91,1,1,80.23,58.95,21.28
DEMO_002498,CUST_0740,2025-04-15 01:00:00,Direct,SUMMER15,Home,East,0,0,2,0,242,2,107.65,0.0,0.0,0,0,0.0,66.0,0.0
DEMO_002499,CUST_0026,2025-04-15 02:00:00,PPC,FLASH20,Electronics,South,0,2,9,0,91,2,89.2,0.0,0.0,0,0,0.0,59.26,0.0
DEMO_002500,CUST_0774,2025-04-15 03:00:00,Email,LOYALTY,Electronics,North,0,1,2,1,166,2,231.44,0.15,34.72,1,1,196.72,117.0,79.72
