customer_id,base_value,final_value,discount_amount,discount_percentage,discount_exposure,conversion,profit_margin,dwell_time_seconds,price_comparison_tabs,product_views,cart_added,ground_truth_persona
CUST_25795,2772.96,0.0,0.0,0.0,0,0,0.0,498,5,8,1,persuadable
CUST_10860,4654.15,0.0,0.0,0.0,1,0,0.0,24,0,2,0,lost_cause
CUST_86820,6601.03,5610.88,990.15,0.15,1,1,2970.47,66,1,2,1,sure_thing
CUST_64886,4655.72,3957.36,698.36,0.15,1,1,2095.07,473,4,12,0,persuadable
CUST_16265,3680.6,2760.45,920.15,0.25,1,1,1288.21,278,4,10,0,persuadable
CUST_92386,2035.29,0.0,0.0,0.0,0,0,0.0,564,6,13,0,persuadable
CUST_47194,5076.92,0.0,0.0,0.0,0,0,0.0,43,0,1,0,lost_cause
CUST_97498,3263.25,0.0,0.0,0.0,0,0,0.0,55,0,2,0,lost_cause
CUST_54131,5497.07,4947.36,549.71,0.1,1,1,2748.53,72,0,3,1,sure_thing
CUST_70263,7851.72,7851.72,0.0,0.0,0,1,4711.03,89,1,1,1,sure_thing
CUST_26023,2223.54,2223.54,0.0,0.0,0,1,1334.12,113,0,3,1,sure_thing
CUST_51090,2878.82,0.0,0.0,0.0,0,0,0.0,30,1,1,0,lost_cause
CUST_77221,4575.11,0.0,0.0,0.0,0,0,0.0,23,2,2,0,lost_cause
CUST_74820,7795.99,0.0,0.0,0.0,0,0,0.0,545,3,7,0,persuadable
CUST_10769,6516.76,0.0,0.0,0.0,0,0,0.0,17,0,2,0,lost_cause
CUST_69735,7338.49,0.0,0.0,0.0,1,0,0.0,6,0,2,0,lost_cause
CUST_72955,3669.15,0.0,0.0,0.0,0,0,0.0,17,2,1,0,lost_cause
CUST_74925,7948.25,0.0,0.0,0.0,0,0,0.0,17,2,1,0,lost_cause
CUST_77969,2168.41,0.0,0.0,0.0,0,0,0.0,535,4,11,1,persuadable
CUST_15311,1844.32,0.0,0.0,0.0,1,0,0.0,52,1,2,0,lost_cause
CUST_93104,7061.42,0.0,0.0,0.0,0,0,0.0,215,4,8,0,persuadable
CUST_63707,7527.22,0.0,0.0,0.0,0,0,0.0,45,1,1,0,lost_cause
CUST_95305,2088.8,0.0,0.0,0.0,1,0,0.0,8,2,2,0,lost_cause
CUST_38693,2237.28,0.0,0.0,0.0,1,0,0.0,14,2,1,0,lost_cause
CUST_81932,1715.63,0.0,0.0,0.0,0,0,0.0,18,1,2,0,lost_cause
CUST_35658,2179.3,2179.3,0.0,0.0,0,1,1307.58,54,0,3,1,sure_thing
CUST_94478,2861.23,0.0,0.0,0.0,0,0,0.0,569,5,12,0,persuadable
CUST_28431,7805.5,0.0,0.0,0.0,1,0,0.0,77,3,3,1,sleeping_dog
CUST_12747,5841.09,0.0,0.0,0.0,0,0,0.0,38,0,2,0,lost_cause
CUST_69150,6560.59,5904.53,656.06,0.1,1,1,3280.29,40,1,2,1,sure_thing
CUST_75725,6544.91,4908.68,1636.23,0.25,1,1,2290.72,67,1,2,1,sure_thing
CUST_94654,4977.98,4480.18,497.8,0.1,1,1,2488.99,39,0,3,1,sure_thing
CUST_45773,6683.68,0.0,0.0,0.0,1,0,0.0,23,2,1,0,lost_cause
CUST_77435,5372.75,0.0,0.0,0.0,1,0,0.0,7,2,2,0,lost_cause
CUST_66886,3544.55,2658.41,886.14,0.25,1,1,1240.59,90,1,1,1,sure_thing
CUST_76803,5147.22,4375.14,772.08,0.15,1,1,2316.25,261,5,12,0,persuadable
CUST_41551,4967.81,0.0,0.0,0.0,1,0,0.0,25,0,2,0,lost_cause
CUST_21394,6852.44,0.0,0.0,0.0,0,0,0.0,15,2,1,0,lost_cause
CUST_79092,7881.23,7093.11,788.12,0.1,1,1,3940.62,294,5,7,0,persuadable
CUST_13890,4171.78,0.0,0.0,0.0,1,0,0.0,31,1,1,0,lost_cause
CUST_51606,6462.04,0.0,0.0,0.0,0,0,0.0,213,6,14,1,persuadable
CUST_90038,2148.46,1826.19,322.27,0.15,1,1,966.81,459,6,7,0,persuadable
CUST_97313,6549.4,0.0,0.0,0.0,0,0,0.0,13,0,1,0,lost_cause
CUST_20627,3914.21,0.0,0.0,0.0,1,0,0.0,52,1,2,0,lost_cause
CUST_18792,1756.04,0.0,0.0,0.0,1,0,0.0,46,0,1,0,lost_cause
CUST_83969,3861.1,0.0,0.0,0.0,0,0,0.0,32,1,1,0,lost_cause
CUST_53001,5469.18,0.0,0.0,0.0,0,0,0.0,28,2,1,0,lost_cause
CUST_86552,2275.13,2275.13,0.0,0.0,0,1,1365.08,86,0,2,1,sure_thing
CUST_33897,7506.22,0.0,0.0,0.0,0,0,0.0,147,7,5,0,persuadable
CUST_78148,2004.87,2004.87,0.0,0.0,0,1,1202.92,95,0,2,1,sure_thing
CUST_33483,7545.04,6036.03,1509.01,0.2,1,1,3018.01,82,0,2,1,sure_thing
CUST_58555,6096.39,0.0,0.0,0.0,1,0,0.0,52,2,2,0,lost_cause
CUST_27159,3643.13,0.0,0.0,0.0,1,0,0.0,92,1,5,1,sleeping_dog
CUST_90077,4039.88,3433.9,605.98,0.15,1,1,1817.95,39,1,1,1,sure_thing
CUST_45920,6315.26,0.0,0.0,0.0,0,0,0.0,565,5,5,1,persuadable
CUST_77121,5409.56,0.0,0.0,0.0,0,0,0.0,47,2,1,0,lost_cause
CUST_79479,5865.68,4692.54,1173.14,0.2,1,1,2346.27,21,1,2,1,sure_thing
CUST_99475,4029.57,0.0,0.0,0.0,0,0,0.0,20,2,1,0,lost_cause
CUST_29457,4670.79,0.0,0.0,0.0,0,0,0.0,53,2,2,0,lost_cause
CUST_76557,7934.14,0.0,0.0,0.0,1,0,0.0,47,0,1,0,lost_cause
CUST_87189,2890.5,2456.92,433.58,0.15,1,1,1300.72,42,1,3,1,sure_thing
CUST_88953,4216.07,3583.66,632.41,0.15,1,1,1897.23,451,4,10,0,persuadable
CUST_62995,3396.85,0.0,0.0,0.0,1,0,0.0,37,0,2,0,lost_cause
CUST_50757,6473.22,0.0,0.0,0.0,1,0,0.0,19,2,1,0,lost_cause
CUST_19692,6466.08,6466.08,0.0,0.0,0,1,3879.65,115,1,2,1,sure_thing
CUST_55758,3400.9,0.0,0.0,0.0,1,0,0.0,50,0,2,0,lost_cause
CUST_82409,2029.04,1826.14,202.9,0.1,1,1,1014.52,53,0,1,1,sure_thing
CUST_81211,1574.31,0.0,0.0,0.0,0,0,0.0,35,1,1,0,lost_cause
CUST_75697,4278.43,4278.43,0.0,0.0,0,1,2567.06,61,1,1,1,sure_thing
CUST_47065,4167.19,4167.19,0.0,0.0,0,1,2500.31,142,2,3,1,sleeping_dog
CUST_42606,7924.53,6735.85,1188.68,0.15,1,1,3566.04,139,3,11,0,persuadable
CUST_21534,4553.71,3415.28,1138.43,0.25,1,1,1593.8,192,4,12,0,persuadable
CUST_50397,3166.72,3166.72,0.0,0.0,0,1,1900.03,64,0,1,1,sure_thing
CUST_11016,7292.99,6563.69,729.3,0.1,1,1,3646.49,127,7,7,0,persuadable
CUST_99789,4691.94,0.0,0.0,0.0,1,0,0.0,5,1,1,0,lost_cause
CUST_65591,5394.64,5394.64,0.0,0.0,0,1,3236.78,161,2,3,1,sleeping_dog
CUST_99812,2121.85,0.0,0.0,0.0,0,0,0.0,411,4,12,0,persuadable
CUST_33247,3988.96,3590.06,398.9,0.1,1,1,1994.48,129,3,10,0,persuadable
CUST_34300,7637.45,0.0,0.0,0.0,1,0,0.0,31,0,1,0,lost_cause
CUST_84065,5331.78,0.0,0.0,0.0,1,0,0.0,15,0,1,0,lost_cause
CUST_92798,3739.26,0.0,0.0,0.0,1,0,0.0,11,2,1,0,lost_cause
CUST_19268,5566.84,5010.16,556.68,0.1,1,1,2783.42,495,7,6,0,persuadable
CUST_96807,7417.67,6305.02,1112.65,0.15,1,1,3337.95,494,6,7,1,persuadable
CUST_22185,3280.94,0.0,0.0,0.0,1,0,0.0,13,1,1,0,lost_cause
CUST_73704,4783.26,4783.26,0.0,0.0,0,1,2869.96,48,1,2,1,sure_thing
CUST_96779,7731.49,0.0,0.0,0.0,0,0,0.0,27,2,1,0,lost_cause
CUST_49099,2620.57,0.0,0.0,0.0,0,0,0.0,588,3,14,0,persuadable
CUST_18571,6177.82,0.0,0.0,0.0,1,0,0.0,56,0,2,0,lost_cause
CUST_48044,5494.13,4944.72,549.41,0.1,1,1,2747.07,109,0,2,1,sure_thing
CUST_61214,5917.89,0.0,0.0,0.0,1,0,0.0,55,0,1,0,lost_cause
CUST_71228,3782.93,3026.34,756.59,0.2,1,1,1513.17,287,7,14,0,persuadable
CUST_58984,3540.22,0.0,0.0,0.0,1,0,0.0,8,0,2,0,lost_cause
CUST_50774,5947.36,5947.36,0.0,0.0,0,1,3568.42,45,0,1,1,sure_thing
CUST_12568,2901.03,0.0,0.0,0.0,0,0,0.0,14,1,1,0,lost_cause
CUST_72592,4227.76,0.0,0.0,0.0,0,0,0.0,49,2,2,0,lost_cause
CUST_77563,2723.14,0.0,0.0,0.0,1,0,0.0,22,1,2,0,lost_cause
CUST_12695,1553.98,0.0,0.0,0.0,0,0,0.0,52,0,1,0,lost_cause
CUST_58190,7805.37,0.0,0.0,0.0,1,0,0.0,24,0,2,0,lost_cause
CUST_15258,4306.07,0.0,0.0,0.0,1,0,0.0,25,0,1,0,lost_cause
CUST_97538,7800.77,6240.62,1560.15,0.2,1,1,3120.31,439,3,5,0,persuadable
CUST_49504,2412.1,0.0,0.0,0.0,0,0,0.0,29,2,2,0,lost_cause
CUST_43159,5317.88,0.0,0.0,0.0,0,0,0.0,471,3,4,1,persuadable
CUST_23986,2806.33,2385.38,420.95,0.15,1,1,1262.85,68,1,1,1,sure_thing
CUST_71858,6635.48,6635.48,0.0,0.0,0,1,3981.29,14,0,3,1,sure_thing
CUST_22666,6594.07,0.0,0.0,0.0,0,0,0.0,266,3,9,0,persuadable
CUST_48660,2231.95,0.0,0.0,0.0,1,0,0.0,20,0,2,0,lost_cause
CUST_13561,7428.42,0.0,0.0,0.0,1,0,0.0,18,1,1,0,lost_cause
CUST_36854,2765.09,0.0,0.0,0.0,1,0,0.0,30,1,1,0,lost_cause
CUST_74505,5484.35,0.0,0.0,0.0,0,0,0.0,519,4,11,0,persuadable
CUST_62251,7906.62,7115.96,790.66,0.1,1,1,3953.31,518,5,11,0,persuadable
CUST_32662,7235.58,7235.58,0.0,0.0,0,1,4341.35,36,1,3,1,sure_thing
CUST_18392,7717.67,5788.25,1929.42,0.25,1,1,2701.18,334,3,11,0,persuadable
CUST_40535,3726.89,0.0,0.0,0.0,0,0,0.0,187,7,13,0,persuadable
CUST_88603,2186.24,1639.68,546.56,0.25,1,1,765.18,77,1,3,1,sure_thing
CUST_62256,2724.25,2724.25,0.0,0.0,0,1,1634.55,105,0,1,1,sure_thing
CUST_99135,4753.22,0.0,0.0,0.0,0,0,0.0,30,0,1,0,lost_cause
CUST_45222,6655.99,0.0,0.0,0.0,0,0,0.0,27,2,1,0,lost_cause
CUST_87373,2476.0,2476.0,0.0,0.0,0,1,1485.6,183,3,5,1,sleeping_dog
CUST_89575,5788.25,0.0,0.0,0.0,1,0,0.0,49,2,1,0,lost_cause
CUST_94651,3603.25,0.0,0.0,0.0,0,0,0.0,26,2,2,0,lost_cause
CUST_73335,3717.81,2974.25,743.56,0.2,1,1,1487.13,416,5,12,0,persuadable
CUST_20965,5802.47,0.0,0.0,0.0,1,0,0.0,32,0,1,0,lost_cause
CUST_34538,4535.5,0.0,0.0,0.0,0,0,0.0,35,1,1,0,lost_cause
CUST_80592,6778.22,5761.49,1016.73,0.15,1,1,3050.2,110,1,1,1,sure_thing
CUST_18110,2513.47,0.0,0.0,0.0,0,0,0.0,329,3,9,1,persuadable
CUST_89309,6634.66,0.0,0.0,0.0,0,0,0.0,57,1,2,0,lost_cause
CUST_37266,1917.53,1629.9,287.63,0.15,1,1,862.89,494,4,9,1,persuadable
CUST_62992,2761.35,0.0,0.0,0.0,0,0,0.0,35,2,2,0,lost_cause
CUST_92948,5764.97,0.0,0.0,0.0,1,0,0.0,45,1,2,0,lost_cause
CUST_16910,7057.02,5998.47,1058.55,0.15,1,1,3175.66,48,1,2,1,sure_thing
CUST_10206,3142.42,2671.06,471.36,0.15,1,1,1414.09,156,5,5,0,persuadable
CUST_97054,3626.75,0.0,0.0,0.0,0,0,0.0,332,6,8,0,persuadable
CUST_97897,4991.28,4991.28,0.0,0.0,0,1,2994.77,77,0,1,1,sure_thing
CUST_33419,2875.22,2875.22,0.0,0.0,0,1,1725.13,112,1,1,1,sure_thing
CUST_60636,6772.52,0.0,0.0,0.0,0,0,0.0,32,2,1,0,lost_cause
CUST_60015,6528.64,5549.34,979.3,0.15,1,1,2937.88,228,7,11,0,persuadable
CUST_64268,2444.4,2199.96,244.44,0.1,1,1,1222.2,527,5,13,1,persuadable
CUST_97939,4514.89,0.0,0.0,0.0,0,0,0.0,280,3,12,0,persuadable
CUST_28141,6536.38,0.0,0.0,0.0,1,0,0.0,47,1,1,0,lost_cause
CUST_90356,3692.64,3323.38,369.26,0.1,1,1,1846.32,361,4,11,0,persuadable
CUST_81910,5615.19,5053.67,561.52,0.1,1,1,2807.59,478,4,14,0,persuadable
CUST_66044,1826.39,0.0,0.0,0.0,0,0,0.0,13,2,1,0,lost_cause
CUST_77214,5456.48,0.0,0.0,0.0,0,0,0.0,13,0,2,0,lost_cause
CUST_43827,2492.24,1869.18,623.06,0.25,1,1,872.28,12,0,1,1,sure_thing
CUST_65820,6898.79,0.0,0.0,0.0,1,0,0.0,25,2,2,0,lost_cause
CUST_72623,3810.42,0.0,0.0,0.0,0,0,0.0,409,3,6,0,persuadable
CUST_91734,3330.1,0.0,0.0,0.0,0,0,0.0,215,7,8,0,persuadable
CUST_85450,6965.78,6269.2,696.58,0.1,1,1,3482.89,61,0,1,1,sure_thing
CUST_32299,1825.94,1825.94,0.0,0.0,0,1,1095.56,37,0,1,1,sure_thing
CUST_53585,4077.96,0.0,0.0,0.0,1,0,0.0,58,1,2,0,lost_cause
CUST_74044,3905.02,3319.27,585.75,0.15,1,1,1757.26,198,5,14,0,persuadable
CUST_52557,3351.2,0.0,0.0,0.0,0,0,0.0,509,6,12,0,persuadable
CUST_59080,7426.4,0.0,0.0,0.0,0,0,0.0,38,1,2,0,lost_cause
CUST_12693,6381.03,0.0,0.0,0.0,1,0,0.0,22,0,1,0,lost_cause
CUST_79163,1915.5,1915.5,0.0,0.0,0,1,1149.3,60,0,3,1,sure_thing
CUST_35939,6145.47,0.0,0.0,0.0,0,0,0.0,57,2,2,0,lost_cause
CUST_58925,4927.44,4927.44,0.0,0.0,0,1,2956.46,87,1,2,1,sure_thing
CUST_52941,7355.64,0.0,0.0,0.0,0,0,0.0,28,0,1,0,lost_cause
CUST_31834,3534.15,0.0,0.0,0.0,0,0,0.0,47,2,1,0,lost_cause
CUST_28047,5232.05,0.0,0.0,0.0,1,0,0.0,208,3,3,1,sleeping_dog
CUST_36105,4754.91,4041.67,713.24,0.15,1,1,2139.71,92,1,2,1,sure_thing
CUST_85766,4682.15,3511.61,1170.54,0.25,1,1,1638.75,54,1,2,1,sure_thing
CUST_25707,4464.69,3348.52,1116.17,0.25,1,1,1562.64,495,4,7,0,persuadable
CUST_31976,2836.59,0.0,0.0,0.0,0,0,0.0,392,6,14,0,persuadable
CUST_54262,6412.11,6412.11,0.0,0.0,0,1,3847.27,83,0,3,1,sure_thing
CUST_33776,4433.68,0.0,0.0,0.0,1,0,0.0,7,2,2,0,lost_cause
CUST_40080,7730.36,6184.29,1546.07,0.2,1,1,3092.15,98,0,2,1,sure_thing
CUST_76842,3195.25,2396.44,798.81,0.25,1,1,1118.34,401,5,14,0,persuadable
CUST_71373,5937.83,0.0,0.0,0.0,1,0,0.0,58,0,1,0,lost_cause
CUST_16776,7614.66,0.0,0.0,0.0,0,0,0.0,359,5,10,1,persuadable
CUST_65016,5812.48,0.0,0.0,0.0,1,0,0.0,41,2,1,0,lost_cause
CUST_19474,7163.27,7163.27,0.0,0.0,0,1,4297.96,17,1,2,1,sure_thing
CUST_68053,6878.63,0.0,0.0,0.0,0,0,0.0,458,4,10,0,persuadable
CUST_31959,3840.77,3072.62,768.15,0.2,1,1,1536.31,87,0,1,1,sure_thing
CUST_15530,5400.81,4860.73,540.08,0.1,1,1,2700.41,92,1,1,1,sure_thing
CUST_13748,2515.7,0.0,0.0,0.0,1,0,0.0,59,2,1,0,lost_cause
CUST_23545,4980.92,4980.92,0.0,0.0,0,1,2988.55,92,0,2,1,sure_thing
CUST_76199,2997.74,0.0,0.0,0.0,0,0,0.0,350,4,12,0,persuadable
CUST_44766,6334.29,5384.15,950.14,0.15,1,1,2850.43,228,3,7,1,persuadable
CUST_83530,4932.38,0.0,0.0,0.0,0,0,0.0,444,3,4,0,persuadable
CUST_71087,4172.98,0.0,0.0,0.0,0,0,0.0,31,2,1,0,lost_cause
CUST_78840,3247.18,2597.74,649.44,0.2,1,1,1298.87,88,1,1,1,sure_thing
CUST_64384,7991.54,0.0,0.0,0.0,1,0,0.0,15,0,2,0,lost_cause
CUST_61005,1966.12,1966.12,0.0,0.0,0,1,1179.67,145,1,2,1,sleeping_dog
CUST_56576,1783.14,0.0,0.0,0.0,0,0,0.0,46,0,2,0,lost_cause
CUST_49353,2912.17,0.0,0.0,0.0,0,0,0.0,22,2,2,0,lost_cause
CUST_72003,7811.97,7811.97,0.0,0.0,0,1,4687.18,42,0,3,1,sure_thing
CUST_93211,7865.05,0.0,0.0,0.0,0,0,0.0,243,4,12,0,persuadable
CUST_62733,5757.03,4605.62,1151.41,0.2,1,1,2302.81,275,6,12,0,persuadable
CUST_75318,7220.69,0.0,0.0,0.0,0,0,0.0,59,1,2,0,lost_cause
CUST_99474,2890.75,2890.75,0.0,0.0,0,1,1734.45,202,2,5,1,sleeping_dog
CUST_33664,7818.27,0.0,0.0,0.0,0,0,0.0,325,6,5,0,persuadable
CUST_77172,2428.1,0.0,0.0,0.0,1,0,0.0,41,1,2,0,lost_cause
CUST_95616,2157.31,1725.85,431.46,0.2,1,1,862.93,100,0,3,1,sure_thing
CUST_36736,2229.38,0.0,0.0,0.0,1,0,0.0,19,1,1,0,lost_cause
CUST_10854,5225.33,3919.0,1306.33,0.25,1,1,1828.87,495,6,12,0,persuadable
CUST_48623,6576.33,0.0,0.0,0.0,1,0,0.0,109,2,3,1,sleeping_dog
CUST_17392,3883.34,0.0,0.0,0.0,0,0,0.0,15,1,1,0,lost_cause
CUST_65680,7856.32,0.0,0.0,0.0,0,0,0.0,181,3,7,0,persuadable
CUST_56717,4323.73,3242.8,1080.93,0.25,1,1,1513.31,99,1,1,1,sure_thing
CUST_97092,2477.92,2477.92,0.0,0.0,0,1,1486.75,22,0,3,1,sure_thing
CUST_60859,4528.78,3396.58,1132.2,0.25,1,1,1585.07,84,1,1,1,sure_thing
CUST_36309,5913.74,4730.99,1182.75,0.2,1,1,2365.49,237,7,9,0,persuadable
CUST_97455,6909.47,0.0,0.0,0.0,1,0,0.0,26,0,1,0,lost_cause
CUST_73734,4481.99,0.0,0.0,0.0,0,0,0.0,31,1,2,0,lost_cause
CUST_80467,5358.44,4822.6,535.84,0.1,1,1,2679.22,581,4,8,1,persuadable
CUST_62662,3237.74,2752.08,485.66,0.15,1,1,1456.98,41,1,3,1,sure_thing
CUST_22688,5698.46,0.0,0.0,0.0,1,0,0.0,46,1,2,0,lost_cause
CUST_35342,7908.82,0.0,0.0,0.0,0,0,0.0,21,1,1,0,lost_cause
CUST_47157,1818.85,1364.14,454.71,0.25,1,1,636.6,69,0,1,1,sure_thing
CUST_77863,7262.45,0.0,0.0,0.0,0,0,0.0,5,2,1,0,lost_cause
CUST_62083,5154.84,0.0,0.0,0.0,0,0,0.0,157,3,13,1,persuadable
CUST_75733,3138.64,3138.64,0.0,0.0,0,1,1883.18,101,0,1,1,sure_thing
CUST_99045,7706.78,0.0,0.0,0.0,0,0,0.0,502,3,12,0,persuadable
CUST_44698,4641.8,4177.62,464.18,0.1,1,1,2320.9,447,3,11,0,persuadable
CUST_90623,3655.99,2741.99,914.0,0.25,1,1,1279.59,78,1,2,1,sure_thing
CUST_32671,2679.73,0.0,0.0,0.0,0,0,0.0,29,0,1,0,lost_cause
CUST_35184,3088.94,0.0,0.0,0.0,1,0,0.0,5,1,2,0,lost_cause
CUST_52107,6913.52,0.0,0.0,0.0,0,0,0.0,7,0,1,0,lost_cause
CUST_96202,5493.67,0.0,0.0,0.0,0,0,0.0,435,5,5,0,persuadable
CUST_61663,7436.1,0.0,0.0,0.0,0,0,0.0,559,3,7,0,persuadable
CUST_25708,3007.79,0.0,0.0,0.0,0,0,0.0,53,1,1,0,lost_cause
CUST_59811,2287.4,0.0,0.0,0.0,0,0,0.0,162,3,5,0,persuadable
CUST_12811,1539.57,1539.57,0.0,0.0,0,1,923.74,59,0,2,1,sure_thing
CUST_66250,4801.1,3600.82,1200.28,0.25,1,1,1680.38,289,3,14,0,persuadable
CUST_82082,7989.0,0.0,0.0,0.0,0,0,0.0,42,0,2,0,lost_cause
CUST_44754,6017.27,4813.82,1203.45,0.2,1,1,2406.91,493,4,4,0,persuadable
CUST_21411,3504.56,2803.65,700.91,0.2,1,1,1401.83,82,1,1,1,sure_thing
CUST_12911,7199.58,0.0,0.0,0.0,0,0,0.0,29,0,1,0,lost_cause
CUST_77270,6581.19,4935.89,1645.3,0.25,1,1,2303.41,103,0,3,1,sure_thing
CUST_93763,1600.2,1360.17,240.03,0.15,1,1,720.09,333,4,13,1,persuadable
CUST_18680,6809.59,5107.19,1702.4,0.25,1,1,2383.35,21,1,3,1,sure_thing
CUST_94896,3453.42,0.0,0.0,0.0,0,0,0.0,151,3,14,0,persuadable
CUST_93879,2472.88,0.0,0.0,0.0,0,0,0.0,57,0,2,0,lost_cause
CUST_81295,2971.15,0.0,0.0,0.0,0,0,0.0,460,4,10,0,persuadable
CUST_98614,4545.77,3863.9,681.87,0.15,1,1,2045.59,61,0,1,1,sure_thing
CUST_21111,4261.64,0.0,0.0,0.0,0,0,0.0,35,2,2,0,lost_cause
CUST_47504,3377.77,0.0,0.0,0.0,0,0,0.0,24,1,2,0,lost_cause
CUST_11802,2619.42,0.0,0.0,0.0,1,0,0.0,59,2,1,0,lost_cause
CUST_18155,6454.5,5809.05,645.45,0.1,1,1,3227.25,118,0,2,1,sure_thing
CUST_83656,7935.71,5951.78,1983.93,0.25,1,1,2777.5,346,3,9,0,persuadable
CUST_49384,6555.65,6555.65,0.0,0.0,0,1,3933.39,102,3,4,1,sleeping_dog
CUST_57254,3423.59,0.0,0.0,0.0,0,0,0.0,41,1,1,0,lost_cause
CUST_31918,3091.26,3091.26,0.0,0.0,0,1,1854.76,44,1,1,1,sure_thing
CUST_95981,2914.83,2477.61,437.22,0.15,1,1,1311.68,35,0,3,1,sure_thing
CUST_70713,2388.52,0.0,0.0,0.0,0,0,0.0,241,3,13,1,persuadable
CUST_40306,5083.65,0.0,0.0,0.0,0,0,0.0,32,0,2,0,lost_cause
CUST_26646,5435.1,0.0,0.0,0.0,0,0,0.0,475,5,8,1,persuadable
CUST_56843,6085.77,0.0,0.0,0.0,0,0,0.0,287,7,12,0,persuadable
CUST_26371,5921.39,5329.25,592.14,0.1,1,1,2960.69,70,1,3,1,sure_thing
CUST_87371,3400.17,0.0,0.0,0.0,1,0,0.0,6,1,2,0,lost_cause
CUST_12049,3647.02,0.0,0.0,0.0,0,0,0.0,12,2,2,0,lost_cause
CUST_41616,5929.84,0.0,0.0,0.0,0,0,0.0,289,7,12,1,persuadable
CUST_30932,3771.41,0.0,0.0,0.0,0,0,0.0,28,2,2,0,lost_cause
CUST_39855,2882.05,0.0,0.0,0.0,1,0,0.0,200,3,4,1,sleeping_dog
CUST_71434,3933.18,3933.18,0.0,0.0,0,1,2359.91,18,0,1,1,sure_thing
CUST_82694,3268.55,2941.69,326.86,0.1,1,1,1634.27,173,4,10,0,persuadable
CUST_53016,2074.03,1659.22,414.81,0.2,1,1,829.61,361,5,4,0,persuadable
CUST_17400,6895.9,0.0,0.0,0.0,0,0,0.0,15,0,2,0,lost_cause
CUST_52642,7045.22,0.0,0.0,0.0,0,0,0.0,11,2,1,0,lost_cause
CUST_25151,2928.38,0.0,0.0,0.0,1,0,0.0,52,1,2,0,lost_cause
CUST_61407,1921.02,0.0,0.0,0.0,1,0,0.0,51,1,2,0,lost_cause
CUST_76690,6302.38,5672.14,630.24,0.1,1,1,3151.19,556,5,6,1,persuadable
CUST_14499,2874.94,0.0,0.0,0.0,1,0,0.0,30,1,1,0,lost_cause
CUST_16295,4057.33,0.0,0.0,0.0,0,0,0.0,424,3,5,0,persuadable
CUST_69040,1916.88,1916.88,0.0,0.0,0,1,1150.13,21,0,2,1,sure_thing
CUST_22183,2970.75,0.0,0.0,0.0,1,0,0.0,58,1,1,0,lost_cause
CUST_39299,6653.86,0.0,0.0,0.0,0,0,0.0,47,2,2,0,lost_cause
CUST_22874,6728.58,0.0,0.0,0.0,0,0,0.0,378,4,11,1,persuadable
CUST_42711,2846.05,0.0,0.0,0.0,0,0,0.0,21,2,2,0,lost_cause
CUST_15539,3683.44,0.0,0.0,0.0,1,0,0.0,8,2,1,0,lost_cause
CUST_63351,2372.55,0.0,0.0,0.0,0,0,0.0,579,3,8,0,persuadable
CUST_71267,1982.12,0.0,0.0,0.0,1,0,0.0,111,2,4,1,sleeping_dog
CUST_58354,7949.12,6359.3,1589.82,0.2,1,1,3179.65,61,0,1,1,sure_thing
CUST_12557,5761.36,5185.22,576.14,0.1,1,1,2880.68,53,1,2,1,sure_thing
CUST_48360,5023.63,4521.27,502.36,0.1,1,1,2511.82,73,1,3,1,sure_thing
CUST_92018,6475.74,0.0,0.0,0.0,1,0,0.0,9,1,2,0,lost_cause
CUST_12200,6960.5,0.0,0.0,0.0,1,0,0.0,57,2,1,0,lost_cause
CUST_78497,6743.65,5732.1,1011.55,0.15,1,1,3034.64,13,0,1,1,sure_thing
CUST_56975,1607.51,0.0,0.0,0.0,0,0,0.0,227,5,13,0,persuadable
CUST_31357,2714.25,0.0,0.0,0.0,0,0,0.0,27,1,1,0,lost_cause
CUST_87505,5756.88,4893.35,863.53,0.15,1,1,2590.6,44,1,1,1,sure_thing
CUST_12869,3942.44,0.0,0.0,0.0,0,0,0.0,35,2,2,0,lost_cause
CUST_71135,7886.14,0.0,0.0,0.0,0,0,0.0,5,2,1,0,lost_cause
CUST_60108,5825.13,0.0,0.0,0.0,0,0,0.0,412,5,12,1,persuadable
CUST_48467,7717.57,0.0,0.0,0.0,1,0,0.0,181,2,5,1,sleeping_dog
CUST_33328,2809.4,0.0,0.0,0.0,0,0,0.0,360,4,14,0,persuadable
CUST_96831,7115.72,7115.72,0.0,0.0,0,1,4269.43,235,3,4,1,sleeping_dog
CUST_13987,3588.79,0.0,0.0,0.0,0,0,0.0,25,0,1,0,lost_cause
CUST_68871,7932.17,0.0,0.0,0.0,1,0,0.0,8,0,1,0,lost_cause
CUST_32399,2524.98,2524.98,0.0,0.0,0,1,1514.99,52,0,1,1,sure_thing
CUST_56214,4856.21,0.0,0.0,0.0,0,0,0.0,30,0,2,0,lost_cause
CUST_96416,6653.49,0.0,0.0,0.0,0,0,0.0,346,5,12,1,persuadable
CUST_80271,4312.18,3449.74,862.44,0.2,1,1,1724.87,69,0,1,1,sure_thing
CUST_54064,4542.55,3406.91,1135.64,0.25,1,1,1589.89,70,1,3,1,sure_thing
CUST_80091,7911.31,0.0,0.0,0.0,0,0,0.0,50,0,2,0,lost_cause
CUST_50818,4264.5,0.0,0.0,0.0,0,0,0.0,453,3,12,1,persuadable
CUST_55525,5426.47,0.0,0.0,0.0,1,0,0.0,48,0,1,0,lost_cause
CUST_29830,1854.51,0.0,0.0,0.0,0,0,0.0,42,0,2,0,lost_cause
CUST_27429,6974.37,5928.21,1046.16,0.15,1,1,3138.46,64,0,2,1,sure_thing
CUST_16893,5713.09,0.0,0.0,0.0,0,0,0.0,43,0,1,0,lost_cause
CUST_89909,4126.13,4126.13,0.0,0.0,0,1,2475.68,38,0,2,1,sure_thing
CUST_57333,1605.1,0.0,0.0,0.0,0,0,0.0,35,2,1,0,lost_cause
CUST_13436,5345.85,0.0,0.0,0.0,0,0,0.0,52,1,1,0,lost_cause
CUST_84290,1582.28,1424.05,158.23,0.1,1,1,791.14,324,6,13,1,persuadable
CUST_86213,1507.82,0.0,0.0,0.0,0,0,0.0,45,2,1,0,lost_cause
CUST_15895,5504.64,4403.71,1100.93,0.2,1,1,2201.85,506,5,5,1,persuadable
CUST_29738,2728.61,0.0,0.0,0.0,0,0,0.0,552,6,6,0,persuadable
CUST_40746,2747.27,0.0,0.0,0.0,0,0,0.0,36,0,1,0,lost_cause
CUST_59377,5746.27,0.0,0.0,0.0,0,0,0.0,367,7,11,0,persuadable
CUST_58404,1849.03,1479.22,369.81,0.2,1,1,739.61,563,7,10,0,persuadable
CUST_64045,3537.14,0.0,0.0,0.0,0,0,0.0,521,7,10,0,persuadable
CUST_49790,2471.31,0.0,0.0,0.0,1,0,0.0,53,0,2,0,lost_cause
CUST_15600,5271.15,4216.92,1054.23,0.2,1,1,2108.46,582,6,7,0,persuadable
CUST_50764,5801.47,5801.47,0.0,0.0,0,1,3480.88,42,0,1,1,sure_thing
CUST_84543,6187.38,0.0,0.0,0.0,1,0,0.0,42,1,2,0,lost_cause
CUST_55714,3159.0,0.0,0.0,0.0,0,0,0.0,30,0,2,0,lost_cause
CUST_66835,2080.12,1872.11,208.01,0.1,1,1,1040.06,48,1,2,1,sure_thing
CUST_83744,2011.44,1709.72,301.72,0.15,1,1,905.14,42,0,1,1,sure_thing
CUST_66491,4269.99,4269.99,0.0,0.0,0,1,2561.99,54,0,3,1,sure_thing
CUST_28589,7647.99,0.0,0.0,0.0,0,0,0.0,337,4,7,0,persuadable
CUST_53484,2915.24,2186.43,728.81,0.25,1,1,1020.33,440,4,12,1,persuadable
CUST_92989,3168.82,0.0,0.0,0.0,0,0,0.0,55,1,1,0,lost_cause
CUST_46212,2155.78,0.0,0.0,0.0,0,0,0.0,46,2,2,0,lost_cause
CUST_53525,5436.21,0.0,0.0,0.0,0,0,0.0,28,1,2,0,lost_cause
CUST_57202,5919.17,4735.34,1183.83,0.2,1,1,2367.67,500,5,5,0,persuadable
CUST_42635,5679.05,0.0,0.0,0.0,0,0,0.0,28,0,1,0,lost_cause
CUST_73208,7097.35,0.0,0.0,0.0,0,0,0.0,505,7,6,0,persuadable
CUST_43828,4661.77,4661.77,0.0,0.0,0,1,2797.06,209,3,2,1,sleeping_dog
CUST_28711,2373.97,0.0,0.0,0.0,1,0,0.0,36,0,1,0,lost_cause
CUST_13420,3381.13,3381.13,0.0,0.0,0,1,2028.68,93,1,2,1,sure_thing
CUST_10301,5805.79,0.0,0.0,0.0,0,0,0.0,41,0,1,0,lost_cause
CUST_55236,5485.29,0.0,0.0,0.0,0,0,0.0,592,3,5,0,persuadable
CUST_76235,4951.52,0.0,0.0,0.0,1,0,0.0,24,1,1,0,lost_cause
CUST_64240,5939.27,5939.27,0.0,0.0,0,1,3563.56,115,0,2,1,sure_thing
CUST_75726,5643.04,5643.04,0.0,0.0,0,1,3385.82,26,1,1,1,sure_thing
CUST_20492,7228.61,0.0,0.0,0.0,1,0,0.0,42,1,2,0,lost_cause
CUST_16102,5309.11,4778.2,530.91,0.1,1,1,2654.56,12,0,3,1,sure_thing
CUST_60336,6560.91,0.0,0.0,0.0,0,0,0.0,22,1,2,0,lost_cause
CUST_95314,3116.6,2649.11,467.49,0.15,1,1,1402.47,347,3,8,0,persuadable
CUST_36641,5908.19,0.0,0.0,0.0,0,0,0.0,37,2,1,0,lost_cause
CUST_44584,7364.26,0.0,0.0,0.0,0,0,0.0,8,1,2,0,lost_cause
CUST_42745,4007.26,0.0,0.0,0.0,0,0,0.0,593,5,8,1,persuadable
CUST_33093,6564.18,5579.55,984.63,0.15,1,1,2953.88,408,7,14,0,persuadable
CUST_76105,6211.13,4658.35,1552.78,0.25,1,1,2173.9,41,0,2,1,sure_thing
CUST_61885,1886.92,1886.92,0.0,0.0,0,1,1132.15,69,1,2,1,sure_thing
CUST_46631,5279.8,4223.84,1055.96,0.2,1,1,2111.92,138,6,7,0,persuadable
CUST_82991,2346.23,0.0,0.0,0.0,0,0,0.0,37,1,2,0,lost_cause
CUST_14014,7787.57,0.0,0.0,0.0,1,0,0.0,8,2,2,0,lost_cause
CUST_21093,6774.15,0.0,0.0,0.0,1,0,0.0,47,2,2,0,lost_cause
CUST_28070,2213.2,0.0,0.0,0.0,1,0,0.0,37,2,1,0,lost_cause
CUST_45777,2291.39,0.0,0.0,0.0,0,0,0.0,26,0,1,0,lost_cause
CUST_66958,5364.08,0.0,0.0,0.0,0,0,0.0,13,2,1,0,lost_cause
CUST_92074,3741.78,3367.6,374.18,0.1,1,1,1870.89,547,3,11,1,persuadable
CUST_20729,1726.89,0.0,0.0,0.0,1,0,0.0,37,0,2,0,lost_cause
CUST_55017,5020.67,0.0,0.0,0.0,1,0,0.0,10,0,1,0,lost_cause
CUST_76320,4020.99,0.0,0.0,0.0,0,0,0.0,9,2,2,0,lost_cause
CUST_37751,2157.0,1833.45,323.55,0.15,1,1,970.65,27,0,2,1,sure_thing
CUST_88069,6712.48,0.0,0.0,0.0,0,0,0.0,440,5,9,1,persuadable
CUST_64748,7448.0,0.0,0.0,0.0,0,0,0.0,506,4,12,0,persuadable
CUST_15801,6417.86,0.0,0.0,0.0,0,0,0.0,59,2,2,0,lost_cause
CUST_29190,6845.75,6161.17,684.58,0.1,1,1,3422.87,297,7,4,0,persuadable
CUST_59689,2907.19,0.0,0.0,0.0,0,0,0.0,500,3,10,1,persuadable
CUST_60993,3213.22,0.0,0.0,0.0,1,0,0.0,139,3,3,1,sleeping_dog
CUST_39592,2855.43,2427.12,428.31,0.15,1,1,1284.95,50,0,2,1,sure_thing
CUST_20647,6472.91,0.0,0.0,0.0,0,0,0.0,354,7,12,0,persuadable
CUST_18716,7661.46,7661.46,0.0,0.0,0,1,4596.88,31,0,1,1,sure_thing
CUST_98891,6159.44,0.0,0.0,0.0,1,0,0.0,20,0,1,0,lost_cause
CUST_97545,7229.53,0.0,0.0,0.0,1,0,0.0,31,0,1,0,lost_cause
CUST_99912,5651.54,0.0,0.0,0.0,0,0,0.0,447,7,12,0,persuadable
CUST_80316,4019.79,0.0,0.0,0.0,1,0,0.0,37,0,2,0,lost_cause
CUST_12368,4267.45,0.0,0.0,0.0,0,0,0.0,169,6,12,0,persuadable
CUST_87575,1989.59,0.0,0.0,0.0,0,0,0.0,54,0,1,0,lost_cause
CUST_16655,1704.47,0.0,0.0,0.0,1,0,0.0,31,0,1,0,lost_cause
CUST_80031,6020.59,0.0,0.0,0.0,1,0,0.0,38,1,1,0,lost_cause
CUST_86429,4349.79,3479.83,869.96,0.2,1,1,1739.91,78,1,3,1,sure_thing
CUST_97922,5089.4,5089.4,0.0,0.0,0,1,3053.64,82,3,3,1,sleeping_dog
CUST_65766,5124.8,0.0,0.0,0.0,0,0,0.0,54,0,1,0,lost_cause
CUST_23403,3302.94,2642.35,660.59,0.2,1,1,1321.17,526,5,9,0,persuadable
CUST_42097,4593.3,0.0,0.0,0.0,0,0,0.0,17,0,2,0,lost_cause
CUST_88657,4559.94,0.0,0.0,0.0,0,0,0.0,302,7,9,0,persuadable
CUST_20966,4024.78,0.0,0.0,0.0,1,0,0.0,27,1,2,0,lost_cause
CUST_62921,6834.39,6834.39,0.0,0.0,0,1,4100.63,58,0,2,1,sure_thing
CUST_59726,4432.57,0.0,0.0,0.0,1,0,0.0,36,1,1,0,lost_cause
CUST_60300,5423.69,4067.77,1355.92,0.25,1,1,1898.29,242,5,11,0,persuadable
CUST_32677,7320.88,6222.75,1098.13,0.15,1,1,3294.4,90,1,1,1,sure_thing
CUST_65609,7130.52,6417.47,713.05,0.1,1,1,3565.26,86,0,1,1,sure_thing
CUST_66661,7287.74,6194.58,1093.16,0.15,1,1,3279.48,50,0,2,1,sure_thing
CUST_41024,3255.03,2929.53,325.5,0.1,1,1,1627.52,126,7,8,0,persuadable
CUST_80313,1727.39,0.0,0.0,0.0,0,0,0.0,192,3,6,0,persuadable
CUST_63006,3196.93,0.0,0.0,0.0,0,0,0.0,6,1,2,0,lost_cause
CUST_25338,3311.6,0.0,0.0,0.0,0,0,0.0,412,7,11,0,persuadable
CUST_78027,7410.84,5558.13,1852.71,0.25,1,1,2593.79,495,6,13,0,persuadable
CUST_90135,5720.08,0.0,0.0,0.0,1,0,0.0,37,0,1,0,lost_cause
CUST_29508,2031.08,1726.42,304.66,0.15,1,1,913.99,86,0,3,1,sure_thing
CUST_13051,2379.96,0.0,0.0,0.0,0,0,0.0,44,2,1,0,lost_cause
CUST_58747,2511.89,0.0,0.0,0.0,0,0,0.0,11,2,1,0,lost_cause
CUST_97142,5597.74,0.0,0.0,0.0,1,0,0.0,44,2,1,0,lost_cause
CUST_97235,6280.19,0.0,0.0,0.0,1,0,0.0,34,2,2,0,lost_cause
CUST_64021,7087.69,0.0,0.0,0.0,0,0,0.0,15,2,1,0,lost_cause
CUST_76412,7614.14,6091.31,1522.83,0.2,1,1,3045.65,69,1,1,1,sure_thing
CUST_68335,2811.08,2529.97,281.11,0.1,1,1,1405.54,38,1,1,1,sure_thing
CUST_66179,3513.52,3513.52,0.0,0.0,0,1,2108.11,104,0,3,1,sure_thing
CUST_42093,3062.1,0.0,0.0,0.0,0,0,0.0,40,2,1,0,lost_cause
CUST_79678,3831.95,3065.56,766.39,0.2,1,1,1532.78,106,0,3,1,sure_thing
CUST_90738,7445.32,0.0,0.0,0.0,1,0,0.0,55,0,2,0,lost_cause
CUST_49734,5238.23,5238.23,0.0,0.0,0,1,3142.94,223,1,5,1,sleeping_dog
CUST_82615,6298.25,0.0,0.0,0.0,1,0,0.0,17,0,1,0,lost_cause
CUST_83523,4685.78,3514.34,1171.44,0.25,1,1,1640.03,197,5,10,0,persuadable
CUST_27019,1687.58,1265.68,421.9,0.25,1,1,590.65,77,0,3,1,sure_thing
CUST_93613,1917.27,0.0,0.0,0.0,1,0,0.0,51,1,2,0,lost_cause
CUST_96672,4996.5,0.0,0.0,0.0,1,0,0.0,34,2,1,0,lost_cause
CUST_83847,6172.13,6172.13,0.0,0.0,0,1,3703.28,104,0,1,1,sure_thing
CUST_92750,2899.65,2609.68,289.97,0.1,1,1,1449.82,86,1,3,1,sure_thing
CUST_89634,6192.41,0.0,0.0,0.0,1,0,0.0,50,1,2,0,lost_cause
CUST_38251,6769.33,0.0,0.0,0.0,0,0,0.0,52,2,1,0,lost_cause
CUST_35945,4177.33,0.0,0.0,0.0,0,0,0.0,27,2,2,0,lost_cause
CUST_42217,6351.73,0.0,0.0,0.0,0,0,0.0,30,1,1,0,lost_cause
CUST_18308,4126.19,0.0,0.0,0.0,0,0,0.0,17,2,2,0,lost_cause
CUST_15949,5909.28,5022.89,886.39,0.15,1,1,2659.18,243,5,4,1,persuadable
CUST_61990,6465.98,0.0,0.0,0.0,0,0,0.0,141,7,5,1,persuadable
CUST_11150,7947.52,6358.02,1589.5,0.2,1,1,3179.01,167,5,4,0,persuadable
CUST_99480,3745.08,0.0,0.0,0.0,0,0,0.0,226,6,11,1,persuadable
CUST_84740,4171.77,0.0,0.0,0.0,1,0,0.0,15,0,2,0,lost_cause
CUST_76617,2576.53,0.0,0.0,0.0,0,0,0.0,6,2,2,0,lost_cause
CUST_26896,2826.47,0.0,0.0,0.0,0,0,0.0,57,0,2,0,lost_cause
CUST_56175,6007.07,4805.66,1201.41,0.2,1,1,2402.83,178,5,11,1,persuadable
CUST_17805,7460.8,0.0,0.0,0.0,0,0,0.0,52,0,2,0,lost_cause
CUST_15237,4064.93,0.0,0.0,0.0,0,0,0.0,30,2,2,0,lost_cause
CUST_30056,2668.99,0.0,0.0,0.0,0,0,0.0,55,1,1,0,lost_cause
CUST_55543,3353.15,0.0,0.0,0.0,1,0,0.0,6,0,2,0,lost_cause
CUST_66556,4457.84,4457.84,0.0,0.0,0,1,2674.7,117,0,2,1,sure_thing
CUST_13343,3389.23,3050.31,338.92,0.1,1,1,1694.62,417,3,7,1,persuadable
CUST_23500,3018.26,2716.43,301.83,0.1,1,1,1509.13,18,1,1,1,sure_thing
CUST_63222,6283.9,5655.51,628.39,0.1,1,1,3141.95,374,6,9,1,persuadable
CUST_39375,1550.99,1163.24,387.75,0.25,1,1,542.84,436,3,5,0,persuadable
CUST_19662,5005.0,0.0,0.0,0.0,0,0,0.0,56,2,2,0,lost_cause
CUST_26964,6659.48,0.0,0.0,0.0,1,0,0.0,72,3,4,1,sleeping_dog
CUST_69638,3230.48,0.0,0.0,0.0,0,0,0.0,11,0,2,0,lost_cause
CUST_83666,5421.39,0.0,0.0,0.0,1,0,0.0,36,1,1,0,lost_cause
CUST_95067,5847.85,4385.89,1461.96,0.25,1,1,2046.75,560,7,10,0,persuadable
CUST_77215,5757.66,0.0,0.0,0.0,1,0,0.0,33,1,1,0,lost_cause
CUST_79042,4398.02,3518.42,879.6,0.2,1,1,1759.21,38,1,1,1,sure_thing
CUST_23284,3752.76,3189.85,562.91,0.15,1,1,1688.75,369,5,10,0,persuadable
CUST_82789,6933.51,6240.16,693.35,0.1,1,1,3466.76,220,5,13,0,persuadable
CUST_94664,6429.9,0.0,0.0,0.0,0,0,0.0,447,6,12,0,persuadable
CUST_71389,3588.16,2691.12,897.04,0.25,1,1,1255.86,56,1,3,1,sure_thing
CUST_19435,2169.62,1844.18,325.44,0.15,1,1,976.33,55,0,3,1,sure_thing
CUST_64340,1966.75,1770.07,196.68,0.1,1,1,983.37,421,7,8,0,persuadable
CUST_54078,2112.79,2112.79,0.0,0.0,0,1,1267.67,206,1,5,1,sleeping_dog
CUST_88832,5288.65,0.0,0.0,0.0,0,0,0.0,152,6,13,0,persuadable
CUST_61293,1835.8,1560.43,275.37,0.15,1,1,826.11,427,3,6,1,persuadable
CUST_88781,3690.02,3321.02,369.0,0.1,1,1,1845.01,79,0,1,1,sure_thing
CUST_70403,6395.8,0.0,0.0,0.0,1,0,0.0,48,2,2,0,lost_cause
CUST_39124,3413.26,0.0,0.0,0.0,0,0,0.0,263,7,12,0,persuadable
CUST_53919,6461.5,5492.28,969.22,0.15,1,1,2907.68,56,1,1,1,sure_thing
CUST_45247,6345.54,5076.43,1269.11,0.2,1,1,2538.21,476,6,5,1,persuadable
CUST_72752,3097.88,2788.09,309.79,0.1,1,1,1548.94,108,1,1,1,sure_thing
CUST_66573,6237.34,5613.61,623.73,0.1,1,1,3118.67,112,0,3,1,sure_thing
CUST_69101,6360.55,5088.44,1272.11,0.2,1,1,2544.22,69,1,1,1,sure_thing
CUST_36646,4083.45,4083.45,0.0,0.0,0,1,2450.07,98,1,3,1,sure_thing
CUST_33049,2867.73,2580.96,286.77,0.1,1,1,1433.87,110,0,2,1,sure_thing
CUST_89605,4888.26,0.0,0.0,0.0,0,0,0.0,472,7,14,0,persuadable
CUST_78385,7489.08,0.0,0.0,0.0,1,0,0.0,36,1,1,0,lost_cause
CUST_50158,5657.51,0.0,0.0,0.0,1,0,0.0,38,2,1,0,lost_cause
CUST_75417,2624.0,0.0,0.0,0.0,0,0,0.0,481,7,6,0,persuadable
CUST_33289,5937.92,5344.13,593.79,0.1,1,1,2968.96,154,5,12,0,persuadable
CUST_19823,4276.82,0.0,0.0,0.0,0,0,0.0,52,1,1,0,lost_cause
CUST_70160,5344.94,0.0,0.0,0.0,0,0,0.0,507,7,4,1,persuadable
CUST_51975,6271.42,4703.56,1567.86,0.25,1,1,2194.99,95,1,1,1,sure_thing
CUST_19540,4847.16,0.0,0.0,0.0,0,0,0.0,18,0,2,0,lost_cause
CUST_26364,6790.9,5432.72,1358.18,0.2,1,1,2716.36,44,1,1,1,sure_thing
CUST_14611,6194.01,0.0,0.0,0.0,0,0,0.0,282,5,5,0,persuadable
CUST_37663,5497.98,4123.48,1374.5,0.25,1,1,1924.29,324,5,9,0,persuadable
CUST_61991,2480.15,0.0,0.0,0.0,0,0,0.0,11,0,2,0,lost_cause
CUST_67679,6933.67,5546.94,1386.73,0.2,1,1,2773.47,288,4,12,1,persuadable
CUST_40977,7583.39,0.0,0.0,0.0,0,0,0.0,44,2,1,0,lost_cause
CUST_59115,2390.27,2390.27,0.0,0.0,0,1,1434.16,224,2,3,1,sleeping_dog
CUST_98223,4673.57,4673.57,0.0,0.0,0,1,2804.14,64,0,1,1,sure_thing
CUST_70890,3182.78,0.0,0.0,0.0,0,0,0.0,226,4,13,1,persuadable
CUST_76387,6404.4,0.0,0.0,0.0,0,0,0.0,547,3,9,0,persuadable
CUST_28071,6190.59,0.0,0.0,0.0,0,0,0.0,483,4,5,0,persuadable
CUST_69275,2415.75,2053.39,362.36,0.15,1,1,1087.09,246,3,10,0,persuadable
CUST_82369,7200.68,0.0,0.0,0.0,1,0,0.0,47,2,1,0,lost_cause
CUST_21938,2676.32,0.0,0.0,0.0,1,0,0.0,44,2,1,0,lost_cause
CUST_45195,6682.18,0.0,0.0,0.0,1,0,0.0,6,2,2,0,lost_cause
CUST_14000,4470.37,3576.3,894.07,0.2,1,1,1788.15,340,4,7,1,persuadable
CUST_80588,3633.77,0.0,0.0,0.0,0,0,0.0,56,1,2,0,lost_cause
CUST_48304,2528.56,0.0,0.0,0.0,1,0,0.0,85,3,3,1,sleeping_dog
CUST_79449,2589.49,0.0,0.0,0.0,0,0,0.0,21,2,1,0,lost_cause
CUST_92986,5802.29,4641.83,1160.46,0.2,1,1,2320.91,86,1,3,1,sure_thing
CUST_99643,5077.8,0.0,0.0,0.0,1,0,0.0,20,2,1,0,lost_cause
CUST_30764,2293.56,2293.56,0.0,0.0,0,1,1376.14,27,0,1,1,sure_thing
CUST_96027,2232.54,0.0,0.0,0.0,0,0,0.0,487,3,12,1,persuadable
CUST_48494,1970.02,1970.02,0.0,0.0,0,1,1182.01,44,1,1,1,sure_thing
CUST_13373,6334.49,0.0,0.0,0.0,0,0,0.0,58,2,2,0,lost_cause
CUST_22161,6127.23,0.0,0.0,0.0,1,0,0.0,43,0,2,0,lost_cause
CUST_37350,1879.8,1879.8,0.0,0.0,0,1,1127.88,18,1,3,1,sure_thing
CUST_35351,5141.76,3856.32,1285.44,0.25,1,1,1799.62,140,6,6,0,persuadable
CUST_98668,2050.4,1845.36,205.04,0.1,1,1,1025.2,426,5,10,0,persuadable
CUST_25305,7374.35,5899.48,1474.87,0.2,1,1,2949.74,246,6,4,0,persuadable
CUST_85353,7396.26,6656.63,739.63,0.1,1,1,3698.13,97,1,1,1,sure_thing
CUST_86797,6038.51,4830.81,1207.7,0.2,1,1,2415.41,334,6,14,0,persuadable
CUST_75953,7520.23,0.0,0.0,0.0,0,0,0.0,15,2,1,0,lost_cause
CUST_67458,6774.44,6774.44,0.0,0.0,0,1,4064.66,10,0,1,1,sure_thing
CUST_30358,6885.5,5164.12,1721.38,0.25,1,1,2409.92,58,1,1,1,sure_thing
CUST_13267,5203.1,4162.48,1040.62,0.2,1,1,2081.24,532,4,10,0,persuadable
CUST_92745,3489.38,0.0,0.0,0.0,1,0,0.0,33,1,1,0,lost_cause
CUST_99588,2915.69,0.0,0.0,0.0,1,0,0.0,11,2,2,0,lost_cause
CUST_48513,3626.8,0.0,0.0,0.0,0,0,0.0,58,2,1,0,lost_cause
CUST_36092,5585.22,4747.44,837.78,0.15,1,1,2513.35,200,6,6,0,persuadable
CUST_21338,2622.27,0.0,0.0,0.0,0,0,0.0,31,0,1,0,lost_cause
CUST_10412,3181.16,2544.93,636.23,0.2,1,1,1272.47,49,0,2,1,sure_thing
CUST_17543,4542.4,0.0,0.0,0.0,0,0,0.0,40,0,1,0,lost_cause
CUST_43496,3014.83,0.0,0.0,0.0,1,0,0.0,49,2,2,0,lost_cause
CUST_70692,5326.18,0.0,0.0,0.0,0,0,0.0,37,2,1,0,lost_cause
CUST_99084,7500.64,0.0,0.0,0.0,1,0,0.0,17,0,1,0,lost_cause
CUST_54425,6362.58,0.0,0.0,0.0,0,0,0.0,10,2,2,0,lost_cause
CUST_48756,5831.77,4665.42,1166.35,0.2,1,1,2332.71,33,0,2,1,sure_thing
CUST_28888,5287.69,0.0,0.0,0.0,1,0,0.0,58,0,1,0,lost_cause
CUST_45735,4671.66,4671.66,0.0,0.0,0,1,2803.0,58,0,1,1,sure_thing
CUST_57295,2712.67,0.0,0.0,0.0,0,0,0.0,559,6,13,0,persuadable
CUST_93042,7315.62,7315.62,0.0,0.0,0,1,4389.37,38,1,3,1,sure_thing
CUST_95999,3115.48,3115.48,0.0,0.0,0,1,1869.29,16,1,3,1,sure_thing
CUST_27955,2093.51,0.0,0.0,0.0,0,0,0.0,486,5,9,0,persuadable
CUST_47841,6375.1,5737.59,637.51,0.1,1,1,3187.55,569,6,10,1,persuadable
CUST_80640,2641.5,2377.35,264.15,0.1,1,1,1320.75,369,6,11,1,persuadable
CUST_75510,3917.32,0.0,0.0,0.0,1,0,0.0,8,0,2,0,lost_cause
CUST_44911,1683.85,1683.85,0.0,0.0,0,1,1010.31,14,0,1,1,sure_thing
CUST_69031,2390.94,2032.3,358.64,0.15,1,1,1075.92,39,0,2,1,sure_thing
CUST_98726,2625.82,0.0,0.0,0.0,1,0,0.0,23,1,1,0,lost_cause
CUST_17357,1853.67,0.0,0.0,0.0,0,0,0.0,594,5,8,1,persuadable
CUST_42479,5768.27,0.0,0.0,0.0,0,0,0.0,47,2,1,0,lost_cause
CUST_71476,6940.55,0.0,0.0,0.0,1,0,0.0,53,0,1,0,lost_cause
CUST_54811,3926.55,0.0,0.0,0.0,1,0,0.0,57,0,2,0,lost_cause
CUST_46208,7184.75,0.0,0.0,0.0,1,0,0.0,17,2,2,0,lost_cause
CUST_30150,2886.75,2309.4,577.35,0.2,1,1,1154.7,246,7,6,0,persuadable
CUST_81180,3615.04,0.0,0.0,0.0,1,0,0.0,12,1,1,0,lost_cause
CUST_53286,2479.79,0.0,0.0,0.0,0,0,0.0,310,7,6,1,persuadable
CUST_78450,5533.63,0.0,0.0,0.0,0,0,0.0,383,7,12,0,persuadable
CUST_31352,4229.15,0.0,0.0,0.0,0,0,0.0,25,2,2,0,lost_cause
CUST_65069,5486.34,4937.71,548.63,0.1,1,1,2743.17,297,3,5,1,persuadable
CUST_24397,6450.89,0.0,0.0,0.0,0,0,0.0,20,2,2,0,lost_cause
CUST_51555,5047.07,0.0,0.0,0.0,1,0,0.0,27,0,2,0,lost_cause
CUST_56959,5579.6,0.0,0.0,0.0,1,0,0.0,24,0,2,0,lost_cause
CUST_10728,7579.13,0.0,0.0,0.0,0,0,0.0,22,1,1,0,lost_cause
CUST_60517,3443.92,2755.14,688.78,0.2,1,1,1377.57,340,3,13,1,persuadable
CUST_76234,3834.57,2875.93,958.64,0.25,1,1,1342.1,398,6,7,1,persuadable
CUST_49954,6165.07,0.0,0.0,0.0,0,0,0.0,28,2,1,0,lost_cause
CUST_57280,5473.49,4105.12,1368.37,0.25,1,1,1915.72,249,3,7,0,persuadable
CUST_89459,2660.46,0.0,0.0,0.0,0,0,0.0,40,2,2,0,lost_cause
CUST_26779,3944.96,0.0,0.0,0.0,1,0,0.0,58,2,2,0,lost_cause
CUST_73932,4540.95,0.0,0.0,0.0,0,0,0.0,6,1,1,0,lost_cause
CUST_82936,4226.03,3592.13,633.9,0.15,1,1,1901.72,257,6,8,1,persuadable
CUST_34466,2658.79,1994.09,664.7,0.25,1,1,930.57,32,0,2,1,sure_thing
CUST_46939,7508.8,0.0,0.0,0.0,0,0,0.0,148,3,7,0,persuadable
CUST_79896,6455.07,5809.56,645.51,0.1,1,1,3227.53,43,0,1,1,sure_thing
CUST_45270,4628.81,0.0,0.0,0.0,1,0,0.0,12,2,2,0,lost_cause
CUST_69163,5920.4,5328.36,592.04,0.1,1,1,2960.2,514,6,5,0,persuadable
CUST_92637,7332.34,6232.49,1099.85,0.15,1,1,3299.55,102,0,3,1,sure_thing
CUST_61934,2385.13,1908.1,477.03,0.2,1,1,954.05,30,1,3,1,sure_thing
CUST_74895,3127.42,0.0,0.0,0.0,1,0,0.0,22,2,2,0,lost_cause
CUST_42307,5027.56,0.0,0.0,0.0,0,0,0.0,14,2,2,0,lost_cause
CUST_64098,6693.57,6024.21,669.36,0.1,1,1,3346.78,382,3,4,1,persuadable
CUST_70921,1735.66,1301.74,433.92,0.25,1,1,607.48,35,0,3,1,sure_thing
CUST_15486,7896.12,7106.51,789.61,0.1,1,1,3948.06,152,7,6,0,persuadable
CUST_18335,4456.89,3788.36,668.53,0.15,1,1,2005.6,195,5,9,1,persuadable
CUST_96900,3835.0,0.0,0.0,0.0,0,0,0.0,29,0,2,0,lost_cause
CUST_99112,3402.71,0.0,0.0,0.0,1,0,0.0,16,2,1,0,lost_cause
CUST_21130,2633.32,0.0,0.0,0.0,0,0,0.0,211,3,6,0,persuadable
CUST_97508,6645.23,4983.92,1661.31,0.25,1,1,2325.83,77,0,1,1,sure_thing
CUST_70566,7710.19,7710.19,0.0,0.0,0,1,4626.11,145,3,4,1,sleeping_dog
CUST_76703,4188.69,0.0,0.0,0.0,0,0,0.0,443,6,7,0,persuadable
CUST_37192,7690.73,0.0,0.0,0.0,0,0,0.0,25,0,2,0,lost_cause
CUST_11062,6854.68,6854.68,0.0,0.0,0,1,4112.81,114,1,3,1,sure_thing
CUST_94076,4626.83,0.0,0.0,0.0,0,0,0.0,382,3,4,1,persuadable
CUST_99780,5881.17,4410.88,1470.29,0.25,1,1,2058.41,96,1,3,1,sure_thing
CUST_31545,4327.4,3245.55,1081.85,0.25,1,1,1514.59,409,3,13,1,persuadable
CUST_31689,5131.7,5131.7,0.0,0.0,0,1,3079.02,122,3,2,1,sleeping_dog
CUST_21174,1877.3,1595.71,281.59,0.15,1,1,844.79,589,4,5,0,persuadable
CUST_98461,6025.71,5121.85,903.86,0.15,1,1,2711.57,19,0,2,1,sure_thing
CUST_19348,1843.36,1843.36,0.0,0.0,0,1,1106.02,102,0,3,1,sure_thing
CUST_33714,6811.05,5448.84,1362.21,0.2,1,1,2724.42,136,6,12,0,persuadable
CUST_48102,6862.16,6862.16,0.0,0.0,0,1,4117.3,82,1,3,1,sure_thing
CUST_84460,3041.0,3041.0,0.0,0.0,0,1,1824.6,106,0,3,1,sure_thing
CUST_99930,3603.81,0.0,0.0,0.0,0,0,0.0,10,1,2,0,lost_cause
CUST_16801,4628.52,0.0,0.0,0.0,0,0,0.0,187,7,7,0,persuadable
CUST_82267,5378.31,4302.65,1075.66,0.2,1,1,2151.33,381,4,14,0,persuadable
CUST_58136,3367.8,0.0,0.0,0.0,1,0,0.0,7,1,1,0,lost_cause
CUST_33625,5351.16,4280.93,1070.23,0.2,1,1,2140.47,69,1,3,1,sure_thing
CUST_92873,3435.62,0.0,0.0,0.0,1,0,0.0,124,3,3,1,sleeping_dog
CUST_82592,1860.69,0.0,0.0,0.0,0,0,0.0,369,6,12,1,persuadable
CUST_87052,1516.43,0.0,0.0,0.0,0,0,0.0,8,2,2,0,lost_cause
CUST_54261,2157.48,0.0,0.0,0.0,1,0,0.0,55,0,2,0,lost_cause
CUST_11542,6649.63,0.0,0.0,0.0,1,0,0.0,40,1,2,0,lost_cause
CUST_31677,7749.3,7749.3,0.0,0.0,0,1,4649.58,109,2,3,1,sleeping_dog
CUST_56732,4275.28,3633.99,641.29,0.15,1,1,1923.88,135,5,13,0,persuadable
CUST_60343,4832.45,0.0,0.0,0.0,1,0,0.0,81,3,3,1,sleeping_dog
CUST_49081,2454.51,1840.88,613.63,0.25,1,1,859.08,286,3,6,1,persuadable
CUST_72856,5081.7,0.0,0.0,0.0,0,0,0.0,528,4,10,0,persuadable
CUST_98858,2440.26,0.0,0.0,0.0,0,0,0.0,258,3,7,1,persuadable
CUST_29065,5472.89,0.0,0.0,0.0,0,0,0.0,599,7,14,0,persuadable
CUST_93460,7566.18,7566.18,0.0,0.0,0,1,4539.71,70,1,3,1,sure_thing
CUST_98092,2772.04,0.0,0.0,0.0,1,0,0.0,38,0,2,0,lost_cause
CUST_64693,6469.66,4852.24,1617.42,0.25,1,1,2264.38,377,7,8,0,persuadable
CUST_36962,1652.77,0.0,0.0,0.0,0,0,0.0,26,0,1,0,lost_cause
CUST_38295,3940.73,0.0,0.0,0.0,1,0,0.0,8,0,1,0,lost_cause
CUST_23807,2219.87,0.0,0.0,0.0,0,0,0.0,212,5,13,0,persuadable
CUST_52348,3791.09,0.0,0.0,0.0,0,0,0.0,244,4,6,1,persuadable
CUST_36432,2627.99,0.0,0.0,0.0,0,0,0.0,437,3,8,1,persuadable
CUST_93285,3926.48,3926.48,0.0,0.0,0,1,2355.89,72,0,3,1,sure_thing
CUST_67854,4213.9,4213.9,0.0,0.0,0,1,2528.34,72,0,1,1,sure_thing
CUST_50262,3453.84,0.0,0.0,0.0,0,0,0.0,306,5,5,0,persuadable
CUST_47080,5768.04,5191.24,576.8,0.1,1,1,2884.02,479,5,11,0,persuadable
CUST_11324,7472.54,0.0,0.0,0.0,1,0,0.0,158,2,3,1,sleeping_dog
CUST_45909,4103.87,0.0,0.0,0.0,1,0,0.0,40,1,1,0,lost_cause
CUST_99339,2750.23,0.0,0.0,0.0,0,0,0.0,485,5,8,0,persuadable
CUST_29870,3259.7,0.0,0.0,0.0,1,0,0.0,29,2,1,0,lost_cause
CUST_44578,7051.01,7051.01,0.0,0.0,0,1,4230.61,50,0,3,1,sure_thing
CUST_82124,5215.66,4172.53,1043.13,0.2,1,1,2086.27,341,5,6,0,persuadable
CUST_36790,4457.57,0.0,0.0,0.0,0,0,0.0,5,1,2,0,lost_cause
CUST_35289,2472.64,1854.48,618.16,0.25,1,1,865.42,479,5,10,0,persuadable
CUST_65129,4423.23,0.0,0.0,0.0,0,0,0.0,560,3,11,1,persuadable
CUST_25485,3310.2,3310.2,0.0,0.0,0,1,1986.12,144,1,4,1,sleeping_dog
CUST_54482,7630.56,0.0,0.0,0.0,1,0,0.0,59,0,1,0,lost_cause
CUST_96188,7246.46,0.0,0.0,0.0,1,0,0.0,23,0,1,0,lost_cause
CUST_14748,2045.37,0.0,0.0,0.0,0,0,0.0,14,0,2,0,lost_cause
CUST_96769,4858.25,0.0,0.0,0.0,1,0,0.0,11,0,1,0,lost_cause
CUST_19435,2962.88,2222.16,740.72,0.25,1,1,1037.01,70,1,2,1,sure_thing
CUST_13709,4170.05,0.0,0.0,0.0,0,0,0.0,406,6,9,0,persuadable
CUST_40355,7199.51,7199.51,0.0,0.0,0,1,4319.71,46,1,2,1,sure_thing
CUST_65771,4928.84,0.0,0.0,0.0,0,0,0.0,337,3,9,0,persuadable
CUST_67799,3672.4,2754.3,918.1,0.25,1,1,1285.34,335,7,11,0,persuadable
CUST_23116,2851.27,2138.45,712.82,0.25,1,1,997.94,105,1,3,1,sure_thing
CUST_35470,6702.11,6702.11,0.0,0.0,0,1,4021.27,94,1,3,1,sleeping_dog
CUST_52344,5559.37,0.0,0.0,0.0,0,0,0.0,41,0,2,0,lost_cause
CUST_52918,4542.43,0.0,0.0,0.0,0,0,0.0,41,1,2,0,lost_cause
CUST_62224,2913.65,2476.6,437.05,0.15,1,1,1311.14,584,3,12,0,persuadable
CUST_49298,3672.6,0.0,0.0,0.0,1,0,0.0,14,2,2,0,lost_cause
CUST_90219,7738.98,6191.18,1547.8,0.2,1,1,3095.59,89,0,1,1,sure_thing
CUST_71629,4880.58,0.0,0.0,0.0,1,0,0.0,16,0,2,0,lost_cause
CUST_76040,4104.55,3078.41,1026.14,0.25,1,1,1436.59,93,1,3,1,sure_thing
CUST_38016,4889.24,0.0,0.0,0.0,1,0,0.0,51,0,2,0,lost_cause
CUST_33960,6563.43,0.0,0.0,0.0,0,0,0.0,436,4,9,1,persuadable
CUST_43591,3710.71,0.0,0.0,0.0,1,0,0.0,49,2,1,0,lost_cause
CUST_92848,2661.59,0.0,0.0,0.0,0,0,0.0,5,1,1,0,lost_cause
CUST_77641,5302.08,5302.08,0.0,0.0,0,1,3181.25,34,1,3,1,sure_thing
CUST_46395,5823.83,0.0,0.0,0.0,0,0,0.0,370,5,9,1,persuadable
CUST_32700,6132.67,0.0,0.0,0.0,1,0,0.0,147,1,4,1,sleeping_dog
CUST_44620,7232.92,0.0,0.0,0.0,0,0,0.0,240,7,8,0,persuadable
CUST_30559,3912.63,0.0,0.0,0.0,0,0,0.0,9,1,2,0,lost_cause
CUST_71642,1989.81,0.0,0.0,0.0,0,0,0.0,26,1,1,0,lost_cause
CUST_86539,7729.27,0.0,0.0,0.0,0,0,0.0,200,4,5,0,persuadable
CUST_31732,4327.58,0.0,0.0,0.0,0,0,0.0,441,7,9,0,persuadable
CUST_40354,5551.17,5551.17,0.0,0.0,0,1,3330.7,12,0,1,1,sure_thing
CUST_23843,5830.98,0.0,0.0,0.0,1,0,0.0,41,2,1,0,lost_cause
CUST_81726,5052.34,0.0,0.0,0.0,0,0,0.0,410,6,10,0,persuadable
CUST_27640,2834.17,2125.63,708.54,0.25,1,1,991.96,341,4,13,0,persuadable
CUST_62528,6408.43,0.0,0.0,0.0,0,0,0.0,536,4,11,1,persuadable
CUST_48413,6724.39,0.0,0.0,0.0,1,0,0.0,11,0,2,0,lost_cause
CUST_62638,5094.34,0.0,0.0,0.0,1,0,0.0,57,1,1,0,lost_cause
CUST_62736,4675.65,4675.65,0.0,0.0,0,1,2805.39,118,2,5,1,sleeping_dog
CUST_78866,2240.6,0.0,0.0,0.0,0,0,0.0,295,6,6,1,persuadable
CUST_29087,2045.69,0.0,0.0,0.0,1,0,0.0,43,0,2,0,lost_cause
CUST_51430,3707.17,0.0,0.0,0.0,1,0,0.0,45,2,2,0,lost_cause
CUST_34504,3520.5,0.0,0.0,0.0,0,0,0.0,58,1,2,0,lost_cause
CUST_17114,7698.77,0.0,0.0,0.0,1,0,0.0,88,2,2,1,sleeping_dog
CUST_88859,6593.55,6593.55,0.0,0.0,0,1,3956.13,82,1,2,1,sure_thing
CUST_20975,5789.51,4342.13,1447.38,0.25,1,1,2026.33,92,1,3,1,sure_thing
CUST_21023,4864.71,0.0,0.0,0.0,0,0,0.0,21,0,1,0,lost_cause
CUST_31447,2587.89,0.0,0.0,0.0,0,0,0.0,472,4,11,0,persuadable
CUST_33959,7859.97,0.0,0.0,0.0,1,0,0.0,20,2,1,0,lost_cause
CUST_76203,3937.76,0.0,0.0,0.0,1,0,0.0,10,1,1,0,lost_cause
CUST_39703,2195.02,1646.26,548.76,0.25,1,1,768.25,20,0,1,1,sure_thing
CUST_19337,4709.69,0.0,0.0,0.0,0,0,0.0,46,0,2,0,lost_cause
CUST_56427,7180.99,0.0,0.0,0.0,0,0,0.0,374,7,13,0,persuadable
CUST_71529,7267.39,0.0,0.0,0.0,0,0,0.0,283,6,11,1,persuadable
CUST_94665,1571.28,0.0,0.0,0.0,1,0,0.0,16,1,1,0,lost_cause
CUST_41921,7260.92,0.0,0.0,0.0,1,0,0.0,44,1,2,0,lost_cause
CUST_43307,3264.65,2938.18,326.47,0.1,1,1,1632.32,59,0,1,1,sure_thing
CUST_37355,1753.32,1314.99,438.33,0.25,1,1,613.66,478,4,12,0,persuadable
CUST_14835,7010.64,0.0,0.0,0.0,0,0,0.0,26,2,1,0,lost_cause
CUST_30159,7115.13,0.0,0.0,0.0,0,0,0.0,16,0,2,0,lost_cause
CUST_57605,5375.5,0.0,0.0,0.0,0,0,0.0,26,1,1,0,lost_cause
CUST_48088,5233.82,3925.36,1308.46,0.25,1,1,1831.83,28,1,3,1,sure_thing
CUST_88752,6785.28,0.0,0.0,0.0,0,0,0.0,234,5,10,0,persuadable
CUST_65284,6611.01,0.0,0.0,0.0,0,0,0.0,201,4,13,0,persuadable
CUST_67043,7285.69,0.0,0.0,0.0,0,0,0.0,27,2,1,0,lost_cause
CUST_45547,5092.86,0.0,0.0,0.0,0,0,0.0,208,5,13,0,persuadable
CUST_92844,7789.71,5842.28,1947.43,0.25,1,1,2726.4,100,1,3,1,sure_thing
CUST_37532,7974.95,0.0,0.0,0.0,1,0,0.0,185,1,3,1,sleeping_dog
CUST_44349,2257.54,2257.54,0.0,0.0,0,1,1354.52,46,1,1,1,sure_thing
CUST_55445,7022.03,0.0,0.0,0.0,1,0,0.0,142,1,5,1,sleeping_dog
CUST_15713,4748.84,0.0,0.0,0.0,1,0,0.0,28,0,2,0,lost_cause
CUST_66178,4019.18,0.0,0.0,0.0,0,0,0.0,44,2,1,0,lost_cause
CUST_59407,5484.97,0.0,0.0,0.0,0,0,0.0,181,7,8,0,persuadable
CUST_80340,1863.78,1863.78,0.0,0.0,0,1,1118.27,59,0,3,1,sure_thing
CUST_60990,4792.0,0.0,0.0,0.0,1,0,0.0,8,2,1,0,lost_cause
CUST_85672,7160.79,0.0,0.0,0.0,1,0,0.0,54,0,1,0,lost_cause
CUST_75545,2887.5,0.0,0.0,0.0,0,0,0.0,30,2,2,0,lost_cause
CUST_94791,4271.53,4271.53,0.0,0.0,0,1,2562.92,53,0,3,1,sure_thing
CUST_68141,7606.63,0.0,0.0,0.0,0,0,0.0,20,2,2,0,lost_cause
CUST_33793,4285.66,0.0,0.0,0.0,0,0,0.0,57,0,1,0,lost_cause
CUST_66570,3829.39,0.0,0.0,0.0,0,0,0.0,52,2,2,0,lost_cause
CUST_47892,4363.49,0.0,0.0,0.0,0,0,0.0,48,2,2,0,lost_cause
CUST_11015,4876.44,0.0,0.0,0.0,1,0,0.0,48,0,2,0,lost_cause
CUST_71813,5607.94,0.0,0.0,0.0,0,0,0.0,20,2,2,0,lost_cause
CUST_37712,6704.5,6704.5,0.0,0.0,0,1,4022.7,82,1,1,1,sure_thing
CUST_18415,4438.66,0.0,0.0,0.0,0,0,0.0,387,5,14,0,persuadable
CUST_72292,6813.63,6132.27,681.36,0.1,1,1,3406.82,38,1,3,1,sure_thing
CUST_33833,4969.18,0.0,0.0,0.0,0,0,0.0,464,3,11,1,persuadable
CUST_14158,3700.12,3145.1,555.02,0.15,1,1,1665.05,555,7,8,0,persuadable
CUST_72680,5776.68,5776.68,0.0,0.0,0,1,3466.01,101,1,1,1,sure_thing
CUST_30309,6165.19,5548.67,616.52,0.1,1,1,3082.59,467,3,10,1,persuadable
CUST_16970,5127.32,5127.32,0.0,0.0,0,1,3076.39,74,0,3,1,sure_thing
CUST_82474,1868.0,0.0,0.0,0.0,1,0,0.0,34,0,1,0,lost_cause
CUST_96704,2604.24,0.0,0.0,0.0,1,0,0.0,22,2,2,0,lost_cause
CUST_56540,3354.44,2515.83,838.61,0.25,1,1,1174.05,39,1,2,1,sure_thing
CUST_30384,3337.07,3337.07,0.0,0.0,0,1,2002.24,198,3,5,1,sleeping_dog
CUST_28017,5877.24,4995.65,881.59,0.15,1,1,2644.75,346,5,5,0,persuadable
CUST_85880,1619.27,1214.45,404.82,0.25,1,1,566.74,591,5,10,0,persuadable
CUST_18702,6411.93,6411.93,0.0,0.0,0,1,3847.16,103,0,2,1,sure_thing
CUST_10384,3224.73,2741.02,483.71,0.15,1,1,1451.13,291,6,12,0,persuadable
CUST_10404,3515.14,0.0,0.0,0.0,0,0,0.0,50,2,1,0,lost_cause
CUST_50943,4931.41,0.0,0.0,0.0,0,0,0.0,10,2,1,0,lost_cause
CUST_57926,2903.52,2903.52,0.0,0.0,0,1,1742.11,109,0,1,1,sure_thing
CUST_39189,7249.06,5436.8,1812.26,0.25,1,1,2537.18,45,1,3,1,sure_thing
CUST_22763,2054.9,0.0,0.0,0.0,0,0,0.0,340,7,8,0,persuadable
CUST_28384,4388.49,3291.37,1097.12,0.25,1,1,1535.97,494,7,13,0,persuadable
CUST_70100,7021.24,5968.05,1053.19,0.15,1,1,3159.55,38,1,2,1,sure_thing
CUST_19860,5502.99,4677.54,825.45,0.15,1,1,2476.34,510,7,8,1,persuadable
CUST_90642,3400.14,0.0,0.0,0.0,0,0,0.0,48,1,1,0,lost_cause
CUST_60612,4234.94,0.0,0.0,0.0,1,0,0.0,5,2,2,0,lost_cause
CUST_33574,6093.51,0.0,0.0,0.0,0,0,0.0,422,5,10,0,persuadable
CUST_33524,7826.19,0.0,0.0,0.0,0,0,0.0,30,2,2,0,lost_cause
CUST_79172,7305.4,5479.05,1826.35,0.25,1,1,2556.89,127,5,12,1,persuadable
CUST_20916,3725.81,3353.23,372.58,0.1,1,1,1862.91,316,6,13,1,persuadable
CUST_14809,7988.29,7988.29,0.0,0.0,0,1,4792.97,67,1,3,1,sure_thing
CUST_42201,1522.78,0.0,0.0,0.0,0,0,0.0,9,0,2,0,lost_cause
CUST_63330,1679.59,1679.59,0.0,0.0,0,1,1007.75,60,1,4,1,sleeping_dog
CUST_23456,6854.96,0.0,0.0,0.0,1,0,0.0,58,2,1,0,lost_cause
CUST_66397,2796.51,2516.86,279.65,0.1,1,1,1398.26,127,3,11,0,persuadable
CUST_48765,1895.0,0.0,0.0,0.0,1,0,0.0,32,1,1,0,lost_cause
CUST_44816,3041.46,2737.31,304.15,0.1,1,1,1520.73,12,1,3,1,sure_thing
CUST_55106,4269.65,0.0,0.0,0.0,1,0,0.0,31,2,1,0,lost_cause
CUST_63932,6248.68,0.0,0.0,0.0,0,0,0.0,437,5,8,1,persuadable
CUST_27100,5558.18,5002.36,555.82,0.1,1,1,2779.09,467,3,13,1,persuadable
CUST_67091,3044.54,0.0,0.0,0.0,1,0,0.0,50,0,2,0,lost_cause
CUST_31949,4771.26,0.0,0.0,0.0,0,0,0.0,18,1,1,0,lost_cause
CUST_80080,7520.39,7520.39,0.0,0.0,0,1,4512.23,89,1,3,1,sure_thing
CUST_47744,6797.55,0.0,0.0,0.0,1,0,0.0,19,0,1,0,lost_cause
CUST_55543,3600.73,3600.73,0.0,0.0,0,1,2160.44,64,0,1,1,sure_thing
CUST_46187,7884.72,0.0,0.0,0.0,1,0,0.0,19,0,2,0,lost_cause
CUST_17239,6106.03,0.0,0.0,0.0,1,0,0.0,39,0,2,0,lost_cause
CUST_24489,1905.92,0.0,0.0,0.0,1,0,0.0,12,0,1,0,lost_cause
CUST_68017,1728.54,0.0,0.0,0.0,0,0,0.0,49,2,2,0,lost_cause
CUST_71877,2594.65,2205.45,389.2,0.15,1,1,1167.59,301,5,8,1,persuadable
CUST_53125,6231.06,5296.4,934.66,0.15,1,1,2803.98,112,0,3,1,sure_thing
CUST_59922,2694.3,0.0,0.0,0.0,1,0,0.0,51,2,2,0,lost_cause
CUST_42049,4824.66,0.0,0.0,0.0,0,0,0.0,430,3,5,1,persuadable
CUST_47131,2106.19,1895.57,210.62,0.1,1,1,1053.09,523,7,11,0,persuadable
CUST_52944,7485.76,5988.61,1497.15,0.2,1,1,2994.31,597,4,9,0,persuadable
CUST_83963,3735.74,2988.59,747.15,0.2,1,1,1494.29,112,0,1,1,sure_thing
CUST_34285,7402.86,0.0,0.0,0.0,1,0,0.0,26,0,1,0,lost_cause
CUST_47626,7641.69,7641.69,0.0,0.0,0,1,4585.01,18,1,3,1,sure_thing
CUST_52808,1539.84,0.0,0.0,0.0,0,0,0.0,40,0,1,0,lost_cause
CUST_98464,4516.88,3613.5,903.38,0.2,1,1,1806.75,291,7,10,0,persuadable
CUST_63871,1660.26,1245.2,415.06,0.25,1,1,581.1,114,1,2,1,sure_thing
CUST_29198,7406.5,6665.85,740.65,0.1,1,1,3703.25,195,6,7,0,persuadable
CUST_29758,4869.65,3652.24,1217.41,0.25,1,1,1704.38,90,1,1,1,sure_thing
CUST_25254,1987.14,1689.07,298.07,0.15,1,1,894.21,596,5,4,0,persuadable
CUST_54238,2216.8,0.0,0.0,0.0,0,0,0.0,8,0,1,0,lost_cause
CUST_11252,3992.81,3992.81,0.0,0.0,0,1,2395.69,16,0,1,1,sure_thing
CUST_49764,7611.52,0.0,0.0,0.0,0,0,0.0,7,2,1,0,lost_cause
CUST_87709,6003.91,6003.91,0.0,0.0,0,1,3602.35,104,1,2,1,sure_thing
CUST_47441,7139.52,7139.52,0.0,0.0,0,1,4283.71,102,0,3,1,sure_thing
CUST_63682,3881.97,0.0,0.0,0.0,0,0,0.0,10,0,1,0,lost_cause
CUST_69494,1780.89,1513.76,267.13,0.15,1,1,801.4,492,6,9,0,persuadable
CUST_91317,7833.06,7833.06,0.0,0.0,0,1,4699.84,90,0,3,1,sure_thing
CUST_75215,1611.62,1289.3,322.32,0.2,1,1,644.65,297,5,11,0,persuadable
CUST_88587,7659.74,6127.79,1531.95,0.2,1,1,3063.89,158,7,12,0,persuadable
CUST_16949,3896.4,0.0,0.0,0.0,0,0,0.0,39,2,1,0,lost_cause
CUST_65393,1565.59,1330.75,234.84,0.15,1,1,704.51,580,5,10,1,persuadable
CUST_83553,5979.52,0.0,0.0,0.0,1,0,0.0,10,2,2,0,lost_cause
CUST_16941,7873.51,0.0,0.0,0.0,0,0,0.0,46,0,1,0,lost_cause
CUST_35934,7776.57,6221.26,1555.31,0.2,1,1,3110.63,123,7,8,0,persuadable
CUST_33386,2546.09,0.0,0.0,0.0,1,0,0.0,43,2,1,0,lost_cause
CUST_71886,2678.11,0.0,0.0,0.0,0,0,0.0,538,3,14,0,persuadable
CUST_85745,5176.0,5176.0,0.0,0.0,0,1,3105.6,101,3,5,1,sleeping_dog
CUST_93251,5642.48,5642.48,0.0,0.0,0,1,3385.49,70,1,1,1,sure_thing
CUST_63413,6306.22,0.0,0.0,0.0,1,0,0.0,24,1,2,0,lost_cause
CUST_66800,2676.83,2141.46,535.37,0.2,1,1,1070.73,472,6,8,1,persuadable
CUST_52318,7733.55,0.0,0.0,0.0,0,0,0.0,207,5,11,0,persuadable
CUST_80173,5651.81,0.0,0.0,0.0,0,0,0.0,42,2,2,0,lost_cause
CUST_80390,7005.8,0.0,0.0,0.0,0,0,0.0,27,0,2,0,lost_cause
CUST_62329,5010.43,4258.87,751.56,0.15,1,1,2254.7,24,0,1,1,sure_thing
CUST_53088,4192.8,3144.6,1048.2,0.25,1,1,1467.48,116,1,1,1,sure_thing
CUST_49811,7851.69,0.0,0.0,0.0,0,0,0.0,25,2,2,0,lost_cause
CUST_65479,5283.79,0.0,0.0,0.0,1,0,0.0,46,2,2,0,lost_cause
CUST_95392,7134.68,7134.68,0.0,0.0,0,1,4280.81,122,3,4,1,sleeping_dog
CUST_97369,7696.4,0.0,0.0,0.0,1,0,0.0,33,0,1,0,lost_cause
CUST_29963,5889.81,5889.81,0.0,0.0,0,1,3533.89,111,3,2,1,sleeping_dog
CUST_65123,5068.1,0.0,0.0,0.0,0,0,0.0,57,0,2,0,lost_cause
CUST_83477,1522.82,0.0,0.0,0.0,0,0,0.0,427,5,14,0,persuadable
CUST_24388,1760.13,1408.1,352.03,0.2,1,1,704.05,51,1,1,1,sure_thing
CUST_15569,2805.53,0.0,0.0,0.0,0,0,0.0,9,2,1,0,lost_cause
CUST_79836,2709.05,0.0,0.0,0.0,0,0,0.0,45,0,2,0,lost_cause
CUST_46586,3155.93,2366.95,788.98,0.25,1,1,1104.58,103,1,3,1,sure_thing
CUST_22015,3482.08,0.0,0.0,0.0,0,0,0.0,121,5,5,1,persuadable
CUST_55002,3840.43,3840.43,0.0,0.0,0,1,2304.26,102,1,3,1,sleeping_dog
CUST_16254,4233.49,0.0,0.0,0.0,0,0,0.0,227,7,12,1,persuadable
CUST_27144,2142.63,0.0,0.0,0.0,0,0,0.0,145,4,6,0,persuadable
CUST_34214,1775.35,1420.28,355.07,0.2,1,1,710.14,219,3,4,0,persuadable
CUST_90719,5880.64,5292.58,588.06,0.1,1,1,2940.32,32,1,1,1,sure_thing
CUST_81774,4992.68,3744.51,1248.17,0.25,1,1,1747.44,224,7,6,0,persuadable
CUST_16090,4386.94,0.0,0.0,0.0,0,0,0.0,378,6,11,0,persuadable
CUST_21637,5623.86,5623.86,0.0,0.0,0,1,3374.32,68,0,3,1,sure_thing
CUST_32415,6879.92,0.0,0.0,0.0,0,0,0.0,15,0,1,0,lost_cause
CUST_34071,4280.0,3210.0,1070.0,0.25,1,1,1498.0,128,3,9,0,persuadable
CUST_68243,5667.28,0.0,0.0,0.0,1,0,0.0,51,1,1,0,lost_cause
CUST_51240,7698.22,0.0,0.0,0.0,0,0,0.0,35,1,1,0,lost_cause
CUST_93807,6957.56,5566.05,1391.51,0.2,1,1,2783.03,39,1,1,1,sure_thing
CUST_43434,4269.01,0.0,0.0,0.0,1,0,0.0,26,2,1,0,lost_cause
CUST_79724,5690.66,0.0,0.0,0.0,0,0,0.0,224,3,13,0,persuadable
CUST_85697,2650.96,0.0,0.0,0.0,1,0,0.0,51,2,1,0,lost_cause
CUST_38732,5143.39,3857.54,1285.85,0.25,1,1,1800.18,62,0,2,1,sure_thing
CUST_21314,7878.63,0.0,0.0,0.0,1,0,0.0,23,1,2,0,lost_cause
CUST_33954,4869.05,0.0,0.0,0.0,1,0,0.0,12,1,2,0,lost_cause
CUST_67108,7529.65,0.0,0.0,0.0,0,0,0.0,529,5,8,1,persuadable
CUST_97044,4147.68,3732.91,414.77,0.1,1,1,2073.84,69,0,1,1,sure_thing
CUST_97505,7992.49,0.0,0.0,0.0,1,0,0.0,7,2,2,0,lost_cause
CUST_46668,5264.93,0.0,0.0,0.0,1,0,0.0,56,1,2,0,lost_cause
CUST_33061,1774.75,0.0,0.0,0.0,0,0,0.0,596,3,13,1,persuadable
CUST_89252,5313.91,0.0,0.0,0.0,1,0,0.0,23,1,1,0,lost_cause
CUST_49749,3284.72,0.0,0.0,0.0,0,0,0.0,353,7,4,0,persuadable
CUST_26907,1711.13,0.0,0.0,0.0,1,0,0.0,49,1,1,0,lost_cause
CUST_28777,6835.55,5810.22,1025.33,0.15,1,1,3076.0,116,1,3,1,sure_thing
CUST_61745,3292.24,0.0,0.0,0.0,1,0,0.0,23,1,1,0,lost_cause
CUST_91818,6677.57,0.0,0.0,0.0,0,0,0.0,262,5,13,0,persuadable
CUST_33624,3373.41,0.0,0.0,0.0,0,0,0.0,452,7,7,1,persuadable
CUST_33321,2763.12,2486.81,276.31,0.1,1,1,1381.56,66,0,2,1,sure_thing
CUST_20488,7830.58,7830.58,0.0,0.0,0,1,4698.35,46,1,3,1,sure_thing
CUST_32574,3850.69,0.0,0.0,0.0,0,0,0.0,120,6,13,1,persuadable
CUST_15240,5408.95,4597.61,811.34,0.15,1,1,2434.03,514,6,6,0,persuadable
CUST_53221,5464.88,0.0,0.0,0.0,0,0,0.0,48,1,2,0,lost_cause
CUST_20478,5143.08,4628.77,514.31,0.1,1,1,2571.54,43,0,1,1,sure_thing
CUST_65645,7445.52,0.0,0.0,0.0,0,0,0.0,251,6,10,0,persuadable
CUST_29262,5883.87,0.0,0.0,0.0,0,0,0.0,385,7,5,0,persuadable
CUST_62796,4124.26,4124.26,0.0,0.0,0,1,2474.56,15,0,3,1,sure_thing
CUST_14432,7105.47,7105.47,0.0,0.0,0,1,4263.28,62,1,3,1,sure_thing
CUST_74291,2676.91,2409.22,267.69,0.1,1,1,1338.46,383,4,6,0,persuadable
CUST_89104,5037.54,0.0,0.0,0.0,0,0,0.0,390,4,6,0,persuadable
CUST_69399,7678.58,5758.94,1919.64,0.25,1,1,2687.51,385,6,10,1,persuadable
CUST_89714,5565.08,5008.57,556.51,0.1,1,1,2782.54,254,4,6,0,persuadable
CUST_60428,6810.29,0.0,0.0,0.0,0,0,0.0,32,2,1,0,lost_cause
CUST_97731,5748.14,5748.14,0.0,0.0,0,1,3448.88,96,1,1,1,sure_thing
CUST_10302,6955.91,0.0,0.0,0.0,0,0,0.0,452,5,14,0,persuadable
CUST_92558,7639.17,0.0,0.0,0.0,1,0,0.0,204,2,3,1,sleeping_dog
CUST_10055,3273.99,0.0,0.0,0.0,0,0,0.0,147,5,7,0,persuadable
CUST_18717,2602.8,0.0,0.0,0.0,0,0,0.0,59,0,1,0,lost_cause
CUST_38699,4645.94,3716.75,929.19,0.2,1,1,1858.37,409,3,13,0,persuadable
CUST_83686,6062.11,0.0,0.0,0.0,1,0,0.0,16,1,1,0,lost_cause
CUST_77661,2976.74,0.0,0.0,0.0,1,0,0.0,32,1,2,0,lost_cause
CUST_54247,1526.66,1221.33,305.33,0.2,1,1,610.67,584,4,6,1,persuadable
CUST_26748,3729.08,3729.08,0.0,0.0,0,1,2237.45,135,3,2,1,sleeping_dog
CUST_14621,7797.59,7797.59,0.0,0.0,0,1,4678.55,101,0,2,1,sure_thing
CUST_25034,6017.29,6017.29,0.0,0.0,0,1,3610.37,95,1,2,1,sure_thing
CUST_15126,4108.62,0.0,0.0,0.0,0,0,0.0,37,1,2,0,lost_cause
CUST_15122,2751.74,0.0,0.0,0.0,1,0,0.0,41,0,1,0,lost_cause
CUST_28030,3814.58,3814.58,0.0,0.0,0,1,2288.75,73,0,2,1,sure_thing
CUST_92838,2603.96,2083.17,520.79,0.2,1,1,1041.59,341,5,11,0,persuadable
CUST_94717,2190.99,2190.99,0.0,0.0,0,1,1314.59,117,1,2,1,sure_thing
CUST_65658,7393.83,5915.06,1478.77,0.2,1,1,2957.53,369,7,6,0,persuadable
CUST_48638,7984.73,0.0,0.0,0.0,0,0,0.0,12,2,1,0,lost_cause
CUST_77067,2566.74,1925.06,641.68,0.25,1,1,898.36,163,7,8,0,persuadable
CUST_98869,1854.4,1483.52,370.88,0.2,1,1,741.76,411,3,11,0,persuadable
CUST_44674,3643.25,0.0,0.0,0.0,0,0,0.0,406,6,4,0,persuadable
CUST_45854,4500.78,4050.7,450.08,0.1,1,1,2250.39,53,1,3,1,sure_thing
CUST_56271,2831.34,0.0,0.0,0.0,0,0,0.0,240,3,7,1,persuadable
CUST_83688,3459.26,0.0,0.0,0.0,1,0,0.0,15,0,1,0,lost_cause
CUST_48518,2805.66,2805.66,0.0,0.0,0,1,1683.4,133,1,4,1,sleeping_dog
CUST_20267,6532.69,0.0,0.0,0.0,1,0,0.0,18,1,1,0,lost_cause
CUST_11062,6131.76,4905.41,1226.35,0.2,1,1,2452.71,52,1,1,1,sure_thing
CUST_60448,5627.18,0.0,0.0,0.0,1,0,0.0,25,2,2,0,lost_cause
CUST_16229,4016.92,0.0,0.0,0.0,1,0,0.0,39,2,2,0,lost_cause
CUST_66793,7408.77,0.0,0.0,0.0,1,0,0.0,19,1,1,0,lost_cause
CUST_57915,7801.96,5851.47,1950.49,0.25,1,1,2730.69,234,6,12,1,persuadable
CUST_14632,2628.66,2234.36,394.3,0.15,1,1,1182.9,570,7,6,0,persuadable
CUST_13596,2949.58,2654.62,294.96,0.1,1,1,1474.79,458,4,8,1,persuadable
CUST_16168,4916.6,4916.6,0.0,0.0,0,1,2949.96,90,1,3,1,sure_thing
CUST_17561,2093.13,2093.13,0.0,0.0,0,1,1255.88,63,1,3,1,sure_thing
CUST_83794,4336.91,3903.22,433.69,0.1,1,1,2168.46,45,1,3,1,sure_thing
CUST_92152,5281.64,0.0,0.0,0.0,0,0,0.0,528,7,12,1,persuadable
CUST_36734,4893.48,0.0,0.0,0.0,0,0,0.0,47,1,1,0,lost_cause
CUST_16371,3650.91,2738.18,912.73,0.25,1,1,1277.82,376,7,8,0,persuadable
CUST_36069,5025.9,5025.9,0.0,0.0,0,1,3015.54,26,0,1,1,sure_thing
CUST_89905,7732.21,0.0,0.0,0.0,1,0,0.0,118,2,3,1,sleeping_dog
CUST_22910,2839.11,0.0,0.0,0.0,0,0,0.0,16,2,2,0,lost_cause
CUST_83479,5756.4,0.0,0.0,0.0,1,0,0.0,57,1,1,0,lost_cause
CUST_87735,1782.08,1782.08,0.0,0.0,0,1,1069.25,132,2,5,1,sleeping_dog
CUST_91264,1931.71,0.0,0.0,0.0,0,0,0.0,389,6,13,0,persuadable
CUST_33275,5086.88,0.0,0.0,0.0,1,0,0.0,175,2,2,1,sleeping_dog
CUST_82274,2182.1,1854.78,327.32,0.15,1,1,981.94,118,0,3,1,sure_thing
CUST_91449,1645.25,0.0,0.0,0.0,0,0,0.0,422,7,13,0,persuadable
CUST_70004,2614.83,2091.86,522.97,0.2,1,1,1045.93,62,0,2,1,sure_thing
CUST_72981,5171.52,5171.52,0.0,0.0,0,1,3102.91,14,1,1,1,sure_thing
CUST_94659,6071.72,6071.72,0.0,0.0,0,1,3643.03,41,1,2,1,sure_thing
CUST_64553,2816.11,0.0,0.0,0.0,0,0,0.0,36,1,2,0,lost_cause
CUST_58447,5843.69,0.0,0.0,0.0,0,0,0.0,51,1,1,0,lost_cause
CUST_44529,2686.1,0.0,0.0,0.0,0,0,0.0,33,0,1,0,lost_cause
CUST_85703,5487.47,5487.47,0.0,0.0,0,1,3292.48,53,1,2,1,sure_thing
CUST_86090,4177.74,0.0,0.0,0.0,1,0,0.0,48,2,2,0,lost_cause
CUST_27260,5749.7,0.0,0.0,0.0,1,0,0.0,58,1,2,0,lost_cause
CUST_13812,7967.84,6772.66,1195.18,0.15,1,1,3585.52,207,6,9,1,persuadable
CUST_38024,7595.81,0.0,0.0,0.0,0,0,0.0,45,1,2,0,lost_cause
CUST_68656,1527.83,0.0,0.0,0.0,0,0,0.0,327,7,10,0,persuadable
CUST_37285,7255.35,6529.81,725.54,0.1,1,1,3627.67,274,6,4,1,persuadable
CUST_11605,1932.19,0.0,0.0,0.0,0,0,0.0,24,0,1,0,lost_cause
CUST_81158,7694.8,6925.32,769.48,0.1,1,1,3847.4,539,5,10,1,persuadable
CUST_82303,3331.87,2998.68,333.19,0.1,1,1,1665.93,333,4,14,0,persuadable
CUST_37139,3983.23,0.0,0.0,0.0,0,0,0.0,10,0,1,0,lost_cause
CUST_87149,2095.65,0.0,0.0,0.0,1,0,0.0,55,2,2,0,lost_cause
CUST_66138,2229.77,2229.77,0.0,0.0,0,1,1337.86,71,1,3,1,sure_thing
CUST_86125,6223.81,5290.24,933.57,0.15,1,1,2800.72,118,0,3,1,sure_thing
CUST_23918,7638.16,7638.16,0.0,0.0,0,1,4582.9,86,0,2,1,sure_thing
CUST_95655,5469.87,0.0,0.0,0.0,0,0,0.0,57,0,1,0,lost_cause
CUST_37446,6153.03,4922.42,1230.61,0.2,1,1,2461.21,235,7,5,0,persuadable
CUST_23046,6452.8,6452.8,0.0,0.0,0,1,3871.68,34,1,2,1,sure_thing
CUST_34818,3208.29,3208.29,0.0,0.0,0,1,1924.97,64,3,3,1,sleeping_dog
CUST_14324,1793.99,1614.59,179.4,0.1,1,1,896.99,393,3,8,1,persuadable
CUST_86323,1512.17,1134.13,378.04,0.25,1,1,529.26,58,1,1,1,sure_thing
CUST_19111,3779.22,0.0,0.0,0.0,0,0,0.0,302,3,12,0,persuadable
CUST_48110,3069.52,0.0,0.0,0.0,1,0,0.0,18,1,2,0,lost_cause
CUST_26389,1905.07,1524.06,381.01,0.2,1,1,762.03,46,0,3,1,sure_thing
CUST_51427,2666.93,2400.24,266.69,0.1,1,1,1333.47,339,3,10,1,persuadable
CUST_89579,2309.24,0.0,0.0,0.0,1,0,0.0,30,1,2,0,lost_cause
CUST_38746,7446.71,0.0,0.0,0.0,0,0,0.0,165,5,8,0,persuadable
CUST_97886,2411.74,1929.39,482.35,0.2,1,1,964.69,122,6,10,0,persuadable
CUST_10117,4994.72,3746.04,1248.68,0.25,1,1,1748.15,452,6,5,1,persuadable
CUST_94471,5355.19,4551.91,803.28,0.15,1,1,2409.83,84,1,3,1,sure_thing
CUST_23234,5032.68,4529.41,503.27,0.1,1,1,2516.34,84,0,3,1,sure_thing
CUST_63441,2143.87,0.0,0.0,0.0,0,0,0.0,353,7,4,0,persuadable
CUST_10846,3572.19,2679.14,893.05,0.25,1,1,1250.26,98,0,1,1,sure_thing
CUST_20954,1833.26,1833.26,0.0,0.0,0,1,1099.96,71,0,2,1,sure_thing
CUST_89239,4071.85,0.0,0.0,0.0,1,0,0.0,42,1,2,0,lost_cause
CUST_56514,2725.89,0.0,0.0,0.0,1,0,0.0,202,2,3,1,sleeping_dog
CUST_98236,5150.61,0.0,0.0,0.0,0,0,0.0,31,2,2,0,lost_cause
CUST_16469,6003.25,0.0,0.0,0.0,1,0,0.0,36,2,2,0,lost_cause
CUST_40105,4958.78,4958.78,0.0,0.0,0,1,2975.27,18,0,1,1,sure_thing
CUST_52101,4322.54,4322.54,0.0,0.0,0,1,2593.52,137,1,4,1,sleeping_dog
CUST_74323,4017.67,3615.9,401.77,0.1,1,1,2008.83,30,0,1,1,sure_thing
CUST_68067,6971.0,0.0,0.0,0.0,1,0,0.0,189,1,3,1,sleeping_dog
CUST_59376,2925.89,2925.89,0.0,0.0,0,1,1755.53,191,2,4,1,sleeping_dog
CUST_55587,6272.42,0.0,0.0,0.0,1,0,0.0,52,2,2,0,lost_cause
CUST_46976,6423.64,0.0,0.0,0.0,1,0,0.0,89,1,5,1,sleeping_dog
CUST_77584,4224.8,0.0,0.0,0.0,1,0,0.0,16,0,2,0,lost_cause
CUST_88477,3432.45,3089.21,343.24,0.1,1,1,1716.23,401,4,5,1,persuadable
CUST_52533,4558.52,0.0,0.0,0.0,0,0,0.0,559,4,11,0,persuadable
CUST_11828,2105.89,0.0,0.0,0.0,1,0,0.0,21,0,1,0,lost_cause
CUST_11917,1798.55,1528.77,269.78,0.15,1,1,809.35,105,1,1,1,sure_thing
CUST_30618,2225.42,0.0,0.0,0.0,0,0,0.0,17,2,2,0,lost_cause
CUST_42254,2716.44,0.0,0.0,0.0,1,0,0.0,148,3,4,1,sleeping_dog
CUST_57362,4777.15,4060.58,716.57,0.15,1,1,2149.72,46,0,1,1,sure_thing
CUST_30128,7019.39,0.0,0.0,0.0,0,0,0.0,42,2,1,0,lost_cause
CUST_69383,3031.68,0.0,0.0,0.0,1,0,0.0,27,1,2,0,lost_cause
CUST_75545,7578.55,0.0,0.0,0.0,0,0,0.0,29,2,2,0,lost_cause
CUST_92180,7706.9,7706.9,0.0,0.0,0,1,4624.14,119,3,5,1,sleeping_dog
CUST_97958,7732.88,6186.3,1546.58,0.2,1,1,3093.15,260,6,10,1,persuadable
CUST_19865,6944.16,6944.16,0.0,0.0,0,1,4166.5,122,2,5,1,sleeping_dog
CUST_12219,3864.86,0.0,0.0,0.0,1,0,0.0,54,1,2,0,lost_cause
CUST_49809,1972.45,1479.34,493.11,0.25,1,1,690.36,49,1,1,1,sure_thing
CUST_15287,5197.32,0.0,0.0,0.0,0,0,0.0,127,3,5,0,persuadable
CUST_44387,5131.43,0.0,0.0,0.0,0,0,0.0,40,0,1,0,lost_cause
CUST_18512,7024.84,5268.63,1756.21,0.25,1,1,2458.69,55,1,3,1,sure_thing
CUST_11342,7973.94,0.0,0.0,0.0,0,0,0.0,44,0,1,0,lost_cause
CUST_73076,4803.02,0.0,0.0,0.0,0,0,0.0,55,1,1,0,lost_cause
CUST_29216,3743.83,3743.83,0.0,0.0,0,1,2246.3,104,0,2,1,sure_thing
CUST_89767,2708.36,0.0,0.0,0.0,0,0,0.0,24,0,2,0,lost_cause
CUST_36614,1531.2,0.0,0.0,0.0,1,0,0.0,33,2,2,0,lost_cause
CUST_46258,4809.24,4087.85,721.39,0.15,1,1,2164.15,473,7,7,1,persuadable
CUST_52078,5110.87,5110.87,0.0,0.0,0,1,3066.52,95,0,2,1,sure_thing
CUST_93524,6862.1,6175.89,686.21,0.1,1,1,3431.05,115,0,2,1,sure_thing
CUST_22219,4779.75,0.0,0.0,0.0,0,0,0.0,371,5,12,0,persuadable
CUST_10235,7457.04,0.0,0.0,0.0,1,0,0.0,57,0,1,0,lost_cause
CUST_52929,5582.54,4466.03,1116.51,0.2,1,1,2233.01,94,0,3,1,sure_thing
CUST_77444,6962.19,0.0,0.0,0.0,1,0,0.0,52,1,2,0,lost_cause
CUST_18567,2463.96,2463.96,0.0,0.0,0,1,1478.38,116,0,1,1,sure_thing
CUST_80792,7059.68,6000.73,1058.95,0.15,1,1,3176.86,187,7,4,0,persuadable
CUST_75441,5888.44,0.0,0.0,0.0,0,0,0.0,33,0,1,0,lost_cause
CUST_94555,2606.51,0.0,0.0,0.0,1,0,0.0,48,1,1,0,lost_cause
CUST_83698,2733.46,2186.77,546.69,0.2,1,1,1093.39,16,1,1,1,sure_thing
CUST_15415,7522.25,6017.8,1504.45,0.2,1,1,3008.9,482,3,12,0,persuadable
CUST_46159,1709.4,1709.4,0.0,0.0,0,1,1025.64,83,0,3,1,sure_thing
CUST_53925,4506.48,3379.86,1126.62,0.25,1,1,1577.27,375,6,6,0,persuadable
CUST_15951,3537.59,0.0,0.0,0.0,1,0,0.0,54,0,1,0,lost_cause
CUST_97388,5823.0,4658.4,1164.6,0.2,1,1,2329.2,44,0,1,1,sure_thing
CUST_18007,6957.59,5218.19,1739.4,0.25,1,1,2435.15,298,7,7,0,persuadable
CUST_51832,3842.46,0.0,0.0,0.0,0,0,0.0,391,6,8,1,persuadable
CUST_68596,4274.86,0.0,0.0,0.0,0,0,0.0,21,0,2,0,lost_cause
CUST_40523,7882.47,0.0,0.0,0.0,1,0,0.0,117,1,3,1,sleeping_dog
CUST_98861,6595.46,6595.46,0.0,0.0,0,1,3957.28,88,1,1,1,sure_thing
CUST_96740,7331.83,0.0,0.0,0.0,0,0,0.0,53,0,1,0,lost_cause
CUST_25524,4351.95,3916.75,435.2,0.1,1,1,2175.97,153,3,4,0,persuadable
CUST_29282,3021.5,0.0,0.0,0.0,0,0,0.0,576,5,8,0,persuadable
CUST_33930,4177.11,0.0,0.0,0.0,0,0,0.0,42,1,1,0,lost_cause
CUST_10077,6154.6,0.0,0.0,0.0,1,0,0.0,23,0,1,0,lost_cause
CUST_30611,2211.3,0.0,0.0,0.0,1,0,0.0,72,2,4,1,sleeping_dog
CUST_26984,3258.05,0.0,0.0,0.0,0,0,0.0,10,2,2,0,lost_cause
CUST_24060,1803.13,0.0,0.0,0.0,0,0,0.0,472,5,10,0,persuadable
CUST_92985,4310.26,0.0,0.0,0.0,1,0,0.0,23,2,2,0,lost_cause
CUST_94056,6878.4,6190.56,687.84,0.1,1,1,3439.2,206,6,7,1,persuadable
CUST_53303,1660.31,0.0,0.0,0.0,1,0,0.0,31,0,2,0,lost_cause
CUST_69207,5889.6,0.0,0.0,0.0,0,0,0.0,315,7,10,0,persuadable
CUST_85046,7561.22,0.0,0.0,0.0,0,0,0.0,30,1,2,0,lost_cause
CUST_39287,3040.03,3040.03,0.0,0.0,0,1,1824.02,28,0,1,1,sure_thing
CUST_49711,6008.63,5107.34,901.29,0.15,1,1,2703.89,29,1,1,1,sure_thing
CUST_21954,7838.16,0.0,0.0,0.0,0,0,0.0,54,1,1,0,lost_cause
CUST_83340,7754.81,7754.81,0.0,0.0,0,1,4652.89,31,0,2,1,sure_thing
CUST_82101,3027.04,2724.34,302.7,0.1,1,1,1513.52,440,7,9,0,persuadable
CUST_81520,2152.15,1614.11,538.04,0.25,1,1,753.25,57,1,1,1,sure_thing
CUST_97062,2463.84,2463.84,0.0,0.0,0,1,1478.3,76,1,2,1,sure_thing
CUST_28574,6063.23,6063.23,0.0,0.0,0,1,3637.94,94,1,2,1,sure_thing
CUST_19184,6217.43,4973.94,1243.49,0.2,1,1,2486.97,43,1,2,1,sure_thing
CUST_29096,5882.54,0.0,0.0,0.0,0,0,0.0,52,2,1,0,lost_cause
CUST_77728,3684.51,2947.61,736.9,0.2,1,1,1473.81,361,3,8,0,persuadable
CUST_44016,2603.55,2603.55,0.0,0.0,0,1,1562.13,161,3,3,1,sleeping_dog
CUST_21246,5274.95,0.0,0.0,0.0,0,0,0.0,50,2,1,0,lost_cause
CUST_55558,4643.92,0.0,0.0,0.0,0,0,0.0,414,7,11,0,persuadable
CUST_28381,6237.42,0.0,0.0,0.0,0,0,0.0,32,2,2,0,lost_cause
CUST_46455,4368.84,0.0,0.0,0.0,0,0,0.0,313,7,14,1,persuadable
CUST_14018,3701.16,0.0,0.0,0.0,1,0,0.0,38,0,1,0,lost_cause
CUST_21302,3407.61,0.0,0.0,0.0,0,0,0.0,532,7,14,0,persuadable
CUST_77506,2874.56,2587.1,287.46,0.1,1,1,1437.28,439,4,10,1,persuadable
CUST_51157,3227.35,0.0,0.0,0.0,1,0,0.0,37,0,1,0,lost_cause
CUST_64917,2116.4,0.0,0.0,0.0,1,0,0.0,27,1,2,0,lost_cause
CUST_93122,3754.57,0.0,0.0,0.0,1,0,0.0,49,1,1,0,lost_cause
CUST_34519,1737.7,0.0,0.0,0.0,0,0,0.0,312,4,8,0,persuadable
CUST_97487,2711.69,0.0,0.0,0.0,1,0,0.0,58,0,2,0,lost_cause
CUST_66819,6354.01,0.0,0.0,0.0,0,0,0.0,471,5,8,0,persuadable
CUST_90910,3615.55,0.0,0.0,0.0,0,0,0.0,243,4,8,0,persuadable
CUST_81324,5843.54,4382.66,1460.88,0.25,1,1,2045.24,33,1,3,1,sure_thing
CUST_15408,6159.75,0.0,0.0,0.0,0,0,0.0,25,0,2,0,lost_cause
CUST_69379,5277.7,4222.16,1055.54,0.2,1,1,2111.08,69,0,3,1,sure_thing
CUST_35053,7731.54,6958.39,773.15,0.1,1,1,3865.77,503,6,5,0,persuadable
CUST_19446,1639.36,0.0,0.0,0.0,0,0,0.0,32,2,1,0,lost_cause
CUST_10922,6301.24,4725.93,1575.31,0.25,1,1,2205.43,48,1,3,1,sure_thing
CUST_61356,7732.11,5799.08,1933.03,0.25,1,1,2706.24,79,1,2,1,sure_thing
CUST_20789,7104.77,7104.77,0.0,0.0,0,1,4262.86,33,0,1,1,sure_thing
CUST_76656,2591.3,0.0,0.0,0.0,0,0,0.0,5,1,1,0,lost_cause
CUST_54028,3624.33,2899.46,724.87,0.2,1,1,1449.73,240,7,10,0,persuadable
CUST_74484,2620.94,0.0,0.0,0.0,0,0,0.0,387,5,4,0,persuadable
CUST_42154,5408.5,0.0,0.0,0.0,0,0,0.0,28,1,2,0,lost_cause
CUST_92870,6129.22,0.0,0.0,0.0,0,0,0.0,23,2,2,0,lost_cause
CUST_12336,3560.98,3026.83,534.15,0.15,1,1,1602.44,174,6,5,0,persuadable
CUST_77779,5006.79,0.0,0.0,0.0,0,0,0.0,34,0,1,0,lost_cause
CUST_29029,5990.98,0.0,0.0,0.0,0,0,0.0,49,0,2,0,lost_cause
CUST_69201,4238.71,0.0,0.0,0.0,0,0,0.0,17,2,2,0,lost_cause
CUST_42265,7051.1,7051.1,0.0,0.0,0,1,4230.66,68,1,3,1,sure_thing
CUST_53872,6515.07,0.0,0.0,0.0,1,0,0.0,24,0,1,0,lost_cause
CUST_56197,1920.33,1632.28,288.05,0.15,1,1,864.15,187,7,10,0,persuadable
CUST_65180,5537.31,4152.98,1384.33,0.25,1,1,1938.06,257,6,4,0,persuadable
CUST_33710,3029.62,2272.22,757.4,0.25,1,1,1060.37,302,4,14,0,persuadable
CUST_39486,5123.87,5123.87,0.0,0.0,0,1,3074.32,69,1,2,1,sure_thing
CUST_81907,7719.77,6947.79,771.98,0.1,1,1,3859.88,115,0,2,1,sure_thing
CUST_81895,7213.9,0.0,0.0,0.0,0,0,0.0,54,0,2,0,lost_cause
CUST_74435,4129.36,4129.36,0.0,0.0,0,1,2477.62,111,0,3,1,sure_thing
CUST_50631,3394.84,2546.13,848.71,0.25,1,1,1188.19,565,3,8,0,persuadable
CUST_30103,3023.64,2721.28,302.36,0.1,1,1,1511.82,441,3,13,0,persuadable
CUST_74772,4961.35,4961.35,0.0,0.0,0,1,2976.81,51,1,1,1,sure_thing
CUST_24382,2242.61,2242.61,0.0,0.0,0,1,1345.57,127,1,5,1,sleeping_dog
CUST_94291,5070.29,4563.26,507.03,0.1,1,1,2535.14,84,0,2,1,sure_thing
CUST_13756,1508.67,1357.8,150.87,0.1,1,1,754.33,166,7,12,0,persuadable
CUST_30609,3605.02,0.0,0.0,0.0,0,0,0.0,412,4,12,1,persuadable
CUST_26478,2929.57,2929.57,0.0,0.0,0,1,1757.74,87,0,2,1,sure_thing
CUST_49666,7812.92,5859.69,1953.23,0.25,1,1,2734.52,49,0,3,1,sure_thing
CUST_85683,6227.08,0.0,0.0,0.0,0,0,0.0,33,1,1,0,lost_cause
CUST_81315,3772.75,0.0,0.0,0.0,1,0,0.0,182,3,5,1,sleeping_dog
CUST_87834,2103.49,1577.62,525.87,0.25,1,1,736.22,74,0,1,1,sure_thing
CUST_24153,4859.2,0.0,0.0,0.0,1,0,0.0,40,2,2,0,lost_cause
CUST_86325,2887.41,0.0,0.0,0.0,1,0,0.0,9,1,1,0,lost_cause
CUST_22999,4986.79,0.0,0.0,0.0,1,0,0.0,21,0,2,0,lost_cause
CUST_65318,6929.86,6236.87,692.99,0.1,1,1,3464.93,122,7,13,0,persuadable
CUST_10814,5502.65,4402.12,1100.53,0.2,1,1,2201.06,551,7,6,0,persuadable
CUST_86077,5619.62,4214.72,1404.9,0.25,1,1,1966.87,534,3,9,1,persuadable
CUST_12443,5016.7,0.0,0.0,0.0,1,0,0.0,38,0,2,0,lost_cause
CUST_85993,7527.23,0.0,0.0,0.0,0,0,0.0,55,0,1,0,lost_cause
CUST_85916,7557.37,6423.76,1133.61,0.15,1,1,3400.81,50,0,1,1,sure_thing
CUST_83319,4832.7,3866.16,966.54,0.2,1,1,1933.08,208,6,7,0,persuadable
CUST_27368,3487.44,0.0,0.0,0.0,0,0,0.0,14,0,2,0,lost_cause
CUST_25328,4487.32,0.0,0.0,0.0,0,0,0.0,10,2,2,0,lost_cause
CUST_66942,2712.63,0.0,0.0,0.0,1,0,0.0,199,2,5,1,sleeping_dog
CUST_37306,5636.24,0.0,0.0,0.0,0,0,0.0,52,2,2,0,lost_cause
CUST_95451,4750.6,0.0,0.0,0.0,0,0,0.0,193,6,11,0,persuadable
CUST_49915,2171.45,0.0,0.0,0.0,0,0,0.0,7,0,1,0,lost_cause
CUST_47219,2784.71,0.0,0.0,0.0,1,0,0.0,50,1,1,0,lost_cause
CUST_90879,4617.61,4617.61,0.0,0.0,0,1,2770.57,95,0,3,1,sure_thing
CUST_74644,7269.33,6178.93,1090.4,0.15,1,1,3271.2,579,7,13,0,persuadable
CUST_70279,5181.54,0.0,0.0,0.0,0,0,0.0,17,2,1,0,lost_cause
CUST_63028,5929.98,5929.98,0.0,0.0,0,1,3557.99,41,0,2,1,sure_thing
CUST_10126,3703.69,0.0,0.0,0.0,1,0,0.0,28,2,1,0,lost_cause
CUST_62329,5214.17,0.0,0.0,0.0,0,0,0.0,10,1,1,0,lost_cause
CUST_37632,4407.97,0.0,0.0,0.0,1,0,0.0,231,2,3,1,sleeping_dog
CUST_75310,5784.34,5784.34,0.0,0.0,0,1,3470.6,108,1,1,1,sure_thing
CUST_65176,1828.74,1371.56,457.18,0.25,1,1,640.06,324,6,9,0,persuadable
CUST_96066,4706.45,0.0,0.0,0.0,1,0,0.0,47,2,2,0,lost_cause
CUST_54327,3423.95,2739.16,684.79,0.2,1,1,1369.58,375,6,14,0,persuadable
CUST_78904,3620.2,0.0,0.0,0.0,0,0,0.0,46,2,1,0,lost_cause
CUST_13797,7745.96,0.0,0.0,0.0,1,0,0.0,24,2,2,0,lost_cause
CUST_57882,2687.52,2015.64,671.88,0.25,1,1,940.63,76,1,3,1,sure_thing
CUST_23718,3523.09,2642.32,880.77,0.25,1,1,1233.08,543,6,14,0,persuadable
CUST_44560,4814.3,0.0,0.0,0.0,0,0,0.0,274,7,5,0,persuadable
CUST_86589,7109.68,0.0,0.0,0.0,0,0,0.0,154,6,8,1,persuadable
CUST_32116,4208.36,0.0,0.0,0.0,1,0,0.0,35,0,2,0,lost_cause
CUST_46244,6335.12,0.0,0.0,0.0,1,0,0.0,41,0,2,0,lost_cause
CUST_11645,7066.43,0.0,0.0,0.0,1,0,0.0,29,2,2,0,lost_cause
CUST_57523,3515.11,0.0,0.0,0.0,1,0,0.0,27,2,1,0,lost_cause
CUST_29256,4052.88,3242.3,810.58,0.2,1,1,1621.15,243,7,6,0,persuadable
CUST_63173,3817.62,0.0,0.0,0.0,0,0,0.0,42,2,1,0,lost_cause
CUST_47430,6913.56,0.0,0.0,0.0,1,0,0.0,29,1,2,0,lost_cause
CUST_49282,1788.25,0.0,0.0,0.0,1,0,0.0,27,0,1,0,lost_cause
CUST_73374,3504.74,0.0,0.0,0.0,1,0,0.0,7,1,1,0,lost_cause
CUST_78244,5916.16,0.0,0.0,0.0,0,0,0.0,239,3,6,1,persuadable
CUST_21694,5175.38,0.0,0.0,0.0,0,0,0.0,9,0,2,0,lost_cause
CUST_66264,4335.88,4335.88,0.0,0.0,0,1,2601.53,23,1,2,1,sure_thing
CUST_85060,5009.66,3757.24,1252.42,0.25,1,1,1753.38,191,7,10,0,persuadable
CUST_67545,2784.3,2227.44,556.86,0.2,1,1,1113.72,558,7,11,0,persuadable
CUST_49224,4299.66,0.0,0.0,0.0,1,0,0.0,107,1,4,1,sleeping_dog
CUST_23224,4761.07,0.0,0.0,0.0,1,0,0.0,40,1,2,0,lost_cause
CUST_50738,7357.73,0.0,0.0,0.0,0,0,0.0,33,1,1,0,lost_cause
CUST_35150,3195.43,0.0,0.0,0.0,0,0,0.0,52,1,1,0,lost_cause
CUST_73731,7140.89,0.0,0.0,0.0,0,0,0.0,52,1,1,0,lost_cause
CUST_59688,5687.57,0.0,0.0,0.0,0,0,0.0,40,0,2,0,lost_cause
CUST_83509,1632.22,1224.16,408.06,0.25,1,1,571.27,123,6,11,0,persuadable
CUST_18577,6210.1,0.0,0.0,0.0,0,0,0.0,347,4,5,0,persuadable
CUST_18070,1731.09,1557.98,173.11,0.1,1,1,865.54,89,0,2,1,sure_thing
CUST_18666,7982.98,0.0,0.0,0.0,1,0,0.0,9,0,2,0,lost_cause
CUST_67761,7172.14,0.0,0.0,0.0,0,0,0.0,42,2,2,0,lost_cause
CUST_46368,3432.73,2917.82,514.91,0.15,1,1,1544.73,579,6,4,1,persuadable
CUST_16783,3173.17,2855.85,317.32,0.1,1,1,1586.58,40,0,3,1,sure_thing
CUST_51914,3979.37,0.0,0.0,0.0,1,0,0.0,31,0,2,0,lost_cause
CUST_80507,3815.09,3815.09,0.0,0.0,0,1,2289.05,105,1,2,1,sure_thing
CUST_89026,3920.2,0.0,0.0,0.0,0,0,0.0,6,1,1,0,lost_cause
CUST_77526,3568.8,0.0,0.0,0.0,1,0,0.0,66,3,5,1,sleeping_dog
CUST_80835,5537.37,0.0,0.0,0.0,0,0,0.0,247,7,9,0,persuadable
CUST_55765,2567.71,1925.78,641.93,0.25,1,1,898.7,10,0,2,1,sure_thing
CUST_29956,6998.88,0.0,0.0,0.0,1,0,0.0,56,0,1,0,lost_cause
CUST_97895,6780.62,0.0,0.0,0.0,0,0,0.0,21,2,1,0,lost_cause
CUST_56240,4597.14,0.0,0.0,0.0,0,0,0.0,146,6,5,0,persuadable
CUST_47148,7042.74,7042.74,0.0,0.0,0,1,4225.64,75,2,2,1,sleeping_dog
CUST_14757,3106.44,2329.83,776.61,0.25,1,1,1087.25,91,0,3,1,sure_thing
CUST_29097,1614.18,0.0,0.0,0.0,0,0,0.0,237,3,9,0,persuadable
CUST_20395,5524.85,0.0,0.0,0.0,0,0,0.0,54,1,2,0,lost_cause
CUST_26241,4476.41,0.0,0.0,0.0,0,0,0.0,44,2,1,0,lost_cause
CUST_37696,5186.57,3889.93,1296.64,0.25,1,1,1815.3,56,1,1,1,sure_thing
CUST_80480,7345.71,0.0,0.0,0.0,0,0,0.0,47,2,1,0,lost_cause
CUST_56163,7804.52,0.0,0.0,0.0,0,0,0.0,41,0,1,0,lost_cause
CUST_29816,5623.95,5061.55,562.4,0.1,1,1,2811.97,471,6,8,0,persuadable
CUST_59840,6466.36,4849.77,1616.59,0.25,1,1,2263.23,79,1,3,1,sure_thing
CUST_62853,2044.75,0.0,0.0,0.0,1,0,0.0,8,0,1,0,lost_cause
CUST_34917,2544.65,2544.65,0.0,0.0,0,1,1526.79,98,0,3,1,sure_thing
CUST_31566,6265.83,0.0,0.0,0.0,0,0,0.0,337,5,14,0,persuadable
CUST_85452,4303.88,0.0,0.0,0.0,0,0,0.0,248,3,8,0,persuadable
CUST_72823,4398.77,0.0,0.0,0.0,0,0,0.0,55,2,2,0,lost_cause
CUST_30806,3505.95,0.0,0.0,0.0,0,0,0.0,44,2,1,0,lost_cause
CUST_85520,5447.82,0.0,0.0,0.0,1,0,0.0,5,1,2,0,lost_cause
CUST_11759,2703.57,2162.86,540.71,0.2,1,1,1081.43,172,4,12,0,persuadable
CUST_51949,5574.96,0.0,0.0,0.0,1,0,0.0,48,1,2,0,lost_cause
CUST_12482,2629.69,0.0,0.0,0.0,1,0,0.0,53,1,1,0,lost_cause
CUST_34442,1914.87,0.0,0.0,0.0,1,0,0.0,43,2,1,0,lost_cause
CUST_43719,3647.32,0.0,0.0,0.0,0,0,0.0,42,0,2,0,lost_cause
CUST_68066,3002.41,2552.05,450.36,0.15,1,1,1351.09,33,1,3,1,sure_thing
CUST_12079,7278.45,0.0,0.0,0.0,1,0,0.0,54,2,2,0,lost_cause
CUST_12717,1857.2,1392.9,464.3,0.25,1,1,650.02,23,0,2,1,sure_thing
CUST_69676,2647.99,1985.99,662.0,0.25,1,1,926.79,215,6,10,1,persuadable
CUST_37952,5066.68,0.0,0.0,0.0,0,0,0.0,486,7,11,0,persuadable
CUST_96444,4626.94,0.0,0.0,0.0,0,0,0.0,515,5,6,0,persuadable
CUST_52460,1798.04,0.0,0.0,0.0,0,0,0.0,329,7,7,1,persuadable
CUST_82847,1547.14,0.0,0.0,0.0,1,0,0.0,55,2,1,0,lost_cause
CUST_99106,7922.44,0.0,0.0,0.0,0,0,0.0,286,3,10,0,persuadable
CUST_28449,5782.43,0.0,0.0,0.0,0,0,0.0,56,2,2,0,lost_cause
CUST_43536,3875.14,0.0,0.0,0.0,0,0,0.0,455,5,13,0,persuadable
CUST_74077,4557.81,3874.14,683.67,0.15,1,1,2051.02,94,0,2,1,sure_thing
CUST_48258,3232.58,0.0,0.0,0.0,0,0,0.0,41,2,1,0,lost_cause
CUST_58302,3741.68,0.0,0.0,0.0,0,0,0.0,304,5,11,0,persuadable
CUST_38865,5718.79,0.0,0.0,0.0,0,0,0.0,368,5,9,0,persuadable
CUST_16645,7238.28,0.0,0.0,0.0,0,0,0.0,28,2,2,0,lost_cause
CUST_48000,2696.85,2292.32,404.53,0.15,1,1,1213.58,330,4,6,1,persuadable
CUST_36737,6962.35,6962.35,0.0,0.0,0,1,4177.41,37,0,1,1,sure_thing
CUST_21485,2290.12,1946.6,343.52,0.15,1,1,1030.55,534,4,4,0,persuadable
CUST_48565,2897.45,0.0,0.0,0.0,0,0,0.0,53,0,2,0,lost_cause
CUST_35522,1741.64,0.0,0.0,0.0,1,0,0.0,57,2,2,0,lost_cause
CUST_75155,2415.28,0.0,0.0,0.0,1,0,0.0,16,0,2,0,lost_cause
CUST_65168,7462.47,0.0,0.0,0.0,1,0,0.0,24,0,1,0,lost_cause
CUST_62487,4486.35,4486.35,0.0,0.0,0,1,2691.81,115,0,1,1,sure_thing
CUST_22342,2004.83,1804.35,200.48,0.1,1,1,1002.42,167,7,6,0,persuadable
CUST_50806,7738.22,0.0,0.0,0.0,0,0,0.0,34,1,2,0,lost_cause
CUST_58770,7213.45,7213.45,0.0,0.0,0,1,4328.07,54,0,1,1,sure_thing
CUST_88623,6405.44,5764.9,640.54,0.1,1,1,3202.72,431,4,4,0,persuadable
CUST_85629,7567.57,5675.68,1891.89,0.25,1,1,2648.65,144,7,14,0,persuadable
CUST_62603,2930.84,2491.21,439.63,0.15,1,1,1318.87,433,6,5,1,persuadable
CUST_91974,6936.4,6936.4,0.0,0.0,0,1,4161.84,230,1,2,1,sleeping_dog
CUST_36399,5984.94,5984.94,0.0,0.0,0,1,3590.96,84,1,1,1,sure_thing
CUST_95382,7153.44,5365.08,1788.36,0.25,1,1,2503.7,487,7,9,0,persuadable
CUST_91244,6679.93,5009.95,1669.98,0.25,1,1,2337.98,57,1,2,1,sure_thing
CUST_86534,3752.22,3752.22,0.0,0.0,0,1,2251.33,107,2,3,1,sleeping_dog
CUST_65106,6533.59,6533.59,0.0,0.0,0,1,3920.15,43,0,2,1,sure_thing
CUST_40678,3205.97,0.0,0.0,0.0,0,0,0.0,551,6,12,0,persuadable
CUST_86218,3635.85,0.0,0.0,0.0,0,0,0.0,54,0,2,0,lost_cause
CUST_73230,2201.39,0.0,0.0,0.0,1,0,0.0,56,0,2,0,lost_cause
CUST_84055,7578.0,5683.5,1894.5,0.25,1,1,2652.3,383,5,11,0,persuadable
CUST_66373,3391.52,3052.37,339.15,0.1,1,1,1695.76,179,4,12,0,persuadable
CUST_41480,4884.05,4151.44,732.61,0.15,1,1,2197.82,338,3,4,0,persuadable
CUST_95230,4043.66,3032.74,1010.92,0.25,1,1,1415.28,353,4,8,0,persuadable
CUST_78836,7739.53,6965.58,773.95,0.1,1,1,3869.77,13,1,2,1,sure_thing
CUST_82258,3677.82,2942.26,735.56,0.2,1,1,1471.13,251,3,12,0,persuadable
CUST_49986,6560.55,0.0,0.0,0.0,0,0,0.0,420,6,8,0,persuadable
CUST_34160,7060.21,0.0,0.0,0.0,0,0,0.0,142,7,11,1,persuadable
CUST_95595,4331.44,0.0,0.0,0.0,0,0,0.0,37,2,2,0,lost_cause
CUST_89111,3958.12,3958.12,0.0,0.0,0,1,2374.87,166,1,5,1,sleeping_dog
CUST_74929,6360.35,0.0,0.0,0.0,1,0,0.0,11,2,1,0,lost_cause
CUST_83506,7433.82,7433.82,0.0,0.0,0,1,4460.29,18,1,1,1,sure_thing
CUST_44911,6407.06,5125.65,1281.41,0.2,1,1,2562.83,56,0,2,1,sure_thing
CUST_97127,2976.32,2976.32,0.0,0.0,0,1,1785.79,132,1,5,1,sleeping_dog
CUST_41821,7274.0,5455.5,1818.5,0.25,1,1,2545.9,282,3,10,0,persuadable
CUST_85039,4019.28,4019.28,0.0,0.0,0,1,2411.57,62,1,3,1,sure_thing
CUST_70535,5245.49,0.0,0.0,0.0,1,0,0.0,24,2,1,0,lost_cause
CUST_94458,6904.33,0.0,0.0,0.0,1,0,0.0,49,1,2,0,lost_cause
CUST_22175,2724.57,0.0,0.0,0.0,0,0,0.0,9,0,1,0,lost_cause
CUST_64771,6599.32,4949.49,1649.83,0.25,1,1,2309.76,477,4,14,0,persuadable
CUST_96925,5375.06,5375.06,0.0,0.0,0,1,3225.04,30,1,1,1,sure_thing
CUST_76358,7306.72,7306.72,0.0,0.0,0,1,4384.03,141,2,5,1,sleeping_dog
CUST_27327,2617.81,0.0,0.0,0.0,0,0,0.0,485,6,4,0,persuadable
CUST_57057,4234.43,0.0,0.0,0.0,0,0,0.0,42,2,1,0,lost_cause
CUST_16150,6913.48,0.0,0.0,0.0,0,0,0.0,18,1,1,0,lost_cause
CUST_14425,1625.01,0.0,0.0,0.0,1,0,0.0,42,2,1,0,lost_cause
CUST_26032,2229.31,0.0,0.0,0.0,0,0,0.0,419,5,5,0,persuadable
CUST_12198,7938.67,0.0,0.0,0.0,0,0,0.0,328,7,14,1,persuadable
CUST_70500,3322.56,0.0,0.0,0.0,0,0,0.0,33,1,1,0,lost_cause
CUST_63394,7841.03,0.0,0.0,0.0,1,0,0.0,58,1,2,0,lost_cause
CUST_30079,2686.46,0.0,0.0,0.0,0,0,0.0,46,0,2,0,lost_cause
CUST_46220,3847.11,3847.11,0.0,0.0,0,1,2308.27,56,0,3,1,sure_thing
CUST_51874,6393.65,6393.65,0.0,0.0,0,1,3836.19,62,1,1,1,sure_thing
CUST_23859,5775.56,0.0,0.0,0.0,1,0,0.0,16,1,1,0,lost_cause
CUST_60460,5277.3,0.0,0.0,0.0,1,0,0.0,38,2,2,0,lost_cause
CUST_41419,4944.34,0.0,0.0,0.0,1,0,0.0,56,0,1,0,lost_cause
CUST_18705,6982.36,6982.36,0.0,0.0,0,1,4189.42,44,0,1,1,sure_thing
CUST_52880,3027.17,0.0,0.0,0.0,0,0,0.0,55,2,1,0,lost_cause
CUST_33236,4376.06,0.0,0.0,0.0,1,0,0.0,18,2,1,0,lost_cause
CUST_97955,2510.44,0.0,0.0,0.0,1,0,0.0,43,2,1,0,lost_cause
CUST_95514,5373.62,4567.58,806.04,0.15,1,1,2418.13,586,6,10,0,persuadable
CUST_25358,3128.54,2659.26,469.28,0.15,1,1,1407.84,53,1,2,1,sure_thing
CUST_86918,3669.97,0.0,0.0,0.0,0,0,0.0,9,2,1,0,lost_cause
CUST_24596,4563.13,0.0,0.0,0.0,0,0,0.0,205,4,13,0,persuadable
CUST_43572,1674.01,1255.51,418.5,0.25,1,1,585.91,138,3,6,0,persuadable
CUST_88757,2097.6,2097.6,0.0,0.0,0,1,1258.56,237,2,3,1,sleeping_dog
CUST_11279,5958.54,5362.69,595.85,0.1,1,1,2979.27,185,7,4,1,persuadable
CUST_73197,4288.3,0.0,0.0,0.0,0,0,0.0,34,1,1,0,lost_cause
CUST_72516,7121.14,5340.86,1780.28,0.25,1,1,2492.4,59,0,2,1,sure_thing
CUST_17083,6015.37,0.0,0.0,0.0,1,0,0.0,19,0,1,0,lost_cause
CUST_27771,1552.66,0.0,0.0,0.0,1,0,0.0,71,1,3,1,sleeping_dog
CUST_39975,5508.63,5508.63,0.0,0.0,0,1,3305.18,71,0,2,1,sure_thing
CUST_55648,2109.21,2109.21,0.0,0.0,0,1,1265.53,42,1,2,1,sure_thing
CUST_58285,6576.07,0.0,0.0,0.0,0,0,0.0,475,3,14,0,persuadable
CUST_29063,7944.8,6753.08,1191.72,0.15,1,1,3575.16,10,0,3,1,sure_thing
CUST_77642,4952.79,0.0,0.0,0.0,1,0,0.0,6,0,1,0,lost_cause
CUST_96143,5938.07,0.0,0.0,0.0,1,0,0.0,48,1,2,0,lost_cause
CUST_47599,3042.54,0.0,0.0,0.0,0,0,0.0,481,4,4,1,persuadable
CUST_61920,4344.39,3692.73,651.66,0.15,1,1,1954.97,346,4,8,0,persuadable
CUST_38529,7064.62,0.0,0.0,0.0,0,0,0.0,442,3,14,1,persuadable
CUST_45954,2588.25,0.0,0.0,0.0,0,0,0.0,22,1,2,0,lost_cause
CUST_37856,3225.98,3225.98,0.0,0.0,0,1,1935.59,69,1,3,1,sure_thing
CUST_12573,4395.32,0.0,0.0,0.0,1,0,0.0,58,1,2,0,lost_cause
CUST_88344,6129.62,0.0,0.0,0.0,1,0,0.0,44,0,2,0,lost_cause
CUST_45367,3943.25,0.0,0.0,0.0,1,0,0.0,6,1,2,0,lost_cause
CUST_70774,7530.26,7530.26,0.0,0.0,0,1,4518.16,27,0,2,1,sure_thing
CUST_33752,2113.97,0.0,0.0,0.0,0,0,0.0,49,2,2,0,lost_cause
CUST_65029,3910.23,3519.21,391.02,0.1,1,1,1955.12,39,1,1,1,sure_thing
CUST_27685,6108.2,4581.15,1527.05,0.25,1,1,2137.87,71,1,3,1,sure_thing
CUST_61693,2968.91,0.0,0.0,0.0,0,0,0.0,17,0,2,0,lost_cause
CUST_65961,5766.69,0.0,0.0,0.0,0,0,0.0,43,0,2,0,lost_cause
CUST_86908,2567.41,2182.3,385.11,0.15,1,1,1155.34,43,0,1,1,sure_thing
CUST_84532,1863.87,1863.87,0.0,0.0,0,1,1118.32,50,0,3,1,sure_thing
CUST_91994,2286.6,1714.95,571.65,0.25,1,1,800.31,59,1,3,1,sure_thing
CUST_66133,7544.9,6413.17,1131.73,0.15,1,1,3395.21,171,4,10,0,persuadable
CUST_71268,5086.38,5086.38,0.0,0.0,0,1,3051.83,54,1,1,1,sure_thing
CUST_48243,6676.25,6676.25,0.0,0.0,0,1,4005.75,37,0,3,1,sure_thing
CUST_67384,3662.25,0.0,0.0,0.0,0,0,0.0,146,3,5,0,persuadable
CUST_41653,5352.28,0.0,0.0,0.0,1,0,0.0,42,1,1,0,lost_cause
CUST_36657,4717.19,0.0,0.0,0.0,0,0,0.0,28,2,2,0,lost_cause
CUST_49952,7647.3,0.0,0.0,0.0,1,0,0.0,25,1,1,0,lost_cause
CUST_32180,6359.24,5087.39,1271.85,0.2,1,1,2543.69,57,0,1,1,sure_thing
CUST_88411,6248.53,6248.53,0.0,0.0,0,1,3749.12,190,3,4,1,sleeping_dog
CUST_11622,1801.3,0.0,0.0,0.0,1,0,0.0,18,1,1,0,lost_cause
CUST_58756,5072.85,0.0,0.0,0.0,0,0,0.0,8,0,2,0,lost_cause
CUST_50809,4535.44,0.0,0.0,0.0,0,0,0.0,23,0,2,0,lost_cause
CUST_26725,7530.97,0.0,0.0,0.0,1,0,0.0,19,1,1,0,lost_cause
CUST_71396,3172.72,2538.18,634.54,0.2,1,1,1269.09,164,4,6,0,persuadable
CUST_61226,3253.92,2603.14,650.78,0.2,1,1,1301.57,47,0,2,1,sure_thing
CUST_91182,4173.75,0.0,0.0,0.0,1,0,0.0,23,1,1,0,lost_cause
CUST_92565,3081.9,0.0,0.0,0.0,0,0,0.0,28,0,2,0,lost_cause
CUST_39402,2339.7,0.0,0.0,0.0,0,0,0.0,14,1,2,0,lost_cause
CUST_14263,7073.2,6012.22,1060.98,0.15,1,1,3182.94,526,4,8,0,persuadable
CUST_56828,5128.8,4615.92,512.88,0.1,1,1,2564.4,44,0,1,1,sure_thing
CUST_57924,7098.86,0.0,0.0,0.0,0,0,0.0,382,7,8,0,persuadable
CUST_84182,6902.38,0.0,0.0,0.0,0,0,0.0,37,1,2,0,lost_cause
CUST_69052,3333.28,0.0,0.0,0.0,1,0,0.0,14,2,1,0,lost_cause
CUST_21664,5060.29,4048.23,1012.06,0.2,1,1,2024.11,399,4,13,0,persuadable
CUST_45737,2040.92,0.0,0.0,0.0,0,0,0.0,414,4,6,0,persuadable
CUST_99563,7449.14,6331.77,1117.37,0.15,1,1,3352.11,140,3,13,0,persuadable
CUST_39373,4127.71,0.0,0.0,0.0,1,0,0.0,7,0,2,0,lost_cause
CUST_46397,4058.9,0.0,0.0,0.0,0,0,0.0,26,0,2,0,lost_cause
CUST_96145,3467.91,0.0,0.0,0.0,0,0,0.0,46,0,2,0,lost_cause
CUST_48709,4494.31,0.0,0.0,0.0,0,0,0.0,210,3,9,0,persuadable
CUST_71120,3136.44,0.0,0.0,0.0,0,0,0.0,23,1,1,0,lost_cause
CUST_29250,3936.54,3936.54,0.0,0.0,0,1,2361.92,92,0,3,1,sure_thing
CUST_31172,6699.66,0.0,0.0,0.0,1,0,0.0,30,1,1,0,lost_cause
CUST_21555,6922.66,5192.0,1730.66,0.25,1,1,2422.94,347,4,14,0,persuadable
CUST_97410,3477.19,2781.75,695.44,0.2,1,1,1390.87,169,7,4,1,persuadable
CUST_88617,4548.59,0.0,0.0,0.0,1,0,0.0,18,0,1,0,lost_cause
CUST_63276,7179.83,0.0,0.0,0.0,0,0,0.0,30,1,2,0,lost_cause
CUST_67492,1842.38,1842.38,0.0,0.0,0,1,1105.43,105,1,3,1,sure_thing
CUST_63002,7279.44,0.0,0.0,0.0,0,0,0.0,7,0,2,0,lost_cause
CUST_99599,2924.7,0.0,0.0,0.0,0,0,0.0,527,3,6,0,persuadable
CUST_82355,5910.51,5319.46,591.05,0.1,1,1,2955.26,516,4,8,1,persuadable
CUST_34762,5286.59,4757.93,528.66,0.1,1,1,2643.29,60,1,3,1,sure_thing
CUST_21046,5094.11,0.0,0.0,0.0,0,0,0.0,354,3,11,1,persuadable
CUST_38769,7085.84,0.0,0.0,0.0,0,0,0.0,510,7,7,0,persuadable
CUST_63302,2160.22,2160.22,0.0,0.0,0,1,1296.13,20,0,1,1,sure_thing
CUST_33150,3755.68,0.0,0.0,0.0,0,0,0.0,261,6,4,0,persuadable
CUST_78247,4998.64,0.0,0.0,0.0,0,0,0.0,28,0,2,0,lost_cause
CUST_14853,6773.38,6773.38,0.0,0.0,0,1,4064.03,27,1,1,1,sure_thing
CUST_99399,2906.88,0.0,0.0,0.0,1,0,0.0,21,1,2,0,lost_cause
CUST_31792,6719.04,0.0,0.0,0.0,0,0,0.0,223,4,5,0,persuadable
CUST_69129,4097.65,0.0,0.0,0.0,0,0,0.0,25,2,2,0,lost_cause
CUST_84478,2727.94,2455.15,272.79,0.1,1,1,1363.97,446,6,12,0,persuadable
CUST_77298,6433.41,6433.41,0.0,0.0,0,1,3860.05,23,0,1,1,sure_thing
CUST_41987,2090.84,1568.13,522.71,0.25,1,1,731.79,83,1,1,1,sure_thing
CUST_25850,4845.99,4845.99,0.0,0.0,0,1,2907.59,81,1,1,1,sure_thing
CUST_22112,1915.19,1436.39,478.8,0.25,1,1,670.31,97,1,1,1,sure_thing
CUST_34058,3816.72,0.0,0.0,0.0,0,0,0.0,30,1,2,0,lost_cause
CUST_55420,5407.0,0.0,0.0,0.0,1,0,0.0,40,2,1,0,lost_cause
CUST_48890,5114.75,0.0,0.0,0.0,0,0,0.0,48,1,1,0,lost_cause
CUST_76017,4130.26,0.0,0.0,0.0,1,0,0.0,10,2,2,0,lost_cause
CUST_57304,4288.81,3859.93,428.88,0.1,1,1,2144.41,89,0,3,1,sure_thing
CUST_42921,2974.0,2676.6,297.4,0.1,1,1,1487.0,448,5,11,0,persuadable
CUST_11524,4463.24,0.0,0.0,0.0,0,0,0.0,323,6,12,0,persuadable
CUST_25048,7696.16,6926.54,769.62,0.1,1,1,3848.08,72,1,2,1,sure_thing
CUST_45111,7027.94,5270.96,1756.98,0.25,1,1,2459.78,453,7,12,0,persuadable
CUST_47904,2444.01,0.0,0.0,0.0,0,0,0.0,284,4,7,0,persuadable
CUST_64912,1693.58,0.0,0.0,0.0,0,0,0.0,241,6,6,1,persuadable
CUST_44008,7567.91,0.0,0.0,0.0,0,0,0.0,323,5,13,1,persuadable
CUST_10060,4923.87,0.0,0.0,0.0,1,0,0.0,21,0,1,0,lost_cause
CUST_84666,4995.95,0.0,0.0,0.0,0,0,0.0,57,0,1,0,lost_cause
CUST_93559,6574.67,4931.0,1643.67,0.25,1,1,2301.13,494,3,10,0,persuadable
CUST_65337,3545.48,0.0,0.0,0.0,1,0,0.0,6,2,1,0,lost_cause
CUST_23350,4632.4,4632.4,0.0,0.0,0,1,2779.44,67,3,5,1,sleeping_dog
CUST_34354,7796.31,0.0,0.0,0.0,0,0,0.0,253,7,7,1,persuadable
CUST_55186,5868.97,0.0,0.0,0.0,0,0,0.0,191,4,4,0,persuadable
CUST_38145,2499.34,2124.44,374.9,0.15,1,1,1124.7,432,7,14,0,persuadable
CUST_44020,2365.97,0.0,0.0,0.0,1,0,0.0,11,2,2,0,lost_cause
CUST_96123,2827.72,0.0,0.0,0.0,1,0,0.0,44,1,1,0,lost_cause
CUST_85186,6483.63,6483.63,0.0,0.0,0,1,3890.18,109,0,1,1,sure_thing
CUST_95469,3419.95,2735.96,683.99,0.2,1,1,1367.98,547,3,13,0,persuadable
CUST_30581,1639.03,0.0,0.0,0.0,1,0,0.0,32,1,2,0,lost_cause
CUST_98929,7637.13,5727.85,1909.28,0.25,1,1,2673.0,224,6,8,1,persuadable
CUST_33051,2603.14,2603.14,0.0,0.0,0,1,1561.88,41,0,1,1,sure_thing
CUST_61474,1562.13,0.0,0.0,0.0,1,0,0.0,13,0,2,0,lost_cause
CUST_79626,3041.36,0.0,0.0,0.0,0,0,0.0,6,0,1,0,lost_cause
CUST_16960,3027.69,0.0,0.0,0.0,1,0,0.0,34,1,2,0,lost_cause
CUST_45772,4243.03,0.0,0.0,0.0,0,0,0.0,5,0,1,0,lost_cause
CUST_31520,7482.53,0.0,0.0,0.0,1,0,0.0,39,0,2,0,lost_cause
CUST_59481,7214.7,0.0,0.0,0.0,0,0,0.0,320,6,5,0,persuadable
CUST_46408,4469.81,0.0,0.0,0.0,0,0,0.0,8,0,2,0,lost_cause
CUST_67134,4170.85,3753.77,417.08,0.1,1,1,2085.43,108,0,3,1,sure_thing
CUST_30491,5107.56,0.0,0.0,0.0,0,0,0.0,46,0,2,0,lost_cause
CUST_11341,3082.45,2465.96,616.49,0.2,1,1,1232.98,52,0,2,1,sure_thing
CUST_54623,1839.2,0.0,0.0,0.0,0,0,0.0,22,2,2,0,lost_cause
CUST_10338,7604.96,7604.96,0.0,0.0,0,1,4562.98,115,0,3,1,sure_thing
CUST_81431,2713.54,2035.16,678.38,0.25,1,1,949.74,80,1,1,1,sure_thing
CUST_22254,2789.6,2231.68,557.92,0.2,1,1,1115.84,76,1,2,1,sure_thing
CUST_61860,4570.99,3885.34,685.65,0.15,1,1,2056.94,109,0,1,1,sure_thing
CUST_21344,4695.49,0.0,0.0,0.0,1,0,0.0,14,0,2,0,lost_cause
CUST_11750,1619.82,0.0,0.0,0.0,1,0,0.0,58,2,1,0,lost_cause
CUST_64756,2461.71,1846.28,615.43,0.25,1,1,861.6,276,6,6,0,persuadable
CUST_77957,3958.01,3562.21,395.8,0.1,1,1,1979.01,53,0,1,1,sure_thing
CUST_68053,5944.25,5944.25,0.0,0.0,0,1,3566.55,11,1,3,1,sure_thing
CUST_80855,2984.72,2686.25,298.47,0.1,1,1,1492.36,112,1,1,1,sure_thing
CUST_25896,4249.59,3612.15,637.44,0.15,1,1,1912.31,14,1,2,1,sure_thing
CUST_65761,5122.74,0.0,0.0,0.0,0,0,0.0,57,1,1,0,lost_cause
CUST_72552,7275.85,6184.47,1091.38,0.15,1,1,3274.13,74,1,3,1,sure_thing
CUST_87454,3619.46,3076.54,542.92,0.15,1,1,1628.76,205,5,13,0,persuadable
CUST_37935,2368.13,2012.91,355.22,0.15,1,1,1065.66,115,0,3,1,sure_thing
CUST_47641,4680.27,4680.27,0.0,0.0,0,1,2808.16,85,1,1,1,sure_thing
CUST_39711,6353.69,0.0,0.0,0.0,0,0,0.0,492,3,12,0,persuadable
CUST_80342,2214.09,0.0,0.0,0.0,1,0,0.0,55,0,2,0,lost_cause
CUST_22182,4260.44,4260.44,0.0,0.0,0,1,2556.26,101,0,1,1,sure_thing
CUST_97833,1615.6,1615.6,0.0,0.0,0,1,969.36,95,1,1,1,sure_thing
CUST_66276,1718.13,0.0,0.0,0.0,0,0,0.0,259,7,5,0,persuadable
CUST_29541,4639.2,4639.2,0.0,0.0,0,1,2783.52,118,0,2,1,sure_thing
CUST_92310,3438.28,3438.28,0.0,0.0,0,1,2062.97,110,0,1,1,sure_thing
CUST_54813,6993.2,0.0,0.0,0.0,1,0,0.0,220,1,3,1,sleeping_dog
CUST_47198,5414.0,0.0,0.0,0.0,1,0,0.0,56,1,2,0,lost_cause
CUST_18820,4450.56,0.0,0.0,0.0,1,0,0.0,43,0,1,0,lost_cause
CUST_34070,4151.58,0.0,0.0,0.0,0,0,0.0,261,7,11,1,persuadable
CUST_79768,4732.1,0.0,0.0,0.0,0,0,0.0,516,5,13,0,persuadable
CUST_21122,1762.85,0.0,0.0,0.0,0,0,0.0,202,4,10,1,persuadable
CUST_90559,7303.16,0.0,0.0,0.0,0,0,0.0,15,0,2,0,lost_cause
CUST_83543,7988.97,0.0,0.0,0.0,1,0,0.0,6,1,1,0,lost_cause
CUST_93441,2679.67,2679.67,0.0,0.0,0,1,1607.8,113,1,2,1,sure_thing
CUST_51786,2282.49,0.0,0.0,0.0,0,0,0.0,246,7,11,0,persuadable
CUST_16737,2433.25,0.0,0.0,0.0,0,0,0.0,260,4,7,1,persuadable
CUST_46062,5796.68,0.0,0.0,0.0,0,0,0.0,52,2,2,0,lost_cause
CUST_64237,5799.37,0.0,0.0,0.0,0,0,0.0,16,1,2,0,lost_cause
CUST_61571,7011.51,5959.78,1051.73,0.15,1,1,3155.18,393,5,5,0,persuadable
CUST_35510,6386.87,6386.87,0.0,0.0,0,1,3832.12,25,0,2,1,sure_thing
CUST_29426,4422.98,0.0,0.0,0.0,1,0,0.0,33,0,2,0,lost_cause
CUST_47265,5483.56,5483.56,0.0,0.0,0,1,3290.14,37,0,1,1,sure_thing
CUST_27850,5973.85,0.0,0.0,0.0,0,0,0.0,283,3,6,0,persuadable
CUST_76150,4832.79,3624.59,1208.2,0.25,1,1,1691.47,66,1,2,1,sure_thing
CUST_97312,4591.73,0.0,0.0,0.0,0,0,0.0,7,1,1,0,lost_cause
CUST_99613,5693.13,4269.85,1423.28,0.25,1,1,1992.6,63,1,2,1,sure_thing
CUST_84910,5123.58,4098.86,1024.72,0.2,1,1,2049.43,203,3,9,0,persuadable
CUST_62375,5685.62,0.0,0.0,0.0,1,0,0.0,34,0,2,0,lost_cause
CUST_45435,5483.56,5483.56,0.0,0.0,0,1,3290.14,107,1,2,1,sure_thing
CUST_67132,6174.78,0.0,0.0,0.0,0,0,0.0,227,3,14,0,persuadable
CUST_88945,5678.22,0.0,0.0,0.0,0,0,0.0,423,7,8,1,persuadable
CUST_92050,4878.33,4146.58,731.75,0.15,1,1,2195.25,106,0,1,1,sure_thing
CUST_12983,5931.68,0.0,0.0,0.0,0,0,0.0,31,2,2,0,lost_cause
CUST_30662,4421.63,4421.63,0.0,0.0,0,1,2652.98,37,1,3,1,sure_thing
CUST_33510,3070.86,2763.77,307.09,0.1,1,1,1535.43,120,3,7,0,persuadable
CUST_88187,1509.22,0.0,0.0,0.0,1,0,0.0,37,2,2,0,lost_cause
CUST_50998,5139.77,0.0,0.0,0.0,1,0,0.0,22,2,2,0,lost_cause
CUST_66846,5339.26,0.0,0.0,0.0,0,0,0.0,27,2,2,0,lost_cause
CUST_16640,7818.32,0.0,0.0,0.0,0,0,0.0,149,3,10,0,persuadable
CUST_54547,3849.61,3849.61,0.0,0.0,0,1,2309.77,87,0,1,1,sure_thing
CUST_64620,4061.87,0.0,0.0,0.0,1,0,0.0,36,0,2,0,lost_cause
CUST_25317,2811.7,0.0,0.0,0.0,0,0,0.0,523,7,7,1,persuadable
CUST_17564,1958.47,0.0,0.0,0.0,1,0,0.0,32,1,2,0,lost_cause
CUST_37345,6523.23,0.0,0.0,0.0,1,0,0.0,51,1,2,0,lost_cause
CUST_89273,3122.93,0.0,0.0,0.0,0,0,0.0,55,2,2,0,lost_cause
CUST_84859,5457.88,4912.09,545.79,0.1,1,1,2728.94,459,4,11,0,persuadable
CUST_90765,5970.52,0.0,0.0,0.0,0,0,0.0,497,4,10,0,persuadable
CUST_84038,4563.04,0.0,0.0,0.0,1,0,0.0,56,2,1,0,lost_cause
CUST_62393,7196.29,0.0,0.0,0.0,0,0,0.0,457,3,14,0,persuadable
CUST_76081,4384.67,3726.97,657.7,0.15,1,1,1973.1,75,1,2,1,sure_thing
CUST_39430,3351.91,0.0,0.0,0.0,0,0,0.0,32,0,1,0,lost_cause
CUST_85532,7324.1,0.0,0.0,0.0,1,0,0.0,54,2,2,0,lost_cause
CUST_37788,7100.17,6035.14,1065.03,0.15,1,1,3195.07,436,7,5,1,persuadable
CUST_58543,2566.26,2566.26,0.0,0.0,0,1,1539.76,52,0,2,1,sure_thing
CUST_23919,1668.75,1418.44,250.31,0.15,1,1,750.94,134,3,8,0,persuadable
CUST_79346,2084.91,0.0,0.0,0.0,0,0,0.0,38,2,2,0,lost_cause
CUST_49974,3362.56,0.0,0.0,0.0,0,0,0.0,57,1,1,0,lost_cause
CUST_26371,7819.69,6646.74,1172.95,0.15,1,1,3518.86,96,0,3,1,sure_thing
CUST_55084,5130.35,4360.8,769.55,0.15,1,1,2308.66,101,1,3,1,sure_thing
CUST_39629,3926.2,0.0,0.0,0.0,0,0,0.0,21,2,2,0,lost_cause
CUST_61184,7276.65,0.0,0.0,0.0,0,0,0.0,295,5,10,0,persuadable
CUST_71916,4445.39,0.0,0.0,0.0,0,0,0.0,469,3,13,0,persuadable
CUST_83972,3549.05,3549.05,0.0,0.0,0,1,2129.43,183,1,2,1,sleeping_dog
CUST_72187,7617.93,7617.93,0.0,0.0,0,1,4570.76,23,1,1,1,sure_thing
CUST_22984,7021.86,0.0,0.0,0.0,1,0,0.0,54,0,1,0,lost_cause
CUST_43039,6983.84,6983.84,0.0,0.0,0,1,4190.3,70,1,3,1,sure_thing
CUST_95431,4829.85,0.0,0.0,0.0,0,0,0.0,302,6,5,1,persuadable
CUST_93691,6631.35,0.0,0.0,0.0,1,0,0.0,18,2,1,0,lost_cause
CUST_68606,2665.8,2399.22,266.58,0.1,1,1,1332.9,202,3,9,0,persuadable
CUST_20616,5225.95,0.0,0.0,0.0,1,0,0.0,103,1,4,1,sleeping_dog
CUST_60072,7895.0,0.0,0.0,0.0,1,0,0.0,26,0,2,0,lost_cause
CUST_34574,3391.23,0.0,0.0,0.0,0,0,0.0,421,5,5,0,persuadable
CUST_13430,6663.29,5330.63,1332.66,0.2,1,1,2665.31,20,1,2,1,sure_thing
CUST_22676,4688.11,3984.89,703.22,0.15,1,1,2109.65,175,7,8,0,persuadable
CUST_20816,1758.74,1494.93,263.81,0.15,1,1,791.43,513,4,14,1,persuadable
CUST_42733,6459.63,6459.63,0.0,0.0,0,1,3875.78,17,1,3,1,sure_thing
CUST_95680,2595.7,0.0,0.0,0.0,0,0,0.0,409,5,12,1,persuadable
CUST_12050,5604.58,4763.89,840.69,0.15,1,1,2522.06,323,5,9,1,persuadable
CUST_43933,2056.82,0.0,0.0,0.0,1,0,0.0,53,2,2,0,lost_cause
CUST_34951,7654.64,0.0,0.0,0.0,0,0,0.0,6,0,2,0,lost_cause
CUST_42413,3396.21,0.0,0.0,0.0,0,0,0.0,37,1,2,0,lost_cause
CUST_44801,2972.02,2229.02,743.0,0.25,1,1,1040.21,92,0,1,1,sure_thing
CUST_65619,2339.39,2105.45,233.94,0.1,1,1,1169.69,106,1,2,1,sure_thing
CUST_42913,7649.01,0.0,0.0,0.0,1,0,0.0,49,1,1,0,lost_cause
CUST_50600,6127.37,5514.63,612.74,0.1,1,1,3063.68,200,6,4,1,persuadable
CUST_67775,6320.8,6320.8,0.0,0.0,0,1,3792.48,99,0,3,1,sure_thing
CUST_45400,4746.13,0.0,0.0,0.0,0,0,0.0,50,0,1,0,lost_cause
CUST_14494,4585.73,0.0,0.0,0.0,1,0,0.0,43,2,2,0,lost_cause
CUST_90688,2215.14,0.0,0.0,0.0,0,0,0.0,240,7,7,0,persuadable
CUST_99431,5138.97,4111.18,1027.79,0.2,1,1,2055.59,64,0,2,1,sure_thing
CUST_84691,3104.96,0.0,0.0,0.0,0,0,0.0,49,1,2,0,lost_cause
CUST_53001,7851.44,0.0,0.0,0.0,0,0,0.0,58,1,1,0,lost_cause
CUST_77364,6677.78,0.0,0.0,0.0,1,0,0.0,21,0,1,0,lost_cause
CUST_55028,4184.45,0.0,0.0,0.0,1,0,0.0,22,2,1,0,lost_cause
CUST_47573,2483.72,0.0,0.0,0.0,0,0,0.0,54,2,1,0,lost_cause
CUST_10806,6604.66,4953.5,1651.16,0.25,1,1,2311.64,292,7,9,0,persuadable
CUST_66638,2293.35,1720.01,573.34,0.25,1,1,802.67,29,1,3,1,sure_thing
CUST_39757,2730.67,0.0,0.0,0.0,0,0,0.0,51,2,1,0,lost_cause
CUST_44636,2874.88,0.0,0.0,0.0,0,0,0.0,49,0,2,0,lost_cause
CUST_90097,5119.79,0.0,0.0,0.0,1,0,0.0,58,1,2,0,lost_cause
CUST_58280,6615.87,6615.87,0.0,0.0,0,1,3969.52,13,1,3,1,sure_thing
CUST_34262,3543.05,2657.29,885.76,0.25,1,1,1240.07,64,0,2,1,sure_thing
CUST_90435,2050.35,0.0,0.0,0.0,0,0,0.0,31,2,1,0,lost_cause
CUST_72211,4519.5,0.0,0.0,0.0,0,0,0.0,51,0,2,0,lost_cause
CUST_64842,6362.72,0.0,0.0,0.0,0,0,0.0,46,0,2,0,lost_cause
CUST_66979,2940.81,0.0,0.0,0.0,1,0,0.0,19,2,1,0,lost_cause
CUST_91470,2929.51,0.0,0.0,0.0,0,0,0.0,18,1,2,0,lost_cause
CUST_48197,7656.98,0.0,0.0,0.0,0,0,0.0,10,1,1,0,lost_cause
CUST_51844,7702.0,0.0,0.0,0.0,1,0,0.0,22,2,2,0,lost_cause
CUST_74754,7938.03,0.0,0.0,0.0,1,0,0.0,21,2,2,0,lost_cause
CUST_44157,6749.79,0.0,0.0,0.0,1,0,0.0,36,0,1,0,lost_cause
CUST_87129,2723.2,2178.56,544.64,0.2,1,1,1089.28,119,1,1,1,sure_thing
CUST_50042,2877.88,0.0,0.0,0.0,0,0,0.0,310,4,4,0,persuadable
CUST_71665,3711.46,0.0,0.0,0.0,1,0,0.0,40,0,2,0,lost_cause
CUST_92856,3567.86,2854.29,713.57,0.2,1,1,1427.15,235,4,11,0,persuadable
CUST_37376,7717.43,7717.43,0.0,0.0,0,1,4630.46,66,1,2,1,sure_thing
CUST_65554,6628.98,5303.18,1325.8,0.2,1,1,2651.59,267,6,10,0,persuadable
CUST_24199,6206.06,6206.06,0.0,0.0,0,1,3723.64,76,1,1,1,sure_thing
CUST_91412,2708.76,2031.57,677.19,0.25,1,1,948.07,55,0,1,1,sure_thing
CUST_60948,7411.92,0.0,0.0,0.0,0,0,0.0,266,5,12,1,persuadable
CUST_83781,6881.16,0.0,0.0,0.0,0,0,0.0,43,0,2,0,lost_cause
CUST_82750,2563.67,0.0,0.0,0.0,0,0,0.0,375,5,8,0,persuadable
CUST_76262,7162.61,6446.35,716.26,0.1,1,1,3581.31,36,1,1,1,sure_thing
CUST_56600,3269.61,3269.61,0.0,0.0,0,1,1961.77,89,0,2,1,sure_thing
CUST_86898,2025.65,0.0,0.0,0.0,1,0,0.0,47,2,1,0,lost_cause
CUST_72483,5769.34,4327.0,1442.34,0.25,1,1,2019.26,132,4,11,0,persuadable
CUST_28297,5749.73,0.0,0.0,0.0,1,0,0.0,32,2,2,0,lost_cause
CUST_40448,2117.06,0.0,0.0,0.0,0,0,0.0,45,2,2,0,lost_cause
CUST_36172,3572.54,0.0,0.0,0.0,1,0,0.0,45,0,2,0,lost_cause
CUST_52874,7953.29,0.0,0.0,0.0,0,0,0.0,463,6,11,1,persuadable
CUST_17657,5909.77,0.0,0.0,0.0,1,0,0.0,11,1,1,0,lost_cause
CUST_94386,6245.49,4996.39,1249.1,0.2,1,1,2498.19,557,7,7,0,persuadable
CUST_35425,2883.96,0.0,0.0,0.0,0,0,0.0,54,2,2,0,lost_cause
CUST_36685,2012.08,0.0,0.0,0.0,1,0,0.0,29,0,2,0,lost_cause
CUST_34578,3299.86,0.0,0.0,0.0,0,0,0.0,414,7,9,0,persuadable
CUST_38831,3117.84,2338.38,779.46,0.25,1,1,1091.24,335,6,8,1,persuadable
CUST_17906,3024.54,3024.54,0.0,0.0,0,1,1814.72,25,0,1,1,sure_thing
CUST_71413,2752.9,0.0,0.0,0.0,0,0,0.0,13,0,1,0,lost_cause
CUST_64028,5235.91,4450.52,785.39,0.15,1,1,2356.16,61,0,3,1,sure_thing
CUST_17287,3632.67,0.0,0.0,0.0,1,0,0.0,22,2,2,0,lost_cause
CUST_43660,6832.24,0.0,0.0,0.0,0,0,0.0,397,5,11,1,persuadable
CUST_85758,2695.66,0.0,0.0,0.0,0,0,0.0,56,2,1,0,lost_cause
CUST_70504,4520.08,0.0,0.0,0.0,1,0,0.0,6,1,1,0,lost_cause
CUST_69720,1588.78,0.0,0.0,0.0,1,0,0.0,6,2,1,0,lost_cause
CUST_44701,4630.94,0.0,0.0,0.0,0,0,0.0,13,0,2,0,lost_cause
CUST_93300,1862.95,1862.95,0.0,0.0,0,1,1117.77,103,0,3,1,sure_thing
CUST_27674,7855.2,5891.4,1963.8,0.25,1,1,2749.32,62,0,2,1,sure_thing
CUST_93560,6638.85,0.0,0.0,0.0,1,0,0.0,11,1,1,0,lost_cause
CUST_33874,4685.72,3514.29,1171.43,0.25,1,1,1640.0,223,4,6,0,persuadable
CUST_53642,2062.82,0.0,0.0,0.0,0,0,0.0,577,6,4,0,persuadable
CUST_75160,5350.9,4815.81,535.09,0.1,1,1,2675.45,113,0,3,1,sure_thing
CUST_27602,6431.96,0.0,0.0,0.0,0,0,0.0,426,6,12,1,persuadable
CUST_98801,2739.66,2465.69,273.97,0.1,1,1,1369.83,27,0,1,1,sure_thing
CUST_35931,5193.35,0.0,0.0,0.0,1,0,0.0,40,1,2,0,lost_cause
CUST_39192,6792.37,6792.37,0.0,0.0,0,1,4075.42,57,0,3,1,sure_thing
CUST_56542,6493.61,0.0,0.0,0.0,0,0,0.0,56,0,1,0,lost_cause
CUST_52520,6719.45,6719.45,0.0,0.0,0,1,4031.67,94,0,3,1,sure_thing
CUST_74772,7215.6,0.0,0.0,0.0,1,0,0.0,27,2,2,0,lost_cause
CUST_68762,7594.93,0.0,0.0,0.0,0,0,0.0,554,5,6,1,persuadable
CUST_60106,4135.89,0.0,0.0,0.0,0,0,0.0,55,1,2,0,lost_cause
CUST_91121,5197.0,0.0,0.0,0.0,1,0,0.0,9,0,2,0,lost_cause
CUST_35559,6639.29,5975.36,663.93,0.1,1,1,3319.64,258,7,8,0,persuadable
CUST_43742,6031.41,0.0,0.0,0.0,1,0,0.0,53,1,1,0,lost_cause
CUST_79669,7970.88,0.0,0.0,0.0,1,0,0.0,131,3,3,1,sleeping_dog
CUST_90199,1588.9,0.0,0.0,0.0,0,0,0.0,34,0,2,0,lost_cause
CUST_31754,3808.37,0.0,0.0,0.0,1,0,0.0,27,0,2,0,lost_cause
CUST_13972,3326.68,3326.68,0.0,0.0,0,1,1996.01,110,1,1,1,sure_thing
CUST_80831,3205.05,0.0,0.0,0.0,0,0,0.0,33,1,1,0,lost_cause
CUST_51873,2946.44,2946.44,0.0,0.0,0,1,1767.86,32,1,3,1,sure_thing
CUST_19903,6109.3,6109.3,0.0,0.0,0,1,3665.58,110,1,1,1,sure_thing
CUST_13020,2050.94,0.0,0.0,0.0,1,0,0.0,232,2,2,1,sleeping_dog
CUST_51755,6320.46,5372.39,948.07,0.15,1,1,2844.21,404,4,12,0,persuadable
CUST_95956,6007.27,0.0,0.0,0.0,1,0,0.0,54,0,1,0,lost_cause
CUST_96988,3130.23,0.0,0.0,0.0,0,0,0.0,48,0,1,0,lost_cause
CUST_55648,3143.42,0.0,0.0,0.0,1,0,0.0,12,2,1,0,lost_cause
CUST_19516,5587.59,5587.59,0.0,0.0,0,1,3352.55,182,3,3,1,sleeping_dog
CUST_12396,6454.11,5808.7,645.41,0.1,1,1,3227.06,69,0,3,1,sure_thing
CUST_94082,7197.16,6117.59,1079.57,0.15,1,1,3238.73,27,1,1,1,sure_thing
CUST_29129,7038.91,5631.13,1407.78,0.2,1,1,2815.57,400,5,10,0,persuadable
CUST_11591,7771.74,7771.74,0.0,0.0,0,1,4663.04,38,0,3,1,sure_thing
CUST_21303,5279.0,5279.0,0.0,0.0,0,1,3167.4,45,0,2,1,sure_thing
CUST_40561,7406.26,6665.63,740.63,0.1,1,1,3703.13,528,3,7,0,persuadable
CUST_81719,6755.34,0.0,0.0,0.0,0,0,0.0,31,0,1,0,lost_cause
CUST_96231,7315.34,0.0,0.0,0.0,1,0,0.0,6,1,1,0,lost_cause
CUST_17314,1575.57,0.0,0.0,0.0,0,0,0.0,399,7,13,0,persuadable
CUST_29623,7778.37,0.0,0.0,0.0,0,0,0.0,13,1,1,0,lost_cause
CUST_77675,4577.95,3433.46,1144.49,0.25,1,1,1602.28,65,1,2,1,sure_thing
CUST_75082,6688.19,6688.19,0.0,0.0,0,1,4012.91,119,0,3,1,sure_thing
CUST_93624,2326.83,0.0,0.0,0.0,1,0,0.0,47,0,2,0,lost_cause
CUST_43130,4073.62,0.0,0.0,0.0,0,0,0.0,17,2,2,0,lost_cause
CUST_61756,3264.49,0.0,0.0,0.0,1,0,0.0,37,0,1,0,lost_cause
CUST_36292,3395.78,3395.78,0.0,0.0,0,1,2037.47,20,1,3,1,sure_thing
CUST_96206,2301.16,0.0,0.0,0.0,1,0,0.0,48,2,1,0,lost_cause
CUST_79274,6737.46,0.0,0.0,0.0,0,0,0.0,45,1,2,0,lost_cause
CUST_12469,1560.08,0.0,0.0,0.0,0,0,0.0,16,1,2,0,lost_cause
CUST_63947,3531.29,0.0,0.0,0.0,0,0,0.0,32,2,2,0,lost_cause
CUST_32534,2633.67,0.0,0.0,0.0,0,0,0.0,23,0,2,0,lost_cause
CUST_73620,5328.75,0.0,0.0,0.0,0,0,0.0,9,0,1,0,lost_cause
CUST_58874,3152.64,0.0,0.0,0.0,1,0,0.0,32,1,1,0,lost_cause
CUST_59708,3183.49,0.0,0.0,0.0,1,0,0.0,175,1,3,1,sleeping_dog
CUST_84553,4674.2,0.0,0.0,0.0,1,0,0.0,25,0,2,0,lost_cause
CUST_78344,5742.48,0.0,0.0,0.0,0,0,0.0,467,4,13,0,persuadable
CUST_59138,2288.48,0.0,0.0,0.0,1,0,0.0,21,1,2,0,lost_cause
CUST_64302,2640.82,0.0,0.0,0.0,0,0,0.0,528,7,4,1,persuadable
CUST_57638,3106.64,3106.64,0.0,0.0,0,1,1863.98,78,1,3,1,sure_thing
CUST_88249,7829.36,0.0,0.0,0.0,1,0,0.0,56,1,2,0,lost_cause
CUST_12719,4081.49,0.0,0.0,0.0,1,0,0.0,58,2,1,0,lost_cause
CUST_32890,5393.44,0.0,0.0,0.0,1,0,0.0,35,1,1,0,lost_cause
CUST_87236,3070.03,2302.52,767.51,0.25,1,1,1074.51,452,6,9,0,persuadable
CUST_46509,4687.99,3984.79,703.2,0.15,1,1,2109.59,218,6,4,0,persuadable
CUST_52534,1981.77,1783.59,198.18,0.1,1,1,990.88,31,1,3,1,sure_thing
CUST_28787,1725.82,1725.82,0.0,0.0,0,1,1035.49,74,3,5,1,sleeping_dog
CUST_58845,4546.77,4546.77,0.0,0.0,0,1,2728.06,89,2,3,1,sleeping_dog
CUST_67932,4091.29,0.0,0.0,0.0,1,0,0.0,6,0,2,0,lost_cause
CUST_43062,2389.72,0.0,0.0,0.0,1,0,0.0,45,1,1,0,lost_cause
CUST_85713,5969.41,0.0,0.0,0.0,1,0,0.0,48,2,1,0,lost_cause
CUST_97263,7953.87,0.0,0.0,0.0,0,0,0.0,17,1,2,0,lost_cause
CUST_70461,4071.7,4071.7,0.0,0.0,0,1,2443.02,21,1,1,1,sure_thing
CUST_85418,5559.63,4169.72,1389.91,0.25,1,1,1945.87,332,3,8,0,persuadable
CUST_76672,7759.34,0.0,0.0,0.0,1,0,0.0,47,1,2,0,lost_cause
CUST_44832,6904.98,0.0,0.0,0.0,0,0,0.0,48,0,1,0,lost_cause
CUST_41966,4513.09,0.0,0.0,0.0,0,0,0.0,152,7,9,0,persuadable
CUST_82545,6293.68,0.0,0.0,0.0,1,0,0.0,18,1,2,0,lost_cause
CUST_22987,2332.88,2332.88,0.0,0.0,0,1,1399.73,58,1,2,1,sure_thing
CUST_47311,4828.68,3862.94,965.74,0.2,1,1,1931.47,563,4,13,0,persuadable
CUST_41575,3313.89,0.0,0.0,0.0,1,0,0.0,19,0,2,0,lost_cause
CUST_73852,2547.56,0.0,0.0,0.0,0,0,0.0,34,1,1,0,lost_cause
CUST_11007,4270.83,0.0,0.0,0.0,0,0,0.0,28,1,2,0,lost_cause
CUST_80981,2351.59,2116.43,235.16,0.1,1,1,1175.79,458,6,12,1,persuadable
CUST_86242,6043.4,6043.4,0.0,0.0,0,1,3626.04,15,1,3,1,sure_thing
CUST_57517,4465.56,0.0,0.0,0.0,1,0,0.0,34,1,2,0,lost_cause
CUST_39257,4952.44,0.0,0.0,0.0,0,0,0.0,34,0,2,0,lost_cause
CUST_97272,2451.44,1961.15,490.29,0.2,1,1,980.57,66,1,1,1,sure_thing
CUST_52207,2408.52,0.0,0.0,0.0,0,0,0.0,38,1,2,0,lost_cause
CUST_23281,5292.2,0.0,0.0,0.0,0,0,0.0,191,4,7,1,persuadable
CUST_71246,7902.56,0.0,0.0,0.0,1,0,0.0,24,2,2,0,lost_cause
CUST_11435,2125.63,0.0,0.0,0.0,0,0,0.0,44,0,2,0,lost_cause
CUST_36660,3357.25,3357.25,0.0,0.0,0,1,2014.35,34,0,1,1,sure_thing
CUST_15084,7151.48,7151.48,0.0,0.0,0,1,4290.89,111,1,2,1,sure_thing
CUST_92197,1969.77,0.0,0.0,0.0,1,0,0.0,44,1,2,0,lost_cause
CUST_23507,7193.26,0.0,0.0,0.0,0,0,0.0,8,2,2,0,lost_cause
CUST_82595,4907.86,0.0,0.0,0.0,0,0,0.0,34,2,1,0,lost_cause
CUST_93807,4153.73,0.0,0.0,0.0,1,0,0.0,39,0,1,0,lost_cause
CUST_55539,3512.92,0.0,0.0,0.0,0,0,0.0,18,1,2,0,lost_cause
CUST_17491,3431.26,0.0,0.0,0.0,1,0,0.0,87,2,5,1,sleeping_dog
CUST_60192,3487.72,2615.79,871.93,0.25,1,1,1220.7,413,6,8,0,persuadable
CUST_90395,7251.22,0.0,0.0,0.0,0,0,0.0,216,3,6,0,persuadable
CUST_73888,6204.67,0.0,0.0,0.0,0,0,0.0,218,4,7,0,persuadable
CUST_83609,5853.2,5853.2,0.0,0.0,0,1,3511.92,21,1,1,1,sure_thing
CUST_19077,6691.87,0.0,0.0,0.0,1,0,0.0,39,1,2,0,lost_cause
CUST_30953,3171.25,0.0,0.0,0.0,0,0,0.0,333,3,14,0,persuadable
CUST_86919,5517.28,0.0,0.0,0.0,1,0,0.0,39,1,1,0,lost_cause
CUST_77889,4490.43,0.0,0.0,0.0,1,0,0.0,25,0,2,0,lost_cause
CUST_33821,6585.87,0.0,0.0,0.0,1,0,0.0,48,2,1,0,lost_cause
CUST_47567,3510.16,0.0,0.0,0.0,0,0,0.0,350,3,8,0,persuadable
CUST_34860,5680.66,5680.66,0.0,0.0,0,1,3408.4,81,1,2,1,sure_thing
CUST_31195,7234.38,7234.38,0.0,0.0,0,1,4340.63,83,0,1,1,sure_thing
CUST_87475,4113.98,0.0,0.0,0.0,0,0,0.0,368,3,9,1,persuadable
CUST_97266,1933.04,1739.74,193.3,0.1,1,1,966.52,68,0,2,1,sure_thing
CUST_31427,4854.33,0.0,0.0,0.0,0,0,0.0,15,2,2,0,lost_cause
CUST_37083,3748.82,0.0,0.0,0.0,1,0,0.0,27,1,1,0,lost_cause
CUST_97046,5869.46,0.0,0.0,0.0,1,0,0.0,22,2,1,0,lost_cause
CUST_67372,7681.71,0.0,0.0,0.0,1,0,0.0,51,2,2,0,lost_cause
CUST_54064,4656.45,4656.45,0.0,0.0,0,1,2793.87,86,0,1,1,sure_thing
CUST_17813,4530.24,0.0,0.0,0.0,0,0,0.0,56,0,2,0,lost_cause
CUST_41598,5754.8,0.0,0.0,0.0,0,0,0.0,32,1,1,0,lost_cause
CUST_37082,2172.73,1846.82,325.91,0.15,1,1,977.73,88,1,3,1,sure_thing
CUST_39241,3147.79,0.0,0.0,0.0,1,0,0.0,10,2,1,0,lost_cause
CUST_54569,7473.37,0.0,0.0,0.0,0,0,0.0,157,5,7,0,persuadable
CUST_21745,5854.63,0.0,0.0,0.0,1,0,0.0,57,0,2,0,lost_cause
CUST_36029,1587.39,1587.39,0.0,0.0,0,1,952.43,97,1,5,1,sleeping_dog
CUST_23025,2830.07,2830.07,0.0,0.0,0,1,1698.04,68,0,3,1,sure_thing
CUST_24288,5938.44,0.0,0.0,0.0,1,0,0.0,54,0,2,0,lost_cause
CUST_99186,6468.59,0.0,0.0,0.0,0,0,0.0,40,2,1,0,lost_cause
CUST_16540,6959.09,6959.09,0.0,0.0,0,1,4175.45,139,1,3,1,sleeping_dog
CUST_91958,3399.15,2549.36,849.79,0.25,1,1,1189.7,386,7,5,0,persuadable
CUST_78878,7551.69,0.0,0.0,0.0,0,0,0.0,28,2,1,0,lost_cause
CUST_51846,5094.15,4075.32,1018.83,0.2,1,1,2037.66,35,0,3,1,sure_thing
CUST_85932,6027.5,0.0,0.0,0.0,0,0,0.0,308,4,9,0,persuadable
CUST_27482,5378.8,5378.8,0.0,0.0,0,1,3227.28,15,1,2,1,sure_thing
CUST_33411,2297.81,2297.81,0.0,0.0,0,1,1378.69,86,3,4,1,sleeping_dog
CUST_60975,7760.25,0.0,0.0,0.0,0,0,0.0,29,1,1,0,lost_cause
CUST_70545,2298.69,0.0,0.0,0.0,1,0,0.0,19,0,2,0,lost_cause
CUST_88797,3156.73,0.0,0.0,0.0,0,0,0.0,22,2,1,0,lost_cause
CUST_62307,6788.58,6109.72,678.86,0.1,1,1,3394.29,118,0,1,1,sure_thing
CUST_13093,5520.88,0.0,0.0,0.0,0,0,0.0,385,4,5,1,persuadable
CUST_87258,6947.97,6947.97,0.0,0.0,0,1,4168.78,63,0,2,1,sure_thing
CUST_32042,4852.29,3881.83,970.46,0.2,1,1,1940.91,50,0,1,1,sure_thing
CUST_62930,3950.46,3160.37,790.09,0.2,1,1,1580.19,72,0,1,1,sure_thing
CUST_54413,7492.0,0.0,0.0,0.0,0,0,0.0,261,7,12,1,persuadable
CUST_43756,1735.64,0.0,0.0,0.0,0,0,0.0,287,5,10,0,persuadable
CUST_63268,7064.85,6005.12,1059.73,0.15,1,1,3179.18,113,0,3,1,sure_thing
CUST_49214,3000.32,2550.27,450.05,0.15,1,1,1350.14,28,1,2,1,sure_thing
CUST_91871,7016.79,5262.59,1754.2,0.25,1,1,2455.87,59,1,3,1,sure_thing
CUST_38602,2404.78,2404.78,0.0,0.0,0,1,1442.87,105,1,4,1,sleeping_dog
CUST_63331,5271.42,0.0,0.0,0.0,1,0,0.0,55,1,1,0,lost_cause
CUST_58901,7272.7,7272.7,0.0,0.0,0,1,4363.62,149,1,3,1,sleeping_dog
CUST_73416,4578.01,3891.31,686.7,0.15,1,1,2060.11,275,5,14,0,persuadable
CUST_42196,6352.68,0.0,0.0,0.0,0,0,0.0,368,5,4,0,persuadable
CUST_15626,6730.37,0.0,0.0,0.0,1,0,0.0,33,2,1,0,lost_cause
CUST_17424,6287.21,0.0,0.0,0.0,0,0,0.0,188,3,14,1,persuadable
CUST_22857,7514.64,6387.44,1127.2,0.15,1,1,3381.58,511,4,13,0,persuadable
CUST_29982,4404.42,4404.42,0.0,0.0,0,1,2642.65,27,1,3,1,sure_thing
CUST_86961,2625.32,1968.99,656.33,0.25,1,1,918.86,93,1,1,1,sure_thing
CUST_11980,1810.77,0.0,0.0,0.0,0,0,0.0,122,5,13,0,persuadable
CUST_58290,3101.99,0.0,0.0,0.0,0,0,0.0,292,5,4,1,persuadable
CUST_36431,2430.78,0.0,0.0,0.0,1,0,0.0,58,0,1,0,lost_cause
CUST_94976,5126.67,5126.67,0.0,0.0,0,1,3076.0,32,0,1,1,sure_thing
CUST_92711,2702.14,2702.14,0.0,0.0,0,1,1621.28,97,0,1,1,sure_thing
CUST_36385,1753.07,0.0,0.0,0.0,1,0,0.0,50,2,1,0,lost_cause
CUST_48158,1733.93,1300.45,433.48,0.25,1,1,606.88,89,0,3,1,sure_thing
CUST_33019,6905.2,5178.9,1726.3,0.25,1,1,2416.82,430,3,13,1,persuadable
CUST_28639,5344.42,0.0,0.0,0.0,0,0,0.0,49,0,1,0,lost_cause
CUST_95530,3827.55,3827.55,0.0,0.0,0,1,2296.53,48,0,1,1,sure_thing
CUST_31563,7312.48,5484.36,1828.12,0.25,1,1,2559.37,78,1,1,1,sure_thing
CUST_49341,1956.28,0.0,0.0,0.0,0,0,0.0,355,6,13,0,persuadable
CUST_15776,7872.09,0.0,0.0,0.0,0,0,0.0,518,5,9,1,persuadable
CUST_46444,5505.9,0.0,0.0,0.0,0,0,0.0,25,1,2,0,lost_cause
CUST_78916,2692.52,0.0,0.0,0.0,0,0,0.0,39,2,2,0,lost_cause
CUST_18711,5913.95,5913.95,0.0,0.0,0,1,3548.37,21,0,1,1,sure_thing
CUST_84318,6461.98,0.0,0.0,0.0,0,0,0.0,34,0,2,0,lost_cause
CUST_92970,4290.73,3432.58,858.15,0.2,1,1,1716.29,460,6,9,0,persuadable
CUST_95553,7100.61,7100.61,0.0,0.0,0,1,4260.37,27,1,1,1,sure_thing
CUST_40707,2479.76,0.0,0.0,0.0,1,0,0.0,52,1,2,0,lost_cause
CUST_49110,3312.44,2649.95,662.49,0.2,1,1,1324.97,140,3,12,1,persuadable
CUST_71788,2107.7,1580.78,526.92,0.25,1,1,737.7,560,7,9,0,persuadable
CUST_92879,2870.71,2870.71,0.0,0.0,0,1,1722.43,93,0,1,1,sure_thing
CUST_48827,3051.74,0.0,0.0,0.0,0,0,0.0,433,5,8,0,persuadable
CUST_15655,7464.62,5598.46,1866.16,0.25,1,1,2612.61,365,5,10,0,persuadable
CUST_54859,2007.71,0.0,0.0,0.0,1,0,0.0,56,2,2,0,lost_cause
CUST_63625,4278.2,3850.38,427.82,0.1,1,1,2139.1,96,0,3,1,sure_thing
CUST_62098,4960.59,0.0,0.0,0.0,0,0,0.0,542,6,10,1,persuadable
CUST_25251,7341.5,6607.35,734.15,0.1,1,1,3670.75,409,3,5,1,persuadable
CUST_10526,7985.03,0.0,0.0,0.0,0,0,0.0,39,2,2,0,lost_cause
CUST_78760,6397.02,0.0,0.0,0.0,1,0,0.0,35,1,2,0,lost_cause
CUST_57837,7810.14,0.0,0.0,0.0,1,0,0.0,49,0,1,0,lost_cause
CUST_21536,6616.16,0.0,0.0,0.0,1,0,0.0,56,0,1,0,lost_cause
CUST_38541,7760.82,0.0,0.0,0.0,1,0,0.0,19,0,2,0,lost_cause
CUST_89083,6097.26,0.0,0.0,0.0,0,0,0.0,397,4,13,0,persuadable
CUST_61027,2018.46,1816.61,201.85,0.1,1,1,1009.23,413,4,11,1,persuadable
CUST_44531,4112.48,0.0,0.0,0.0,1,0,0.0,50,2,2,0,lost_cause
CUST_18712,5702.88,0.0,0.0,0.0,1,0,0.0,105,2,5,1,sleeping_dog
CUST_75455,3779.67,0.0,0.0,0.0,1,0,0.0,35,0,2,0,lost_cause
CUST_84744,3277.0,2785.45,491.55,0.15,1,1,1474.65,190,3,5,0,persuadable
CUST_15109,5253.1,4202.48,1050.62,0.2,1,1,2101.24,54,0,2,1,sure_thing
CUST_59268,7567.76,0.0,0.0,0.0,0,0,0.0,419,3,8,0,persuadable
CUST_64615,1727.38,0.0,0.0,0.0,0,0,0.0,51,2,2,0,lost_cause
CUST_92503,6500.0,5200.0,1300.0,0.2,1,1,2600.0,381,6,6,0,persuadable
CUST_39759,6197.73,5577.96,619.77,0.1,1,1,3098.87,305,3,12,0,persuadable
CUST_95708,7765.7,0.0,0.0,0.0,0,0,0.0,26,1,2,0,lost_cause
CUST_70112,7549.62,6794.66,754.96,0.1,1,1,3774.81,475,4,13,0,persuadable
CUST_36589,6454.51,0.0,0.0,0.0,1,0,0.0,49,1,2,0,lost_cause
CUST_40015,4882.66,3906.13,976.53,0.2,1,1,1953.07,512,3,5,0,persuadable
CUST_39009,2827.74,2403.58,424.16,0.15,1,1,1272.48,217,5,9,0,persuadable
CUST_93309,5044.03,0.0,0.0,0.0,0,0,0.0,551,7,6,1,persuadable
CUST_72046,6474.79,0.0,0.0,0.0,1,0,0.0,41,0,1,0,lost_cause
CUST_36143,7321.85,7321.85,0.0,0.0,0,1,4393.11,101,1,1,1,sure_thing
CUST_16154,6633.13,5969.82,663.31,0.1,1,1,3316.57,97,1,2,1,sure_thing
CUST_31804,2769.24,0.0,0.0,0.0,1,0,0.0,148,3,5,1,sleeping_dog
CUST_51688,5397.96,5397.96,0.0,0.0,0,1,3238.78,87,0,2,1,sure_thing
CUST_74288,3659.13,0.0,0.0,0.0,1,0,0.0,12,2,1,0,lost_cause
CUST_61195,1559.84,0.0,0.0,0.0,0,0,0.0,21,1,2,0,lost_cause
CUST_30581,2801.44,2101.08,700.36,0.25,1,1,980.5,493,6,5,0,persuadable
CUST_62648,2235.93,0.0,0.0,0.0,0,0,0.0,51,2,1,0,lost_cause
CUST_40087,6977.67,6279.9,697.77,0.1,1,1,3488.83,25,0,2,1,sure_thing
CUST_59930,3180.29,0.0,0.0,0.0,0,0,0.0,56,0,1,0,lost_cause
CUST_42981,3350.54,2680.43,670.11,0.2,1,1,1340.21,301,5,12,0,persuadable
CUST_79298,7739.59,0.0,0.0,0.0,0,0,0.0,47,0,2,0,lost_cause
CUST_56167,3964.06,3171.25,792.81,0.2,1,1,1585.63,102,0,1,1,sure_thing
CUST_85304,1562.31,0.0,0.0,0.0,0,0,0.0,20,1,2,0,lost_cause
CUST_53408,3345.0,3010.5,334.5,0.1,1,1,1672.5,95,1,2,1,sure_thing
CUST_49499,2275.45,0.0,0.0,0.0,0,0,0.0,160,6,6,0,persuadable
CUST_62269,2168.26,1951.43,216.83,0.1,1,1,1084.13,68,0,3,1,sure_thing
CUST_48559,2003.67,1502.75,500.92,0.25,1,1,701.28,43,0,3,1,sure_thing
CUST_84319,5356.19,0.0,0.0,0.0,1,0,0.0,14,2,1,0,lost_cause
CUST_58787,2730.76,2048.07,682.69,0.25,1,1,955.77,382,6,8,0,persuadable
CUST_45488,3848.08,0.0,0.0,0.0,1,0,0.0,56,2,2,0,lost_cause
CUST_84441,7103.12,7103.12,0.0,0.0,0,1,4261.87,83,2,2,1,sleeping_dog
CUST_84663,4258.2,0.0,0.0,0.0,0,0,0.0,30,1,2,0,lost_cause
CUST_32431,7451.99,6334.19,1117.8,0.15,1,1,3353.39,19,0,1,1,sure_thing
CUST_71681,4736.6,0.0,0.0,0.0,0,0,0.0,325,4,14,1,persuadable
CUST_73483,4092.44,0.0,0.0,0.0,0,0,0.0,52,1,2,0,lost_cause
CUST_59153,6377.53,5420.9,956.63,0.15,1,1,2869.89,237,3,9,1,persuadable
CUST_16368,1975.64,1975.64,0.0,0.0,0,1,1185.38,82,0,1,1,sure_thing
CUST_37424,2081.61,0.0,0.0,0.0,0,0,0.0,21,2,1,0,lost_cause
CUST_55004,5737.83,0.0,0.0,0.0,0,0,0.0,44,2,2,0,lost_cause
CUST_93869,4665.11,0.0,0.0,0.0,1,0,0.0,23,2,2,0,lost_cause
CUST_98652,6637.7,6637.7,0.0,0.0,0,1,3982.62,53,0,3,1,sure_thing
CUST_66985,7455.76,0.0,0.0,0.0,1,0,0.0,10,0,1,0,lost_cause
CUST_60069,4024.38,3018.28,1006.1,0.25,1,1,1408.53,68,0,3,1,sure_thing
CUST_62326,5376.67,4570.17,806.5,0.15,1,1,2419.5,113,1,1,1,sure_thing
CUST_91061,4754.53,0.0,0.0,0.0,0,0,0.0,21,1,2,0,lost_cause
CUST_33398,7880.47,7880.47,0.0,0.0,0,1,4728.28,71,1,1,1,sure_thing
CUST_60861,6902.05,0.0,0.0,0.0,0,0,0.0,548,4,11,1,persuadable
CUST_85897,7426.3,7426.3,0.0,0.0,0,1,4455.78,69,1,2,1,sure_thing
CUST_91905,3153.21,0.0,0.0,0.0,1,0,0.0,6,2,2,0,lost_cause
CUST_78577,6521.42,0.0,0.0,0.0,1,0,0.0,52,2,1,0,lost_cause
CUST_75641,3225.58,0.0,0.0,0.0,1,0,0.0,57,2,2,0,lost_cause
CUST_19078,2856.83,0.0,0.0,0.0,1,0,0.0,50,0,2,0,lost_cause
CUST_35003,7637.73,7637.73,0.0,0.0,0,1,4582.64,99,1,2,1,sure_thing
CUST_72768,1625.48,0.0,0.0,0.0,0,0,0.0,506,3,4,0,persuadable
CUST_61047,7775.03,6608.78,1166.25,0.15,1,1,3498.77,167,7,6,0,persuadable
CUST_81626,2470.2,2223.18,247.02,0.1,1,1,1235.1,43,0,1,1,sure_thing
CUST_67660,6826.35,5119.76,1706.59,0.25,1,1,2389.22,583,4,10,1,persuadable
CUST_59786,3293.5,0.0,0.0,0.0,1,0,0.0,42,1,2,0,lost_cause
CUST_11925,3779.57,3779.57,0.0,0.0,0,1,2267.74,98,1,2,1,sure_thing
CUST_93976,2908.93,0.0,0.0,0.0,0,0,0.0,389,3,7,0,persuadable
CUST_36015,5305.84,5305.84,0.0,0.0,0,1,3183.5,88,1,2,1,sure_thing
CUST_43320,3762.62,3386.36,376.26,0.1,1,1,1881.31,87,1,1,1,sure_thing
CUST_74881,5773.05,0.0,0.0,0.0,1,0,0.0,46,0,2,0,lost_cause
CUST_36289,1601.71,1441.54,160.17,0.1,1,1,800.86,193,4,14,0,persuadable
CUST_13389,1918.44,0.0,0.0,0.0,0,0,0.0,564,6,14,0,persuadable
CUST_35683,2147.8,0.0,0.0,0.0,0,0,0.0,37,2,1,0,lost_cause
CUST_23629,4223.46,3589.94,633.52,0.15,1,1,1900.56,25,0,2,1,sure_thing
CUST_71550,6796.18,0.0,0.0,0.0,0,0,0.0,499,5,5,0,persuadable
CUST_34826,7273.16,6545.84,727.32,0.1,1,1,3636.58,554,7,11,0,persuadable
CUST_36630,3091.27,0.0,0.0,0.0,0,0,0.0,55,0,1,0,lost_cause
CUST_56163,5233.4,5233.4,0.0,0.0,0,1,3140.04,72,2,4,1,sleeping_dog
CUST_76435,6494.37,0.0,0.0,0.0,0,0,0.0,24,0,2,0,lost_cause
CUST_21653,3377.39,0.0,0.0,0.0,0,0,0.0,471,7,11,0,persuadable
CUST_37961,4158.55,0.0,0.0,0.0,1,0,0.0,48,2,2,0,lost_cause
CUST_91941,4905.83,3924.66,981.17,0.2,1,1,1962.33,50,0,1,1,sure_thing
CUST_84137,2376.69,2020.19,356.5,0.15,1,1,1069.51,95,1,2,1,sure_thing
CUST_43662,1668.88,1335.1,333.78,0.2,1,1,667.55,83,1,1,1,sure_thing
CUST_66446,2493.24,0.0,0.0,0.0,0,0,0.0,583,3,4,0,persuadable
CUST_31288,5574.55,0.0,0.0,0.0,0,0,0.0,556,7,6,0,persuadable
CUST_46877,1978.52,0.0,0.0,0.0,1,0,0.0,21,1,2,0,lost_cause
CUST_25313,2733.03,0.0,0.0,0.0,0,0,0.0,25,0,1,0,lost_cause
CUST_90885,3696.05,3141.64,554.41,0.15,1,1,1663.22,223,7,4,0,persuadable
CUST_82715,2006.16,1805.54,200.62,0.1,1,1,1003.08,574,3,4,1,persuadable
CUST_20326,2746.05,2334.14,411.91,0.15,1,1,1235.72,79,1,2,1,sure_thing
CUST_11560,7423.25,5938.6,1484.65,0.2,1,1,2969.3,68,1,1,1,sure_thing
CUST_89148,1625.44,0.0,0.0,0.0,1,0,0.0,52,1,1,0,lost_cause
CUST_93186,5747.31,4885.21,862.1,0.15,1,1,2586.29,412,6,6,1,persuadable
CUST_36745,3998.66,0.0,0.0,0.0,1,0,0.0,10,2,1,0,lost_cause
CUST_41890,5872.22,5872.22,0.0,0.0,0,1,3523.33,70,1,1,1,sure_thing
CUST_30022,5326.5,4261.2,1065.3,0.2,1,1,2130.6,53,1,2,1,sure_thing
CUST_62579,2952.74,2214.56,738.18,0.25,1,1,1033.46,214,4,6,0,persuadable
CUST_80316,7006.86,6306.17,700.69,0.1,1,1,3503.43,84,0,2,1,sure_thing
CUST_93847,4697.61,4697.61,0.0,0.0,0,1,2818.57,51,1,2,1,sure_thing
CUST_38380,6846.48,0.0,0.0,0.0,1,0,0.0,13,2,1,0,lost_cause
CUST_12356,4139.08,4139.08,0.0,0.0,0,1,2483.45,83,1,1,1,sure_thing
CUST_80326,7900.46,0.0,0.0,0.0,0,0,0.0,13,0,2,0,lost_cause
CUST_99899,6508.18,0.0,0.0,0.0,0,0,0.0,444,5,4,1,persuadable
CUST_30049,7778.68,7778.68,0.0,0.0,0,1,4667.21,74,1,2,1,sure_thing
CUST_85717,4843.12,3874.5,968.62,0.2,1,1,1937.25,301,6,8,1,persuadable
CUST_26082,4578.99,0.0,0.0,0.0,1,0,0.0,30,0,2,0,lost_cause
CUST_10661,6410.45,4807.84,1602.61,0.25,1,1,2243.66,279,5,13,0,persuadable
CUST_47412,7221.89,0.0,0.0,0.0,0,0,0.0,59,1,1,0,lost_cause
CUST_12920,7766.95,6990.25,776.7,0.1,1,1,3883.47,21,0,2,1,sure_thing
CUST_70315,3609.59,0.0,0.0,0.0,1,0,0.0,7,1,2,0,lost_cause
CUST_89561,6691.58,6691.58,0.0,0.0,0,1,4014.95,14,0,2,1,sure_thing
CUST_18946,2869.2,0.0,0.0,0.0,1,0,0.0,29,2,1,0,lost_cause
CUST_55500,5046.23,0.0,0.0,0.0,0,0,0.0,26,0,2,0,lost_cause
CUST_26309,2669.01,0.0,0.0,0.0,0,0,0.0,59,2,2,0,lost_cause
CUST_65230,3758.08,2818.56,939.52,0.25,1,1,1315.33,342,7,8,1,persuadable
CUST_40027,7553.83,6043.06,1510.77,0.2,1,1,3021.53,29,1,2,1,sure_thing
CUST_82541,2449.59,2204.63,244.96,0.1,1,1,1224.79,13,1,3,1,sure_thing
CUST_69321,5610.61,0.0,0.0,0.0,0,0,0.0,8,1,1,0,lost_cause
CUST_10956,5354.2,0.0,0.0,0.0,0,0,0.0,199,4,9,0,persuadable
CUST_84131,2284.8,0.0,0.0,0.0,0,0,0.0,45,2,1,0,lost_cause
CUST_57908,3618.86,3618.86,0.0,0.0,0,1,2171.32,50,1,1,1,sure_thing
CUST_88339,5159.38,0.0,0.0,0.0,0,0,0.0,394,7,6,0,persuadable
CUST_35963,2716.66,2037.5,679.16,0.25,1,1,950.84,55,1,2,1,sure_thing
CUST_49443,6704.05,0.0,0.0,0.0,1,0,0.0,68,3,4,1,sleeping_dog
CUST_49063,7819.02,0.0,0.0,0.0,0,0,0.0,18,1,1,0,lost_cause
CUST_90818,2895.94,0.0,0.0,0.0,1,0,0.0,19,1,2,0,lost_cause
CUST_14703,2714.93,2171.94,542.99,0.2,1,1,1085.97,248,4,4,1,persuadable
CUST_75128,4457.08,0.0,0.0,0.0,0,0,0.0,34,1,2,0,lost_cause
CUST_82099,6360.47,0.0,0.0,0.0,1,0,0.0,20,2,1,0,lost_cause
CUST_35849,3330.4,0.0,0.0,0.0,0,0,0.0,425,4,5,0,persuadable
CUST_41860,1629.22,0.0,0.0,0.0,0,0,0.0,35,1,1,0,lost_cause
CUST_41585,5017.93,0.0,0.0,0.0,1,0,0.0,45,1,1,0,lost_cause
CUST_32015,7717.9,0.0,0.0,0.0,0,0,0.0,15,0,2,0,lost_cause
CUST_87539,4043.3,0.0,0.0,0.0,1,0,0.0,33,2,1,0,lost_cause
CUST_53585,4230.87,3173.15,1057.72,0.25,1,1,1480.8,232,6,6,0,persuadable
CUST_36958,7797.86,7018.07,779.79,0.1,1,1,3898.93,281,3,12,0,persuadable
CUST_36017,6014.95,0.0,0.0,0.0,1,0,0.0,205,1,5,1,sleeping_dog
CUST_86707,6174.62,5557.16,617.46,0.1,1,1,3087.31,87,1,2,1,sure_thing
CUST_55350,5157.56,0.0,0.0,0.0,1,0,0.0,22,2,1,0,lost_cause
CUST_22201,7834.96,0.0,0.0,0.0,1,0,0.0,11,1,2,0,lost_cause
CUST_39426,5977.63,0.0,0.0,0.0,1,0,0.0,9,0,1,0,lost_cause
CUST_27778,7317.71,7317.71,0.0,0.0,0,1,4390.63,142,1,5,1,sleeping_dog
CUST_55241,6045.96,0.0,0.0,0.0,0,0,0.0,573,6,6,0,persuadable
CUST_52229,6278.25,5650.42,627.83,0.1,1,1,3139.12,555,6,11,0,persuadable
CUST_96652,3387.67,2710.14,677.53,0.2,1,1,1355.07,60,0,1,1,sure_thing
CUST_58364,3472.61,2604.46,868.15,0.25,1,1,1215.42,185,7,13,0,persuadable
CUST_94878,6589.4,4942.05,1647.35,0.25,1,1,2306.29,277,4,6,0,persuadable
CUST_67056,3428.59,0.0,0.0,0.0,0,0,0.0,551,6,4,0,persuadable
CUST_37490,5158.01,0.0,0.0,0.0,0,0,0.0,14,1,1,0,lost_cause
CUST_29975,3120.79,0.0,0.0,0.0,1,0,0.0,11,0,1,0,lost_cause
CUST_36723,6810.39,5448.31,1362.08,0.2,1,1,2724.15,97,0,1,1,sure_thing
CUST_33279,2218.26,1996.43,221.83,0.1,1,1,1109.13,417,6,7,0,persuadable
CUST_88301,6891.4,0.0,0.0,0.0,0,0,0.0,8,0,1,0,lost_cause
CUST_21561,5417.74,4605.08,812.66,0.15,1,1,2437.98,117,0,1,1,sure_thing
CUST_76061,2714.91,2714.91,0.0,0.0,0,1,1628.95,110,0,3,1,sure_thing
CUST_98397,5023.23,5023.23,0.0,0.0,0,1,3013.94,64,0,1,1,sure_thing
CUST_59153,3336.24,0.0,0.0,0.0,1,0,0.0,18,0,1,0,lost_cause
CUST_43142,3602.54,3602.54,0.0,0.0,0,1,2161.52,91,0,2,1,sure_thing
CUST_36916,3784.93,3784.93,0.0,0.0,0,1,2270.96,69,3,5,1,sleeping_dog
CUST_74324,1911.58,0.0,0.0,0.0,0,0,0.0,169,6,5,0,persuadable
CUST_54965,7908.75,7117.87,790.88,0.1,1,1,3954.37,201,6,7,1,persuadable
CUST_14648,1704.98,1449.23,255.75,0.15,1,1,767.24,44,0,2,1,sure_thing
CUST_45133,5806.23,0.0,0.0,0.0,0,0,0.0,216,5,6,1,persuadable
CUST_60677,3912.98,0.0,0.0,0.0,0,0,0.0,24,2,1,0,lost_cause
CUST_80135,5699.07,0.0,0.0,0.0,0,0,0.0,12,2,2,0,lost_cause
CUST_45046,3815.61,0.0,0.0,0.0,0,0,0.0,36,0,1,0,lost_cause
CUST_57064,5879.38,0.0,0.0,0.0,0,0,0.0,6,0,2,0,lost_cause
CUST_79350,6240.03,0.0,0.0,0.0,0,0,0.0,32,1,2,0,lost_cause
CUST_55893,5988.59,0.0,0.0,0.0,1,0,0.0,36,0,2,0,lost_cause
CUST_71272,2240.75,0.0,0.0,0.0,0,0,0.0,57,1,1,0,lost_cause
CUST_77649,5769.81,5769.81,0.0,0.0,0,1,3461.89,84,0,2,1,sure_thing
CUST_74674,3319.92,3319.92,0.0,0.0,0,1,1991.95,84,0,2,1,sure_thing
CUST_23760,1687.21,1687.21,0.0,0.0,0,1,1012.33,76,0,2,1,sure_thing
CUST_31927,4196.4,0.0,0.0,0.0,1,0,0.0,39,1,1,0,lost_cause
CUST_96475,4318.03,0.0,0.0,0.0,0,0,0.0,354,5,12,1,persuadable
CUST_71367,4536.63,0.0,0.0,0.0,0,0,0.0,528,5,6,0,persuadable
CUST_22588,6081.36,0.0,0.0,0.0,1,0,0.0,9,1,2,0,lost_cause
CUST_62233,3507.48,0.0,0.0,0.0,1,0,0.0,50,1,2,0,lost_cause
CUST_54738,3549.32,0.0,0.0,0.0,1,0,0.0,6,1,1,0,lost_cause
CUST_43397,1893.59,1704.23,189.36,0.1,1,1,946.79,362,7,7,0,persuadable
CUST_92189,5964.34,0.0,0.0,0.0,1,0,0.0,15,1,2,0,lost_cause
CUST_86367,5190.87,4152.7,1038.17,0.2,1,1,2076.35,599,4,5,0,persuadable
CUST_81260,3771.26,3771.26,0.0,0.0,0,1,2262.76,64,1,2,1,sure_thing
CUST_86619,6083.73,6083.73,0.0,0.0,0,1,3650.24,95,0,1,1,sure_thing
CUST_29816,4992.83,0.0,0.0,0.0,0,0,0.0,141,5,6,1,persuadable
CUST_52240,4550.09,0.0,0.0,0.0,0,0,0.0,539,4,11,0,persuadable
CUST_16276,4823.61,0.0,0.0,0.0,1,0,0.0,56,1,2,0,lost_cause
CUST_89530,5636.26,4790.82,845.44,0.15,1,1,2536.32,45,1,2,1,sure_thing
CUST_33499,5790.02,0.0,0.0,0.0,0,0,0.0,13,0,2,0,lost_cause
CUST_98576,3378.23,2702.58,675.65,0.2,1,1,1351.29,451,7,13,1,persuadable
CUST_92495,2414.83,0.0,0.0,0.0,0,0,0.0,415,6,14,0,persuadable
CUST_81635,2518.12,0.0,0.0,0.0,0,0,0.0,528,7,9,0,persuadable
CUST_95112,5656.04,0.0,0.0,0.0,0,0,0.0,466,3,7,0,persuadable
CUST_45946,7173.68,0.0,0.0,0.0,0,0,0.0,11,2,1,0,lost_cause
CUST_65204,4161.73,3537.47,624.26,0.15,1,1,1872.78,390,7,6,0,persuadable
CUST_61886,2601.88,1951.41,650.47,0.25,1,1,910.66,92,0,1,1,sure_thing
CUST_81652,6417.92,6417.92,0.0,0.0,0,1,3850.75,115,0,3,1,sure_thing
CUST_25563,6911.18,5874.5,1036.68,0.15,1,1,3110.03,310,5,13,0,persuadable
CUST_19847,7223.79,0.0,0.0,0.0,0,0,0.0,7,1,1,0,lost_cause
CUST_36155,5444.4,4627.74,816.66,0.15,1,1,2449.98,265,3,14,0,persuadable
CUST_89671,7094.74,0.0,0.0,0.0,0,0,0.0,33,1,2,0,lost_cause
CUST_93310,1600.2,0.0,0.0,0.0,0,0,0.0,19,2,2,0,lost_cause
CUST_77278,2197.03,0.0,0.0,0.0,0,0,0.0,25,2,2,0,lost_cause
CUST_28309,2101.74,0.0,0.0,0.0,1,0,0.0,56,0,2,0,lost_cause
CUST_10619,6131.93,0.0,0.0,0.0,1,0,0.0,14,0,1,0,lost_cause
CUST_93194,1952.28,0.0,0.0,0.0,0,0,0.0,27,1,1,0,lost_cause
CUST_60108,4726.37,0.0,0.0,0.0,1,0,0.0,35,0,2,0,lost_cause
CUST_44707,4572.59,0.0,0.0,0.0,0,0,0.0,570,7,8,0,persuadable
CUST_30337,3519.57,0.0,0.0,0.0,0,0,0.0,312,3,4,0,persuadable
CUST_91537,7157.63,7157.63,0.0,0.0,0,1,4294.58,28,1,3,1,sure_thing
CUST_76504,2607.82,0.0,0.0,0.0,0,0,0.0,5,2,1,0,lost_cause
CUST_57614,3791.01,0.0,0.0,0.0,1,0,0.0,49,1,2,0,lost_cause
CUST_10281,6532.11,6532.11,0.0,0.0,0,1,3919.27,21,1,1,1,sure_thing
CUST_37420,1697.75,0.0,0.0,0.0,0,0,0.0,32,1,2,0,lost_cause
CUST_90896,5874.18,4993.05,881.13,0.15,1,1,2643.38,405,6,7,1,persuadable
CUST_49030,6806.59,6806.59,0.0,0.0,0,1,4083.95,47,0,2,1,sure_thing
CUST_11058,7559.74,0.0,0.0,0.0,1,0,0.0,111,3,2,1,sleeping_dog
CUST_96213,7195.93,5396.95,1798.98,0.25,1,1,2518.58,114,1,3,1,sure_thing
CUST_86260,3576.0,2860.8,715.2,0.2,1,1,1430.4,50,0,1,1,sure_thing
CUST_38404,5311.37,0.0,0.0,0.0,0,0,0.0,5,1,1,0,lost_cause
CUST_39856,2002.41,0.0,0.0,0.0,1,0,0.0,36,0,2,0,lost_cause
CUST_19200,3176.16,3176.16,0.0,0.0,0,1,1905.7,54,0,1,1,sure_thing
CUST_74178,2112.45,0.0,0.0,0.0,0,0,0.0,9,1,2,0,lost_cause
CUST_43997,3548.72,2661.54,887.18,0.25,1,1,1242.05,502,4,13,0,persuadable
CUST_35611,7188.72,6110.41,1078.31,0.15,1,1,3234.92,106,0,1,1,sure_thing
CUST_51235,3756.58,3756.58,0.0,0.0,0,1,2253.95,43,1,1,1,sure_thing
CUST_45057,5152.34,0.0,0.0,0.0,1,0,0.0,35,2,1,0,lost_cause
CUST_11239,4316.98,0.0,0.0,0.0,0,0,0.0,467,7,9,1,persuadable
CUST_75661,4482.96,0.0,0.0,0.0,1,0,0.0,19,1,2,0,lost_cause
CUST_55272,7802.22,0.0,0.0,0.0,1,0,0.0,29,0,1,0,lost_cause
CUST_99393,3425.0,3425.0,0.0,0.0,0,1,2055.0,161,2,4,1,sleeping_dog
CUST_71212,5577.61,5019.85,557.76,0.1,1,1,2788.81,232,7,7,0,persuadable
CUST_25398,4230.41,0.0,0.0,0.0,1,0,0.0,73,3,5,1,sleeping_dog
CUST_66503,1897.45,1423.09,474.36,0.25,1,1,664.11,409,6,6,1,persuadable
CUST_16638,4680.65,4212.59,468.06,0.1,1,1,2340.33,277,7,14,1,persuadable
CUST_16570,6786.73,6786.73,0.0,0.0,0,1,4072.04,44,0,3,1,sure_thing
CUST_78785,2141.89,2141.89,0.0,0.0,0,1,1285.13,55,1,1,1,sure_thing
CUST_19110,1952.35,0.0,0.0,0.0,1,0,0.0,49,2,2,0,lost_cause
CUST_89141,2498.6,0.0,0.0,0.0,0,0,0.0,155,7,11,0,persuadable
CUST_22115,6468.6,6468.6,0.0,0.0,0,1,3881.16,28,1,3,1,sure_thing
CUST_49062,6205.97,0.0,0.0,0.0,1,0,0.0,44,0,1,0,lost_cause
CUST_32911,5172.62,3879.46,1293.16,0.25,1,1,1810.41,510,3,6,0,persuadable
CUST_42556,4543.47,0.0,0.0,0.0,0,0,0.0,28,1,2,0,lost_cause
CUST_88131,7274.12,0.0,0.0,0.0,0,0,0.0,188,5,7,1,persuadable
CUST_11969,6483.54,0.0,0.0,0.0,0,0,0.0,24,1,1,0,lost_cause
CUST_53753,6777.62,0.0,0.0,0.0,0,0,0.0,35,1,1,0,lost_cause
CUST_92811,6786.2,5089.65,1696.55,0.25,1,1,2375.17,326,7,6,0,persuadable
CUST_14470,5677.66,0.0,0.0,0.0,0,0,0.0,531,4,5,0,persuadable
CUST_20225,4477.1,0.0,0.0,0.0,0,0,0.0,455,5,13,0,persuadable
CUST_33196,7120.41,0.0,0.0,0.0,0,0,0.0,7,0,2,0,lost_cause
CUST_23669,7519.05,6391.19,1127.86,0.15,1,1,3383.57,560,6,11,0,persuadable
CUST_47380,1654.74,1323.79,330.95,0.2,1,1,661.89,105,1,1,1,sure_thing
CUST_58320,1835.11,1468.09,367.02,0.2,1,1,734.05,110,1,1,1,sure_thing
CUST_57414,7731.83,0.0,0.0,0.0,0,0,0.0,486,6,6,0,persuadable
CUST_25577,3301.54,2806.31,495.23,0.15,1,1,1485.69,554,7,14,0,persuadable
CUST_98009,7176.9,0.0,0.0,0.0,1,0,0.0,10,0,1,0,lost_cause
CUST_65409,4027.17,3020.38,1006.79,0.25,1,1,1409.51,85,1,2,1,sure_thing
CUST_38625,2274.15,1819.32,454.83,0.2,1,1,909.66,509,3,9,0,persuadable
CUST_91040,2022.88,0.0,0.0,0.0,0,0,0.0,15,2,2,0,lost_cause
CUST_34089,2517.3,0.0,0.0,0.0,0,0,0.0,10,1,1,0,lost_cause
CUST_46487,3124.31,0.0,0.0,0.0,0,0,0.0,267,7,5,1,persuadable
CUST_75838,4675.37,3740.3,935.07,0.2,1,1,1870.15,209,4,10,0,persuadable
CUST_60138,6059.74,0.0,0.0,0.0,0,0,0.0,270,6,4,1,persuadable
CUST_52823,7911.59,0.0,0.0,0.0,1,0,0.0,18,0,1,0,lost_cause
CUST_47208,4369.79,3495.83,873.96,0.2,1,1,1747.91,105,0,2,1,sure_thing
CUST_64061,4868.2,0.0,0.0,0.0,1,0,0.0,45,2,2,0,lost_cause
CUST_40659,4891.8,0.0,0.0,0.0,1,0,0.0,35,2,1,0,lost_cause
CUST_41890,5006.32,4255.37,750.95,0.15,1,1,2252.84,268,6,14,0,persuadable
CUST_89134,4865.31,4865.31,0.0,0.0,0,1,2919.19,28,1,3,1,sure_thing
CUST_57055,1557.04,0.0,0.0,0.0,0,0,0.0,572,5,5,0,persuadable
CUST_29508,1511.21,0.0,0.0,0.0,0,0,0.0,283,6,6,0,persuadable
CUST_52287,2134.83,1921.35,213.48,0.1,1,1,1067.42,49,1,2,1,sure_thing
CUST_88916,2160.12,0.0,0.0,0.0,1,0,0.0,18,2,1,0,lost_cause
CUST_36984,6081.83,0.0,0.0,0.0,1,0,0.0,110,3,5,1,sleeping_dog
CUST_18125,2831.95,0.0,0.0,0.0,0,0,0.0,19,0,2,0,lost_cause
CUST_46059,7315.64,0.0,0.0,0.0,0,0,0.0,59,2,2,0,lost_cause
CUST_79569,7535.94,7535.94,0.0,0.0,0,1,4521.56,19,1,2,1,sure_thing
CUST_27087,7843.31,7058.98,784.33,0.1,1,1,3921.66,417,6,14,0,persuadable
CUST_15704,7604.03,7604.03,0.0,0.0,0,1,4562.42,82,0,2,1,sure_thing
CUST_70576,3267.27,0.0,0.0,0.0,1,0,0.0,23,2,1,0,lost_cause
CUST_83384,4813.55,0.0,0.0,0.0,0,0,0.0,40,0,1,0,lost_cause
CUST_97128,2640.46,0.0,0.0,0.0,0,0,0.0,58,1,2,0,lost_cause
CUST_82460,6740.36,6740.36,0.0,0.0,0,1,4044.22,33,1,3,1,sure_thing
CUST_37208,7274.81,0.0,0.0,0.0,0,0,0.0,486,4,9,0,persuadable
CUST_95150,7033.38,0.0,0.0,0.0,1,0,0.0,48,2,2,0,lost_cause
CUST_76024,4316.89,0.0,0.0,0.0,0,0,0.0,251,7,11,1,persuadable
CUST_49882,6431.38,0.0,0.0,0.0,0,0,0.0,10,2,2,0,lost_cause
CUST_35923,2134.26,0.0,0.0,0.0,1,0,0.0,57,2,1,0,lost_cause
CUST_39165,1761.59,0.0,0.0,0.0,1,0,0.0,54,2,2,0,lost_cause
CUST_77203,6396.04,5756.44,639.6,0.1,1,1,3198.02,459,6,8,0,persuadable
CUST_14114,4264.81,3838.33,426.48,0.1,1,1,2132.41,205,4,8,0,persuadable
CUST_74965,7971.07,7173.96,797.11,0.1,1,1,3985.53,100,1,1,1,sure_thing
CUST_46321,2132.15,0.0,0.0,0.0,0,0,0.0,468,6,9,1,persuadable
CUST_83297,7061.58,5649.26,1412.32,0.2,1,1,2824.63,395,4,5,1,persuadable
CUST_35426,4619.89,0.0,0.0,0.0,1,0,0.0,27,0,1,0,lost_cause
CUST_27772,6876.48,0.0,0.0,0.0,0,0,0.0,53,0,2,0,lost_cause
CUST_13712,6811.33,6811.33,0.0,0.0,0,1,4086.8,30,1,2,1,sure_thing
CUST_11367,7453.95,0.0,0.0,0.0,0,0,0.0,342,5,4,0,persuadable
CUST_61924,3436.03,2748.82,687.21,0.2,1,1,1374.41,99,0,2,1,sure_thing
CUST_13726,7673.7,7673.7,0.0,0.0,0,1,4604.22,37,1,3,1,sure_thing
CUST_99152,2485.84,0.0,0.0,0.0,0,0,0.0,49,2,2,0,lost_cause
CUST_37723,2032.8,1524.6,508.2,0.25,1,1,711.48,38,0,3,1,sure_thing
CUST_19108,4305.5,3444.4,861.1,0.2,1,1,1722.2,535,4,14,0,persuadable
CUST_87714,6884.1,6884.1,0.0,0.0,0,1,4130.46,112,0,3,1,sure_thing
CUST_45643,4577.24,0.0,0.0,0.0,0,0,0.0,49,2,1,0,lost_cause
CUST_41324,6890.36,0.0,0.0,0.0,0,0,0.0,51,0,1,0,lost_cause
CUST_93360,6242.96,6242.96,0.0,0.0,0,1,3745.78,20,1,2,1,sure_thing
CUST_18927,2861.28,0.0,0.0,0.0,0,0,0.0,247,5,9,1,persuadable
CUST_32443,7667.73,0.0,0.0,0.0,0,0,0.0,9,0,2,0,lost_cause
CUST_89973,1895.08,0.0,0.0,0.0,1,0,0.0,97,3,2,1,sleeping_dog
CUST_73449,7338.82,6238.0,1100.82,0.15,1,1,3302.47,30,0,2,1,sure_thing
CUST_86743,3478.88,0.0,0.0,0.0,1,0,0.0,50,1,2,0,lost_cause
CUST_70233,4750.96,0.0,0.0,0.0,0,0,0.0,53,2,1,0,lost_cause
CUST_35537,4245.29,0.0,0.0,0.0,0,0,0.0,45,0,1,0,lost_cause
CUST_87576,2616.92,0.0,0.0,0.0,0,0,0.0,43,2,1,0,lost_cause
CUST_32612,3827.95,0.0,0.0,0.0,1,0,0.0,34,0,1,0,lost_cause
CUST_16471,2754.07,0.0,0.0,0.0,0,0,0.0,336,5,12,0,persuadable
CUST_45631,2825.26,0.0,0.0,0.0,1,0,0.0,34,2,2,0,lost_cause
CUST_41348,2715.87,2036.9,678.97,0.25,1,1,950.55,488,5,14,0,persuadable
CUST_74732,4678.61,0.0,0.0,0.0,0,0,0.0,19,2,2,0,lost_cause
CUST_11177,6686.55,0.0,0.0,0.0,0,0,0.0,274,7,8,0,persuadable
CUST_14760,5198.31,0.0,0.0,0.0,0,0,0.0,34,2,1,0,lost_cause
CUST_42779,7305.84,0.0,0.0,0.0,1,0,0.0,17,1,2,0,lost_cause
CUST_31636,5637.54,4510.03,1127.51,0.2,1,1,2255.01,53,0,3,1,sure_thing
CUST_91889,5980.71,0.0,0.0,0.0,1,0,0.0,59,2,1,0,lost_cause
CUST_63551,5839.45,4379.59,1459.86,0.25,1,1,2043.81,372,5,6,0,persuadable
CUST_21556,4421.48,0.0,0.0,0.0,0,0,0.0,54,1,2,0,lost_cause
CUST_37598,5980.7,0.0,0.0,0.0,0,0,0.0,426,6,9,0,persuadable
CUST_21563,1953.1,0.0,0.0,0.0,0,0,0.0,407,4,13,0,persuadable
CUST_56819,7089.03,0.0,0.0,0.0,1,0,0.0,22,1,1,0,lost_cause
CUST_83770,6555.78,0.0,0.0,0.0,0,0,0.0,171,5,9,0,persuadable
CUST_36966,3093.99,0.0,0.0,0.0,1,0,0.0,6,0,1,0,lost_cause
CUST_91709,6492.21,0.0,0.0,0.0,0,0,0.0,457,7,12,0,persuadable
CUST_69889,1582.18,1186.64,395.54,0.25,1,1,553.77,254,3,9,1,persuadable
CUST_36987,2912.1,2620.89,291.21,0.1,1,1,1456.05,251,6,5,0,persuadable
CUST_88714,1923.39,0.0,0.0,0.0,0,0,0.0,55,1,2,0,lost_cause
CUST_68348,6571.47,0.0,0.0,0.0,0,0,0.0,208,4,4,1,persuadable
CUST_34596,6413.18,4809.88,1603.3,0.25,1,1,2244.61,72,1,1,1,sure_thing
CUST_43174,6788.63,5430.9,1357.73,0.2,1,1,2715.45,206,7,11,0,persuadable
CUST_74106,1529.13,1529.13,0.0,0.0,0,1,917.48,113,0,2,1,sure_thing
CUST_79967,4758.01,0.0,0.0,0.0,1,0,0.0,94,1,5,1,sleeping_dog
CUST_69182,6081.44,0.0,0.0,0.0,1,0,0.0,202,3,2,1,sleeping_dog
CUST_97163,2510.11,2259.1,251.01,0.1,1,1,1255.06,466,3,11,0,persuadable
CUST_49310,5723.64,0.0,0.0,0.0,1,0,0.0,54,2,1,0,lost_cause
CUST_66088,2046.72,0.0,0.0,0.0,0,0,0.0,311,7,12,0,persuadable
CUST_18906,2678.62,0.0,0.0,0.0,0,0,0.0,38,2,1,0,lost_cause
CUST_46914,4592.68,0.0,0.0,0.0,0,0,0.0,7,0,2,0,lost_cause
CUST_55379,5748.17,0.0,0.0,0.0,0,0,0.0,18,1,2,0,lost_cause
CUST_88612,2448.15,1958.52,489.63,0.2,1,1,979.26,410,3,7,0,persuadable
CUST_47650,2703.95,0.0,0.0,0.0,1,0,0.0,21,1,2,0,lost_cause
CUST_56881,2828.9,2546.01,282.89,0.1,1,1,1414.45,255,4,14,0,persuadable
CUST_56413,3051.56,0.0,0.0,0.0,1,0,0.0,214,2,3,1,sleeping_dog
CUST_16012,2972.6,2378.08,594.52,0.2,1,1,1189.04,113,1,2,1,sure_thing
CUST_60115,4068.47,0.0,0.0,0.0,0,0,0.0,20,2,2,0,lost_cause
CUST_17151,5749.63,0.0,0.0,0.0,0,0,0.0,55,0,1,0,lost_cause
CUST_67716,4347.21,0.0,0.0,0.0,1,0,0.0,7,1,1,0,lost_cause
CUST_46378,6543.83,6543.83,0.0,0.0,0,1,3926.3,62,0,2,1,sure_thing
CUST_52652,6175.25,0.0,0.0,0.0,0,0,0.0,41,0,2,0,lost_cause
CUST_82430,2322.42,2322.42,0.0,0.0,0,1,1393.45,58,1,3,1,sure_thing
CUST_23467,1817.47,0.0,0.0,0.0,0,0,0.0,55,2,2,0,lost_cause
CUST_41010,7206.62,7206.62,0.0,0.0,0,1,4323.97,69,0,3,1,sure_thing
CUST_64691,2018.9,0.0,0.0,0.0,0,0,0.0,594,4,10,0,persuadable
CUST_74157,2464.2,0.0,0.0,0.0,0,0,0.0,251,5,9,0,persuadable
CUST_22289,1643.87,0.0,0.0,0.0,0,0,0.0,218,3,4,0,persuadable
CUST_54976,5584.19,5025.77,558.42,0.1,1,1,2792.09,35,1,2,1,sure_thing
CUST_53596,5285.41,4756.87,528.54,0.1,1,1,2642.71,89,1,2,1,sure_thing
CUST_33171,7914.87,0.0,0.0,0.0,0,0,0.0,417,7,13,1,persuadable
CUST_96365,7265.06,0.0,0.0,0.0,1,0,0.0,24,0,2,0,lost_cause
CUST_54139,4170.48,0.0,0.0,0.0,1,0,0.0,50,2,1,0,lost_cause
CUST_58713,3915.31,3915.31,0.0,0.0,0,1,2349.19,21,1,2,1,sure_thing
CUST_39734,3429.54,2915.11,514.43,0.15,1,1,1543.29,163,4,5,0,persuadable
CUST_82588,2490.64,2490.64,0.0,0.0,0,1,1494.38,19,1,2,1,sure_thing
CUST_73646,2397.54,2397.54,0.0,0.0,0,1,1438.52,92,1,1,1,sure_thing
CUST_13654,2359.84,0.0,0.0,0.0,0,0,0.0,5,0,2,0,lost_cause
CUST_99022,2241.75,0.0,0.0,0.0,1,0,0.0,29,1,1,0,lost_cause
CUST_28743,3063.33,2450.66,612.67,0.2,1,1,1225.33,40,0,2,1,sure_thing
CUST_58368,3493.35,3493.35,0.0,0.0,0,1,2096.01,28,0,2,1,sure_thing
CUST_84172,7750.26,7750.26,0.0,0.0,0,1,4650.16,104,0,1,1,sure_thing
CUST_16441,5260.08,0.0,0.0,0.0,0,0,0.0,26,2,2,0,lost_cause
CUST_34611,7919.37,0.0,0.0,0.0,1,0,0.0,202,2,4,1,sleeping_dog
CUST_22149,3921.04,2940.78,980.26,0.25,1,1,1372.36,96,1,1,1,sure_thing
CUST_69189,4474.57,4474.57,0.0,0.0,0,1,2684.74,118,1,1,1,sure_thing
CUST_31675,3609.76,0.0,0.0,0.0,1,0,0.0,43,1,1,0,lost_cause
CUST_81031,2688.77,0.0,0.0,0.0,0,0,0.0,10,2,2,0,lost_cause
CUST_52668,2430.57,2187.51,243.06,0.1,1,1,1215.28,262,7,13,1,persuadable
CUST_23673,7643.01,6114.41,1528.6,0.2,1,1,3057.21,82,0,1,1,sure_thing
CUST_86666,7914.27,7122.84,791.43,0.1,1,1,3957.13,93,1,2,1,sure_thing
CUST_98204,1791.91,0.0,0.0,0.0,1,0,0.0,30,1,2,0,lost_cause
CUST_90758,2477.25,0.0,0.0,0.0,0,0,0.0,197,3,4,0,persuadable
CUST_75429,4252.91,4252.91,0.0,0.0,0,1,2551.75,33,0,3,1,sure_thing
CUST_33669,2711.17,0.0,0.0,0.0,1,0,0.0,13,2,1,0,lost_cause
CUST_44068,3865.22,3865.22,0.0,0.0,0,1,2319.13,21,0,3,1,sure_thing
CUST_98789,2339.13,0.0,0.0,0.0,1,0,0.0,19,0,2,0,lost_cause
CUST_19435,4467.33,0.0,0.0,0.0,0,0,0.0,408,5,7,0,persuadable
CUST_62249,3266.02,2776.12,489.9,0.15,1,1,1469.71,38,0,1,1,sure_thing
CUST_47384,3787.38,0.0,0.0,0.0,0,0,0.0,8,2,2,0,lost_cause
CUST_91929,2113.03,0.0,0.0,0.0,0,0,0.0,532,7,7,0,persuadable
CUST_86153,4282.83,4282.83,0.0,0.0,0,1,2569.7,172,1,2,1,sleeping_dog
CUST_85388,7891.17,0.0,0.0,0.0,0,0,0.0,365,4,7,0,persuadable
CUST_41401,3637.41,0.0,0.0,0.0,0,0,0.0,183,5,9,0,persuadable
CUST_81831,7196.79,0.0,0.0,0.0,0,0,0.0,38,2,1,0,lost_cause
CUST_44084,6980.79,0.0,0.0,0.0,0,0,0.0,328,5,10,0,persuadable
CUST_65826,7688.38,0.0,0.0,0.0,0,0,0.0,7,2,1,0,lost_cause
CUST_46451,6635.71,0.0,0.0,0.0,0,0,0.0,553,7,13,0,persuadable
CUST_17227,5787.38,4919.27,868.11,0.15,1,1,2604.32,158,3,8,0,persuadable
CUST_41910,7067.8,7067.8,0.0,0.0,0,1,4240.68,23,1,2,1,sure_thing
CUST_46041,1991.69,1692.94,298.75,0.15,1,1,896.26,547,4,4,1,persuadable
CUST_98920,4508.4,0.0,0.0,0.0,0,0,0.0,32,0,2,0,lost_cause
CUST_75681,7930.17,0.0,0.0,0.0,1,0,0.0,13,1,1,0,lost_cause
CUST_91571,6502.4,6502.4,0.0,0.0,0,1,3901.44,26,0,3,1,sure_thing
CUST_75481,7753.49,6590.47,1163.02,0.15,1,1,3489.07,86,0,2,1,sure_thing
CUST_78576,6567.62,0.0,0.0,0.0,1,0,0.0,20,1,2,0,lost_cause
CUST_74174,7186.73,0.0,0.0,0.0,1,0,0.0,15,1,2,0,lost_cause
CUST_36160,6092.44,6092.44,0.0,0.0,0,1,3655.46,76,1,1,1,sure_thing
CUST_27633,6443.26,4832.44,1610.82,0.25,1,1,2255.14,288,6,13,1,persuadable
CUST_27014,4900.66,3675.5,1225.16,0.25,1,1,1715.24,484,3,10,0,persuadable
CUST_90532,7507.55,0.0,0.0,0.0,0,0,0.0,17,0,1,0,lost_cause
CUST_59104,6862.75,6862.75,0.0,0.0,0,1,4117.65,45,1,3,1,sure_thing
CUST_51621,6985.25,6286.72,698.53,0.1,1,1,3492.62,119,0,3,1,sure_thing
CUST_87231,5874.56,0.0,0.0,0.0,1,0,0.0,35,2,2,0,lost_cause
CUST_78388,3479.77,2783.82,695.95,0.2,1,1,1391.91,61,0,2,1,sure_thing
CUST_26014,1731.59,0.0,0.0,0.0,0,0,0.0,341,7,7,0,persuadable
CUST_43755,7581.76,6444.5,1137.26,0.15,1,1,3411.8,428,7,10,0,persuadable
CUST_50390,5309.78,4513.31,796.47,0.15,1,1,2389.4,140,5,13,0,persuadable
CUST_33711,3437.93,2578.45,859.48,0.25,1,1,1203.28,149,7,6,0,persuadable
CUST_67993,2469.38,1852.04,617.34,0.25,1,1,864.29,197,7,4,0,persuadable
CUST_84696,6891.9,6891.9,0.0,0.0,0,1,4135.14,24,1,3,1,sure_thing
CUST_37213,6937.38,0.0,0.0,0.0,1,0,0.0,58,1,2,0,lost_cause
CUST_67784,6794.3,0.0,0.0,0.0,1,0,0.0,50,1,1,0,lost_cause
CUST_17421,5693.04,0.0,0.0,0.0,1,0,0.0,45,2,1,0,lost_cause
CUST_96936,3879.1,3297.24,581.86,0.15,1,1,1745.6,32,0,3,1,sure_thing
CUST_27727,3476.46,2781.17,695.29,0.2,1,1,1390.59,11,1,2,1,sure_thing
CUST_14358,1555.61,0.0,0.0,0.0,0,0,0.0,366,5,7,1,persuadable
CUST_75108,6918.45,0.0,0.0,0.0,0,0,0.0,442,6,10,0,persuadable
CUST_42117,2068.31,0.0,0.0,0.0,0,0,0.0,347,7,5,0,persuadable
CUST_98700,5599.91,0.0,0.0,0.0,0,0,0.0,22,1,2,0,lost_cause
CUST_41910,4776.49,4776.49,0.0,0.0,0,1,2865.89,113,0,3,1,sure_thing
CUST_65754,4923.48,4431.13,492.35,0.1,1,1,2461.74,57,0,1,1,sure_thing
CUST_72438,7523.63,0.0,0.0,0.0,0,0,0.0,291,4,7,1,persuadable
CUST_39371,1705.5,0.0,0.0,0.0,0,0,0.0,49,1,1,0,lost_cause
CUST_61501,6527.05,6527.05,0.0,0.0,0,1,3916.23,105,0,2,1,sure_thing
CUST_70946,1838.34,0.0,0.0,0.0,0,0,0.0,46,1,1,0,lost_cause
CUST_48467,1748.0,1573.2,174.8,0.1,1,1,874.0,587,4,12,1,persuadable
CUST_27625,4293.82,0.0,0.0,0.0,0,0,0.0,14,1,1,0,lost_cause
CUST_43893,1909.99,0.0,0.0,0.0,0,0,0.0,16,0,2,0,lost_cause
CUST_86329,6629.44,0.0,0.0,0.0,0,0,0.0,553,3,8,0,persuadable
CUST_41007,4942.16,4447.94,494.22,0.1,1,1,2471.08,15,1,1,1,sure_thing
CUST_49532,1688.75,1519.87,168.88,0.1,1,1,844.37,222,3,7,0,persuadable
CUST_64253,1763.25,1410.6,352.65,0.2,1,1,705.3,64,0,3,1,sure_thing
CUST_22323,5482.35,0.0,0.0,0.0,0,0,0.0,41,1,1,0,lost_cause
CUST_83379,6739.73,0.0,0.0,0.0,1,0,0.0,57,2,1,0,lost_cause
CUST_24210,4345.7,0.0,0.0,0.0,1,0,0.0,45,2,1,0,lost_cause
CUST_26456,5104.77,0.0,0.0,0.0,0,0,0.0,35,1,2,0,lost_cause
CUST_41367,6698.89,5359.11,1339.78,0.2,1,1,2679.55,379,5,13,1,persuadable
CUST_64624,5468.29,5468.29,0.0,0.0,0,1,3280.97,117,0,3,1,sure_thing
CUST_20106,2960.94,0.0,0.0,0.0,1,0,0.0,51,0,2,0,lost_cause
CUST_78008,5484.84,0.0,0.0,0.0,0,0,0.0,177,3,11,0,persuadable
CUST_82240,5583.82,0.0,0.0,0.0,0,0,0.0,7,1,1,0,lost_cause
CUST_74315,6271.7,0.0,0.0,0.0,0,0,0.0,369,3,5,0,persuadable
CUST_79249,5535.68,5535.68,0.0,0.0,0,1,3321.41,23,0,2,1,sure_thing
CUST_80587,7800.07,0.0,0.0,0.0,1,0,0.0,89,2,4,1,sleeping_dog
CUST_20756,2782.37,2225.9,556.47,0.2,1,1,1112.95,48,0,1,1,sure_thing
CUST_78011,7682.09,0.0,0.0,0.0,1,0,0.0,222,2,4,1,sleeping_dog
CUST_46378,4999.21,4999.21,0.0,0.0,0,1,2999.53,186,2,4,1,sleeping_dog
CUST_14255,5867.71,0.0,0.0,0.0,0,0,0.0,40,2,2,0,lost_cause
CUST_24484,2146.5,0.0,0.0,0.0,1,0,0.0,44,0,1,0,lost_cause
CUST_66549,3973.74,0.0,0.0,0.0,0,0,0.0,49,1,2,0,lost_cause
CUST_44503,6500.96,0.0,0.0,0.0,1,0,0.0,19,0,1,0,lost_cause
CUST_83794,6094.92,0.0,0.0,0.0,0,0,0.0,235,6,14,0,persuadable
CUST_55113,1760.91,0.0,0.0,0.0,0,0,0.0,360,7,11,0,persuadable
CUST_84069,5052.86,0.0,0.0,0.0,1,0,0.0,38,2,1,0,lost_cause
CUST_15249,2073.81,1555.36,518.45,0.25,1,1,725.84,274,3,8,0,persuadable
CUST_29201,7973.07,6777.11,1195.96,0.15,1,1,3587.88,406,5,8,0,persuadable
CUST_68576,7332.43,0.0,0.0,0.0,0,0,0.0,595,4,8,0,persuadable
CUST_19686,1637.02,0.0,0.0,0.0,0,0,0.0,36,2,2,0,lost_cause
CUST_63363,7081.22,0.0,0.0,0.0,1,0,0.0,28,2,2,0,lost_cause
CUST_10661,7476.29,5981.03,1495.26,0.2,1,1,2990.51,39,0,2,1,sure_thing
CUST_54843,3798.06,0.0,0.0,0.0,1,0,0.0,36,2,1,0,lost_cause
CUST_70963,6176.76,0.0,0.0,0.0,0,0,0.0,44,0,1,0,lost_cause
CUST_52828,4373.67,0.0,0.0,0.0,0,0,0.0,29,2,2,0,lost_cause
CUST_58604,5759.01,0.0,0.0,0.0,1,0,0.0,43,1,1,0,lost_cause
CUST_20526,3712.06,0.0,0.0,0.0,0,0,0.0,14,2,2,0,lost_cause
CUST_78910,3596.64,3596.64,0.0,0.0,0,1,2157.98,41,0,2,1,sure_thing
CUST_35592,4258.82,0.0,0.0,0.0,1,0,0.0,12,1,2,0,lost_cause
CUST_38982,2446.19,2201.57,244.62,0.1,1,1,1223.09,84,1,1,1,sure_thing
CUST_10207,6902.4,0.0,0.0,0.0,0,0,0.0,16,0,2,0,lost_cause
CUST_98733,3766.54,3766.54,0.0,0.0,0,1,2259.92,104,2,2,1,sleeping_dog
CUST_78619,4100.97,3280.78,820.19,0.2,1,1,1640.39,504,5,11,1,persuadable
CUST_39328,7311.35,6214.65,1096.7,0.15,1,1,3290.11,112,0,2,1,sure_thing
CUST_56479,4728.05,0.0,0.0,0.0,1,0,0.0,40,0,2,0,lost_cause
CUST_30103,5037.65,0.0,0.0,0.0,0,0,0.0,233,5,12,0,persuadable
CUST_49891,7717.24,0.0,0.0,0.0,1,0,0.0,50,0,1,0,lost_cause
CUST_20754,7263.72,5447.79,1815.93,0.25,1,1,2542.3,89,1,1,1,sure_thing
CUST_91437,2601.53,2601.53,0.0,0.0,0,1,1560.92,77,0,2,1,sure_thing
CUST_82982,4575.9,4575.9,0.0,0.0,0,1,2745.54,88,3,2,1,sleeping_dog
CUST_65922,7813.43,0.0,0.0,0.0,1,0,0.0,14,2,1,0,lost_cause
CUST_58231,3920.38,0.0,0.0,0.0,1,0,0.0,45,2,2,0,lost_cause
CUST_39301,3915.23,0.0,0.0,0.0,0,0,0.0,355,7,14,0,persuadable
CUST_72711,2767.7,0.0,0.0,0.0,1,0,0.0,50,0,2,0,lost_cause
CUST_51323,2243.1,0.0,0.0,0.0,1,0,0.0,30,1,1,0,lost_cause
CUST_28752,6311.98,0.0,0.0,0.0,0,0,0.0,40,0,1,0,lost_cause
CUST_92205,6505.2,0.0,0.0,0.0,1,0,0.0,7,0,2,0,lost_cause
CUST_23395,7798.58,0.0,0.0,0.0,0,0,0.0,53,0,1,0,lost_cause
CUST_95957,6527.22,0.0,0.0,0.0,0,0,0.0,338,3,12,0,persuadable
CUST_66273,3081.79,2773.61,308.18,0.1,1,1,1540.89,297,4,9,0,persuadable
CUST_14895,1760.76,0.0,0.0,0.0,1,0,0.0,21,2,2,0,lost_cause
CUST_86559,7905.34,7905.34,0.0,0.0,0,1,4743.2,49,0,1,1,sure_thing
CUST_20699,3712.93,0.0,0.0,0.0,0,0,0.0,6,1,2,0,lost_cause
CUST_75061,3527.82,3527.82,0.0,0.0,0,1,2116.69,104,0,2,1,sure_thing
CUST_19715,7388.71,0.0,0.0,0.0,0,0,0.0,24,0,1,0,lost_cause
CUST_29169,5303.15,0.0,0.0,0.0,1,0,0.0,29,1,2,0,lost_cause
CUST_26163,2896.66,2896.66,0.0,0.0,0,1,1738.0,53,0,1,1,sure_thing
CUST_15782,7279.13,5459.35,1819.78,0.25,1,1,2547.7,112,1,2,1,sure_thing
CUST_98177,7956.85,6365.48,1591.37,0.2,1,1,3182.74,66,0,1,1,sure_thing
CUST_94328,2063.41,0.0,0.0,0.0,1,0,0.0,16,1,2,0,lost_cause
CUST_45585,7104.64,0.0,0.0,0.0,1,0,0.0,13,2,1,0,lost_cause
CUST_40682,4038.35,4038.35,0.0,0.0,0,1,2423.01,38,0,3,1,sure_thing
CUST_57864,4906.47,0.0,0.0,0.0,1,0,0.0,24,2,1,0,lost_cause
CUST_94416,7446.3,6701.67,744.63,0.1,1,1,3723.15,402,7,6,0,persuadable
CUST_65114,7826.96,7044.26,782.7,0.1,1,1,3913.48,269,4,10,1,persuadable
CUST_48067,3204.07,0.0,0.0,0.0,0,0,0.0,38,0,2,0,lost_cause
CUST_52685,2883.53,0.0,0.0,0.0,0,0,0.0,251,4,11,0,persuadable
CUST_28073,2023.36,1618.69,404.67,0.2,1,1,809.35,217,4,7,1,persuadable
CUST_46035,5151.69,4121.35,1030.34,0.2,1,1,2060.67,37,1,2,1,sure_thing
CUST_74977,1588.43,1350.17,238.26,0.15,1,1,714.8,84,0,1,1,sure_thing
CUST_93362,4177.34,0.0,0.0,0.0,0,0,0.0,216,3,10,1,persuadable
CUST_75450,1977.0,1977.0,0.0,0.0,0,1,1186.2,102,0,2,1,sure_thing
CUST_20382,4133.97,0.0,0.0,0.0,0,0,0.0,32,2,2,0,lost_cause
CUST_14437,1759.56,0.0,0.0,0.0,0,0,0.0,577,6,5,0,persuadable
CUST_80971,6928.91,5543.13,1385.78,0.2,1,1,2771.57,300,7,14,0,persuadable
CUST_74612,2863.3,2863.3,0.0,0.0,0,1,1717.98,115,0,2,1,sure_thing
CUST_71929,3634.01,0.0,0.0,0.0,0,0,0.0,130,4,10,1,persuadable
CUST_22329,7155.31,0.0,0.0,0.0,1,0,0.0,57,0,1,0,lost_cause
CUST_35169,6350.73,0.0,0.0,0.0,1,0,0.0,77,1,4,1,sleeping_dog
CUST_97468,2923.75,2923.75,0.0,0.0,0,1,1754.25,13,0,2,1,sure_thing
CUST_44594,1967.35,0.0,0.0,0.0,0,0,0.0,56,0,1,0,lost_cause
CUST_86957,6151.88,0.0,0.0,0.0,1,0,0.0,17,1,1,0,lost_cause
CUST_70631,4039.57,0.0,0.0,0.0,0,0,0.0,31,2,1,0,lost_cause
CUST_55033,6479.52,0.0,0.0,0.0,0,0,0.0,440,5,7,0,persuadable
CUST_73133,4394.42,3515.54,878.88,0.2,1,1,1757.77,90,0,2,1,sure_thing
CUST_83165,3749.02,2999.22,749.8,0.2,1,1,1499.61,24,1,3,1,sure_thing
CUST_83861,4432.84,0.0,0.0,0.0,1,0,0.0,52,2,2,0,lost_cause
CUST_62290,6365.63,0.0,0.0,0.0,0,0,0.0,424,6,7,0,persuadable
CUST_41750,7364.43,0.0,0.0,0.0,1,0,0.0,37,2,1,0,lost_cause
CUST_50461,1823.49,1641.14,182.35,0.1,1,1,911.74,312,4,9,0,persuadable
CUST_83800,4906.73,4906.73,0.0,0.0,0,1,2944.04,15,1,1,1,sure_thing
CUST_88222,1713.43,0.0,0.0,0.0,0,0,0.0,8,0,1,0,lost_cause
CUST_34226,4544.66,3862.96,681.7,0.15,1,1,2045.1,365,5,14,1,persuadable
CUST_16721,7254.34,6528.91,725.43,0.1,1,1,3627.17,478,3,6,1,persuadable
CUST_66154,3850.34,0.0,0.0,0.0,1,0,0.0,31,2,2,0,lost_cause
CUST_30609,7560.93,0.0,0.0,0.0,0,0,0.0,21,2,1,0,lost_cause
CUST_62130,5598.96,0.0,0.0,0.0,0,0,0.0,20,2,2,0,lost_cause
CUST_82909,7572.01,0.0,0.0,0.0,1,0,0.0,50,1,2,0,lost_cause
CUST_65249,6421.58,0.0,0.0,0.0,0,0,0.0,23,2,2,0,lost_cause
CUST_58895,2172.33,0.0,0.0,0.0,0,0,0.0,9,0,2,0,lost_cause
CUST_15656,3002.48,0.0,0.0,0.0,0,0,0.0,333,6,10,1,persuadable
CUST_84520,4062.11,4062.11,0.0,0.0,0,1,2437.27,18,0,1,1,sure_thing
CUST_73740,2605.69,2084.55,521.14,0.2,1,1,1042.27,348,6,4,0,persuadable
CUST_74309,4716.93,4009.39,707.54,0.15,1,1,2122.62,57,1,2,1,sure_thing
CUST_39984,4563.89,0.0,0.0,0.0,0,0,0.0,48,0,1,0,lost_cause
CUST_83822,7715.68,0.0,0.0,0.0,0,0,0.0,53,0,2,0,lost_cause
CUST_15901,4319.23,0.0,0.0,0.0,0,0,0.0,18,2,1,0,lost_cause
CUST_41552,6606.57,5285.26,1321.31,0.2,1,1,2642.63,68,0,1,1,sure_thing
CUST_41055,7622.42,0.0,0.0,0.0,0,0,0.0,48,2,1,0,lost_cause
CUST_47685,7200.43,0.0,0.0,0.0,0,0,0.0,225,4,13,0,persuadable
CUST_83965,2856.34,0.0,0.0,0.0,1,0,0.0,21,0,2,0,lost_cause
CUST_24716,4724.19,0.0,0.0,0.0,1,0,0.0,34,2,2,0,lost_cause
CUST_21138,3760.31,0.0,0.0,0.0,0,0,0.0,335,7,7,0,persuadable
CUST_45298,4099.08,4099.08,0.0,0.0,0,1,2459.45,38,0,3,1,sure_thing
CUST_61112,3845.24,3460.72,384.52,0.1,1,1,1922.62,38,1,3,1,sure_thing
CUST_33429,6871.33,0.0,0.0,0.0,0,0,0.0,56,1,1,0,lost_cause
CUST_60200,4438.9,0.0,0.0,0.0,1,0,0.0,27,2,2,0,lost_cause
CUST_81308,4904.01,0.0,0.0,0.0,1,0,0.0,48,2,2,0,lost_cause
CUST_58244,7885.91,7885.91,0.0,0.0,0,1,4731.55,86,1,1,1,sure_thing
CUST_27347,1889.87,0.0,0.0,0.0,0,0,0.0,332,6,7,1,persuadable
CUST_26920,4671.72,0.0,0.0,0.0,0,0,0.0,56,1,1,0,lost_cause
CUST_41822,6531.4,0.0,0.0,0.0,0,0,0.0,40,2,1,0,lost_cause
CUST_56659,2482.55,2234.29,248.26,0.1,1,1,1241.27,94,0,1,1,sure_thing
CUST_50108,5474.96,5474.96,0.0,0.0,0,1,3284.98,56,1,3,1,sure_thing
CUST_99099,3056.52,0.0,0.0,0.0,1,0,0.0,50,2,2,0,lost_cause
CUST_17967,7138.13,5710.5,1427.63,0.2,1,1,2855.25,286,4,5,0,persuadable
CUST_21871,3626.15,3082.23,543.92,0.15,1,1,1631.77,521,4,10,0,persuadable
CUST_87452,3638.91,3275.02,363.89,0.1,1,1,1819.46,80,0,1,1,sure_thing
CUST_84270,5388.26,4310.61,1077.65,0.2,1,1,2155.31,440,4,12,1,persuadable
CUST_43613,2693.16,0.0,0.0,0.0,1,0,0.0,14,0,2,0,lost_cause
CUST_38179,3351.78,0.0,0.0,0.0,1,0,0.0,138,3,2,1,sleeping_dog
CUST_62188,4208.11,0.0,0.0,0.0,1,0,0.0,52,2,2,0,lost_cause
CUST_65099,3798.65,0.0,0.0,0.0,0,0,0.0,203,5,9,0,persuadable
CUST_45262,4911.7,3683.78,1227.92,0.25,1,1,1719.1,72,1,3,1,sure_thing
CUST_88213,5397.66,4318.13,1079.53,0.2,1,1,2159.07,247,7,13,0,persuadable
CUST_28268,5183.34,0.0,0.0,0.0,0,0,0.0,201,7,11,0,persuadable
CUST_87866,5752.09,0.0,0.0,0.0,0,0,0.0,32,2,2,0,lost_cause
CUST_96269,3500.37,0.0,0.0,0.0,0,0,0.0,437,3,4,1,persuadable
CUST_70545,2321.77,1857.42,464.35,0.2,1,1,928.71,41,0,1,1,sure_thing
CUST_82146,6445.25,6445.25,0.0,0.0,0,1,3867.15,41,1,3,1,sure_thing
CUST_81966,7030.07,5975.56,1054.51,0.15,1,1,3163.53,379,7,5,0,persuadable
CUST_49922,3170.54,2536.43,634.11,0.2,1,1,1268.21,99,1,3,1,sure_thing
CUST_89364,4146.1,3109.57,1036.53,0.25,1,1,1451.13,58,0,2,1,sure_thing
CUST_52913,4740.7,4740.7,0.0,0.0,0,1,2844.42,231,1,4,1,sleeping_dog
CUST_65677,4966.62,3973.3,993.32,0.2,1,1,1986.65,355,5,4,0,persuadable
CUST_59841,5786.69,4340.02,1446.67,0.25,1,1,2025.34,247,3,5,0,persuadable
CUST_56332,1770.42,0.0,0.0,0.0,1,0,0.0,45,0,2,0,lost_cause
CUST_35032,6189.6,6189.6,0.0,0.0,0,1,3713.76,194,2,4,1,sleeping_dog
CUST_47846,1902.81,0.0,0.0,0.0,0,0,0.0,13,2,1,0,lost_cause
CUST_69474,4543.88,0.0,0.0,0.0,1,0,0.0,37,0,2,0,lost_cause
CUST_54936,6879.86,0.0,0.0,0.0,0,0,0.0,225,4,14,0,persuadable
CUST_39794,4432.9,0.0,0.0,0.0,0,0,0.0,582,5,12,0,persuadable
CUST_71588,2469.08,0.0,0.0,0.0,0,0,0.0,392,7,6,0,persuadable
CUST_80984,7902.72,0.0,0.0,0.0,1,0,0.0,47,2,2,0,lost_cause
CUST_60331,7280.36,0.0,0.0,0.0,0,0,0.0,15,2,2,0,lost_cause
CUST_38141,6513.54,5862.19,651.35,0.1,1,1,3256.77,348,7,13,0,persuadable
CUST_19074,4174.83,4174.83,0.0,0.0,0,1,2504.9,60,0,2,1,sure_thing
CUST_16406,2695.0,0.0,0.0,0.0,1,0,0.0,51,0,2,0,lost_cause
CUST_33291,7619.17,6095.34,1523.83,0.2,1,1,3047.67,39,1,1,1,sure_thing
CUST_51568,4960.28,0.0,0.0,0.0,1,0,0.0,25,2,2,0,lost_cause
CUST_56851,7040.31,0.0,0.0,0.0,0,0,0.0,41,1,2,0,lost_cause
CUST_64823,3723.62,0.0,0.0,0.0,1,0,0.0,22,2,1,0,lost_cause
CUST_33312,3679.37,0.0,0.0,0.0,0,0,0.0,41,2,2,0,lost_cause
CUST_53108,7906.01,0.0,0.0,0.0,1,0,0.0,27,1,2,0,lost_cause
CUST_76918,4891.91,0.0,0.0,0.0,0,0,0.0,564,7,12,1,persuadable
CUST_44171,2414.52,0.0,0.0,0.0,0,0,0.0,34,1,1,0,lost_cause
CUST_51779,2927.89,0.0,0.0,0.0,0,0,0.0,46,2,1,0,lost_cause
CUST_78828,4632.64,4632.64,0.0,0.0,0,1,2779.58,87,1,3,1,sure_thing
CUST_22411,1776.06,1776.06,0.0,0.0,0,1,1065.64,17,0,2,1,sure_thing
CUST_67009,4506.47,3830.5,675.97,0.15,1,1,2027.91,154,3,4,0,persuadable
CUST_25422,4223.12,0.0,0.0,0.0,0,0,0.0,527,7,14,1,persuadable
CUST_52468,6565.69,0.0,0.0,0.0,1,0,0.0,40,1,2,0,lost_cause
CUST_42371,3807.12,0.0,0.0,0.0,0,0,0.0,49,2,2,0,lost_cause
CUST_67022,7886.57,7886.57,0.0,0.0,0,1,4731.94,119,1,2,1,sure_thing
CUST_81229,2675.0,2140.0,535.0,0.2,1,1,1070.0,85,1,3,1,sure_thing
CUST_61196,5341.41,0.0,0.0,0.0,1,0,0.0,184,1,3,1,sleeping_dog
CUST_90354,2083.05,1562.29,520.76,0.25,1,1,729.07,61,1,3,1,sure_thing
CUST_36715,6270.12,0.0,0.0,0.0,0,0,0.0,480,5,11,0,persuadable
CUST_37605,7965.9,0.0,0.0,0.0,0,0,0.0,22,0,1,0,lost_cause
CUST_41174,6824.4,0.0,0.0,0.0,0,0,0.0,263,5,8,0,persuadable
CUST_19956,5112.07,5112.07,0.0,0.0,0,1,3067.24,77,1,1,1,sure_thing
CUST_86373,4650.82,4650.82,0.0,0.0,0,1,2790.49,19,1,1,1,sure_thing
CUST_79252,6927.69,5195.77,1731.92,0.25,1,1,2424.69,105,0,2,1,sure_thing
CUST_71949,7583.83,0.0,0.0,0.0,1,0,0.0,16,2,1,0,lost_cause
CUST_72646,7929.84,0.0,0.0,0.0,0,0,0.0,540,5,10,0,persuadable
CUST_80017,4077.5,4077.5,0.0,0.0,0,1,2446.5,68,1,1,1,sure_thing
CUST_73037,7940.96,0.0,0.0,0.0,0,0,0.0,28,2,2,0,lost_cause
CUST_99818,2513.52,0.0,0.0,0.0,1,0,0.0,52,0,1,0,lost_cause
CUST_16548,3148.07,2675.86,472.21,0.15,1,1,1416.63,83,0,1,1,sure_thing
CUST_83294,2078.6,1558.95,519.65,0.25,1,1,727.51,233,4,12,0,persuadable
CUST_33177,3266.3,0.0,0.0,0.0,1,0,0.0,15,0,2,0,lost_cause
CUST_34022,6491.59,5193.27,1298.32,0.2,1,1,2596.63,569,3,8,0,persuadable
CUST_15542,7044.01,0.0,0.0,0.0,0,0,0.0,204,3,10,1,persuadable
CUST_70428,6562.8,0.0,0.0,0.0,1,0,0.0,24,2,2,0,lost_cause
CUST_32740,5601.93,0.0,0.0,0.0,0,0,0.0,58,0,1,0,lost_cause
CUST_69353,4840.78,0.0,0.0,0.0,1,0,0.0,32,2,2,0,lost_cause
CUST_66532,6106.58,0.0,0.0,0.0,0,0,0.0,7,0,1,0,lost_cause
CUST_26052,4040.42,0.0,0.0,0.0,1,0,0.0,11,2,1,0,lost_cause
CUST_57076,6968.5,5226.38,1742.12,0.25,1,1,2438.98,514,7,5,1,persuadable
CUST_63420,5901.74,0.0,0.0,0.0,1,0,0.0,52,2,2,0,lost_cause
CUST_10671,6035.73,0.0,0.0,0.0,0,0,0.0,125,4,9,0,persuadable
CUST_10163,4983.58,4983.58,0.0,0.0,0,1,2990.15,93,0,3,1,sure_thing
CUST_51424,7253.99,0.0,0.0,0.0,1,0,0.0,9,0,1,0,lost_cause
CUST_63744,3138.1,0.0,0.0,0.0,1,0,0.0,30,2,2,0,lost_cause
CUST_80331,3977.46,0.0,0.0,0.0,0,0,0.0,496,3,13,0,persuadable
CUST_20634,6554.68,0.0,0.0,0.0,1,0,0.0,9,2,1,0,lost_cause
CUST_14798,4702.87,3762.3,940.57,0.2,1,1,1881.15,86,0,1,1,sure_thing
CUST_32420,7279.89,0.0,0.0,0.0,0,0,0.0,525,4,5,0,persuadable
CUST_39300,3751.6,3751.6,0.0,0.0,0,1,2250.96,10,0,1,1,sure_thing
CUST_99881,3900.65,0.0,0.0,0.0,1,0,0.0,27,2,1,0,lost_cause
CUST_20749,7276.78,0.0,0.0,0.0,1,0,0.0,6,1,2,0,lost_cause
CUST_35121,4518.41,0.0,0.0,0.0,0,0,0.0,159,4,8,0,persuadable
CUST_47487,4854.81,0.0,0.0,0.0,1,0,0.0,15,1,1,0,lost_cause
CUST_43361,3662.96,2930.37,732.59,0.2,1,1,1465.19,133,6,5,0,persuadable
CUST_31223,3298.35,0.0,0.0,0.0,0,0,0.0,15,1,1,0,lost_cause
CUST_82930,5763.67,0.0,0.0,0.0,0,0,0.0,233,3,11,0,persuadable
CUST_24056,2278.96,1709.22,569.74,0.25,1,1,797.64,134,7,14,1,persuadable
CUST_38380,7215.27,0.0,0.0,0.0,0,0,0.0,31,2,2,0,lost_cause
CUST_36035,6564.82,0.0,0.0,0.0,0,0,0.0,215,4,10,0,persuadable
CUST_40620,2739.86,2328.88,410.98,0.15,1,1,1232.94,48,1,3,1,sure_thing
CUST_29877,6011.13,0.0,0.0,0.0,0,0,0.0,47,1,1,0,lost_cause
CUST_65316,5417.11,0.0,0.0,0.0,1,0,0.0,233,3,5,1,sleeping_dog
CUST_74041,2699.48,2429.53,269.95,0.1,1,1,1349.74,456,5,12,1,persuadable
CUST_63352,3275.82,3275.82,0.0,0.0,0,1,1965.49,72,0,2,1,sure_thing
CUST_40911,4158.41,3534.65,623.76,0.15,1,1,1871.29,442,4,7,0,persuadable
CUST_42784,6045.08,5440.57,604.51,0.1,1,1,3022.54,430,5,4,1,persuadable
CUST_13191,5651.7,4803.94,847.76,0.15,1,1,2543.26,36,1,2,1,sure_thing
CUST_43160,4959.53,0.0,0.0,0.0,1,0,0.0,30,1,1,0,lost_cause
CUST_74641,6494.67,6494.67,0.0,0.0,0,1,3896.8,222,2,4,1,sleeping_dog
CUST_59723,6426.6,0.0,0.0,0.0,0,0,0.0,192,5,6,1,persuadable
CUST_13631,5516.08,0.0,0.0,0.0,0,0,0.0,290,6,6,0,persuadable
CUST_16172,6615.44,5292.35,1323.09,0.2,1,1,2646.17,510,3,9,0,persuadable
CUST_52080,3672.71,2938.17,734.54,0.2,1,1,1469.09,95,0,3,1,sure_thing
CUST_99097,7228.12,0.0,0.0,0.0,1,0,0.0,55,0,1,0,lost_cause
CUST_30281,5496.92,4122.69,1374.23,0.25,1,1,1923.92,270,6,7,1,persuadable
CUST_38671,6845.36,6160.82,684.54,0.1,1,1,3422.68,361,3,11,1,persuadable
CUST_61431,5050.81,0.0,0.0,0.0,0,0,0.0,21,2,1,0,lost_cause
CUST_38602,2919.85,0.0,0.0,0.0,0,0,0.0,238,4,11,1,persuadable
CUST_98789,5025.67,0.0,0.0,0.0,0,0,0.0,32,2,1,0,lost_cause
CUST_61399,3912.23,3521.01,391.22,0.1,1,1,1956.12,30,0,2,1,sure_thing
CUST_33472,6033.74,0.0,0.0,0.0,0,0,0.0,57,1,1,0,lost_cause
CUST_59230,4592.66,0.0,0.0,0.0,1,0,0.0,13,1,2,0,lost_cause
CUST_83616,6934.73,0.0,0.0,0.0,1,0,0.0,55,0,2,0,lost_cause
CUST_17099,5907.47,5907.47,0.0,0.0,0,1,3544.48,178,3,3,1,sleeping_dog
CUST_35431,5949.54,5949.54,0.0,0.0,0,1,3569.72,62,0,1,1,sure_thing
CUST_66492,2911.51,2183.63,727.88,0.25,1,1,1019.03,144,5,13,0,persuadable
CUST_57684,7897.62,0.0,0.0,0.0,1,0,0.0,30,2,2,0,lost_cause
CUST_40111,6970.89,0.0,0.0,0.0,1,0,0.0,25,1,2,0,lost_cause
CUST_73936,6628.53,0.0,0.0,0.0,0,0,0.0,521,3,11,0,persuadable
CUST_32614,3646.4,3099.44,546.96,0.15,1,1,1640.88,198,6,5,0,persuadable
CUST_51991,4981.61,4981.61,0.0,0.0,0,1,2988.97,10,0,1,1,sure_thing
CUST_80476,2391.17,1793.38,597.79,0.25,1,1,836.91,417,3,7,0,persuadable
CUST_70920,5000.09,4250.08,750.01,0.15,1,1,2250.04,109,0,2,1,sure_thing
CUST_73530,2448.28,0.0,0.0,0.0,1,0,0.0,11,1,1,0,lost_cause
CUST_46224,5094.75,5094.75,0.0,0.0,0,1,3056.85,59,0,2,1,sure_thing
CUST_17788,5716.69,4287.52,1429.17,0.25,1,1,2000.84,81,0,2,1,sure_thing
CUST_38082,4036.27,0.0,0.0,0.0,0,0,0.0,18,1,1,0,lost_cause
CUST_99570,4740.54,0.0,0.0,0.0,0,0,0.0,56,1,1,0,lost_cause
CUST_86816,7191.75,0.0,0.0,0.0,0,0,0.0,10,0,2,0,lost_cause
CUST_93588,2205.66,0.0,0.0,0.0,0,0,0.0,37,2,1,0,lost_cause
CUST_26531,6646.26,0.0,0.0,0.0,0,0,0.0,463,4,6,1,persuadable
CUST_98340,2609.9,0.0,0.0,0.0,0,0,0.0,47,0,1,0,lost_cause
CUST_54857,1738.6,0.0,0.0,0.0,0,0,0.0,300,4,9,1,persuadable
CUST_20142,2706.23,2435.61,270.62,0.1,1,1,1353.12,19,1,1,1,sure_thing
CUST_58355,6472.78,0.0,0.0,0.0,1,0,0.0,42,2,1,0,lost_cause
CUST_19866,4133.32,0.0,0.0,0.0,1,0,0.0,32,1,1,0,lost_cause
CUST_80067,7171.38,6454.24,717.14,0.1,1,1,3585.69,440,4,6,1,persuadable
CUST_74027,4910.6,4174.01,736.59,0.15,1,1,2209.77,481,4,5,0,persuadable
CUST_67906,1644.63,1644.63,0.0,0.0,0,1,986.78,30,0,3,1,sure_thing
CUST_38138,6158.64,5542.78,615.86,0.1,1,1,3079.32,78,0,2,1,sure_thing
CUST_39956,2216.51,1994.86,221.65,0.1,1,1,1108.26,439,3,11,1,persuadable
CUST_86295,6630.97,0.0,0.0,0.0,0,0,0.0,36,1,1,0,lost_cause
CUST_15439,2592.67,2333.4,259.27,0.1,1,1,1296.33,113,0,3,1,sure_thing
CUST_57241,3745.4,0.0,0.0,0.0,1,0,0.0,11,2,1,0,lost_cause
CUST_52533,6448.26,0.0,0.0,0.0,1,0,0.0,58,2,2,0,lost_cause
CUST_38270,7702.5,0.0,0.0,0.0,1,0,0.0,13,2,2,0,lost_cause
CUST_88815,3914.32,0.0,0.0,0.0,1,0,0.0,11,2,2,0,lost_cause
CUST_49279,6891.1,6891.1,0.0,0.0,0,1,4134.66,95,1,2,1,sure_thing
CUST_33888,2740.15,0.0,0.0,0.0,0,0,0.0,489,3,10,0,persuadable
CUST_27630,6746.67,0.0,0.0,0.0,1,0,0.0,48,1,1,0,lost_cause
CUST_71063,5773.71,0.0,0.0,0.0,1,0,0.0,40,0,2,0,lost_cause
CUST_45144,2752.83,0.0,0.0,0.0,1,0,0.0,20,1,1,0,lost_cause
CUST_62161,3466.28,0.0,0.0,0.0,0,0,0.0,363,3,9,0,persuadable
CUST_87360,2356.51,0.0,0.0,0.0,1,0,0.0,42,2,2,0,lost_cause
CUST_60979,3989.29,3590.36,398.93,0.1,1,1,1994.64,72,1,1,1,sure_thing
CUST_16979,2823.72,0.0,0.0,0.0,0,0,0.0,30,2,1,0,lost_cause
CUST_36189,5685.99,0.0,0.0,0.0,1,0,0.0,231,3,3,1,sleeping_dog
CUST_52600,7964.28,6371.42,1592.86,0.2,1,1,3185.71,64,0,1,1,sure_thing
CUST_69560,1578.06,0.0,0.0,0.0,1,0,0.0,12,2,2,0,lost_cause
CUST_88040,5015.98,5015.98,0.0,0.0,0,1,3009.59,94,1,2,1,sure_thing
CUST_71558,5228.83,0.0,0.0,0.0,0,0,0.0,234,7,13,0,persuadable
CUST_96205,7442.36,0.0,0.0,0.0,0,0,0.0,186,5,4,0,persuadable
CUST_16910,4789.03,0.0,0.0,0.0,1,0,0.0,37,2,2,0,lost_cause
CUST_67713,5034.06,0.0,0.0,0.0,0,0,0.0,45,2,1,0,lost_cause
CUST_56857,4565.74,0.0,0.0,0.0,0,0,0.0,11,0,2,0,lost_cause
CUST_44964,3247.88,0.0,0.0,0.0,0,0,0.0,253,3,9,0,persuadable
CUST_95667,1864.19,0.0,0.0,0.0,1,0,0.0,16,1,2,0,lost_cause
CUST_35227,4156.27,4156.27,0.0,0.0,0,1,2493.76,224,3,2,1,sleeping_dog
CUST_15978,1841.84,1381.38,460.46,0.25,1,1,644.64,54,1,3,1,sure_thing
CUST_97527,5078.2,0.0,0.0,0.0,1,0,0.0,195,1,2,1,sleeping_dog
CUST_27153,3497.41,3497.41,0.0,0.0,0,1,2098.45,102,0,1,1,sure_thing
CUST_69765,4968.42,0.0,0.0,0.0,1,0,0.0,44,0,1,0,lost_cause
CUST_49071,2372.93,0.0,0.0,0.0,0,0,0.0,462,7,12,0,persuadable
CUST_79519,7562.09,5671.57,1890.52,0.25,1,1,2646.73,105,0,1,1,sure_thing
CUST_19503,7314.39,0.0,0.0,0.0,0,0,0.0,150,4,6,0,persuadable
CUST_70703,2734.98,0.0,0.0,0.0,0,0,0.0,13,1,1,0,lost_cause
CUST_74379,3732.39,0.0,0.0,0.0,0,0,0.0,169,4,13,1,persuadable
CUST_67866,5487.7,4390.16,1097.54,0.2,1,1,2195.08,66,1,2,1,sure_thing
CUST_26905,2121.96,0.0,0.0,0.0,1,0,0.0,19,0,2,0,lost_cause
