customer_id,transaction_id,purchase_date,channel,campaign_id,product_category,base_value,discount_code,discount_percentage,discount_amount,final_value
CUST_0226,TXN_00000,2026-08-08,Email,CAMP_FLASH,Sports,110.36,NONE,0.0,0.0,110.36
CUST_0339,TXN_00001,2026-08-18,Social,CAMP_FLASH,Fashion,81.25,CART20,0.2,16.25,65.0
CUST_0101,TXN_00002,2026-06-12,Email,CAMP_SEASONAL,Beauty,150.17,NONE,0.0,0.0,150.17
CUST_0322,TXN_00003,2026-06-27,Direct,CAMP_LOYALTY,Fashion,153.52,FLASH25,0.25,38.38,115.14
CUST_0335,TXN_00004,2026-08-16,Direct,CAMP_LOYALTY,Fashion,95.62,NONE,0.0,0.0,95.62
CUST_0356,TXN_00005,2026-08-23,PPC,CAMP_LOYALTY,Electronics,32.61,NONE,0.0,0.0,32.61
CUST_0233,TXN_00006,2026-06-14,Organic,CAMP_SEASONAL,Sports,181.14,SEASONAL30,0.3,54.34,126.8
CUST_0368,TXN_00007,2026-07-06,PPC,CAMP_SEASONAL,Fashion,185.69,NONE,0.0,0.0,185.69
CUST_0380,TXN_00008,2026-06-24,Direct,CAMP_LOYALTY,Home,178.77,CART20,0.2,35.75,143.02
CUST_0225,TXN_00009,2026-07-30,Organic,CAMP_FLASH,Home,94.02,CART20,0.2,18.8,75.22
CUST_0276,TXN_00010,2026-08-10,Social,CAMP_WELCOME,Beauty,167.51,NONE,0.0,0.0,167.51
CUST_0208,TXN_00011,2026-07-07,Email,CAMP_LOYALTY,Beauty,155.25,FLASH25,0.25,38.81,116.44
CUST_0199,TXN_00012,2026-07-12,Direct,CAMP_WELCOME,Home,200.21,SEASONAL30,0.3,60.06,140.15
CUST_0152,TXN_00013,2026-07-07,PPC,CAMP_CART,Sports,98.99,NONE,0.0,0.0,98.99
CUST_0112,TXN_00014,2026-07-17,Direct,CAMP_LOYALTY,Beauty,96.21,FLASH25,0.25,24.05,72.16
CUST_0065,TXN_00015,2026-06-22,Email,CAMP_SEASONAL,Sports,143.24,NONE,0.0,0.0,143.24
CUST_0288,TXN_00016,2026-08-06,Email,CAMP_FLASH,Beauty,128.03,FLASH25,0.25,32.01,96.02
CUST_0167,TXN_00017,2026-07-17,Direct,CAMP_FLASH,Beauty,120.32,CART20,0.2,24.06,96.26
CUST_0129,TXN_00018,2026-07-16,Social,CAMP_WELCOME,Electronics,171.53,WELCOME10,0.1,17.15,154.38
CUST_0386,TXN_00019,2026-08-04,Email,CAMP_CART,Fashion,86.61,LOYALTY15,0.15,12.99,73.62
CUST_0122,TXN_00020,2026-07-01,Organic,CAMP_FLASH,Fashion,197.42,LOYALTY15,0.15,29.61,167.81
CUST_0310,TXN_00021,2026-08-15,Social,CAMP_FLASH,Electronics,198.31,NONE,0.0,0.0,198.31
CUST_0296,TXN_00022,2026-07-12,Direct,CAMP_LOYALTY,Electronics,186.94,NONE,0.0,0.0,186.94
CUST_0303,TXN_00023,2026-06-10,Social,CAMP_WELCOME,Home,147.64,NONE,0.0,0.0,147.64
CUST_0350,TXN_00024,2026-08-24,Organic,CAMP_CART,Beauty,117.44,NONE,0.0,0.0,117.44
CUST_0338,TXN_00025,2026-06-08,Organic,CAMP_WELCOME,Beauty,123.52,SEASONAL30,0.3,37.06,86.46
CUST_0250,TXN_00026,2026-08-10,Direct,CAMP_LOYALTY,Sports,250.32,FLASH25,0.25,62.58,187.74
CUST_0333,TXN_00027,2026-06-22,Direct,CAMP_SEASONAL,Beauty,226.17,NONE,0.0,0.0,226.17
CUST_0374,TXN_00028,2026-07-25,Direct,CAMP_LOYALTY,Beauty,99.45,WELCOME10,0.1,9.94,89.51
CUST_0291,TXN_00029,2026-07-17,Email,CAMP_SEASONAL,Home,113.37,FLASH25,0.25,28.34,85.03
CUST_0093,TXN_00030,2026-06-14,Organic,CAMP_CART,Electronics,88.67,CART20,0.2,17.73,70.94
CUST_0264,TXN_00031,2026-08-19,Social,CAMP_SEASONAL,Beauty,144.02,NONE,0.0,0.0,144.02
CUST_0284,TXN_00032,2026-07-03,Email,CAMP_WELCOME,Home,144.32,FLASH25,0.25,36.08,108.24
CUST_0113,TXN_00033,2026-07-29,Organic,CAMP_CART,Home,55.86,NONE,0.0,0.0,55.86
CUST_0242,TXN_00034,2026-06-20,Organic,CAMP_FLASH,Beauty,92.34,NONE,0.0,0.0,92.34
CUST_0138,TXN_00035,2026-08-14,Social,CAMP_FLASH,Electronics,123.36,LOYALTY15,0.15,18.5,104.86
CUST_0380,TXN_00036,2026-06-29,Organic,CAMP_CART,Sports,49.14,LOYALTY15,0.15,7.37,41.77
CUST_0305,TXN_00037,2026-08-17,Social,CAMP_FLASH,Fashion,119.17,NONE,0.0,0.0,119.17
CUST_0184,TXN_00038,2026-08-24,Email,CAMP_CART,Home,143.98,CART20,0.2,28.8,115.18
CUST_0357,TXN_00039,2026-06-09,Direct,CAMP_WELCOME,Electronics,148.39,NONE,0.0,0.0,148.39
CUST_0293,TXN_00040,2026-07-28,Direct,CAMP_WELCOME,Electronics,126.56,WELCOME10,0.1,12.66,113.9
CUST_0205,TXN_00041,2026-06-17,Email,CAMP_LOYALTY,Fashion,201.32,NONE,0.0,0.0,201.32
CUST_0288,TXN_00042,2026-07-07,PPC,CAMP_CART,Sports,162.03,SEASONAL30,0.3,48.61,113.42
CUST_0115,TXN_00043,2026-07-12,Direct,CAMP_SEASONAL,Home,132.71,NONE,0.0,0.0,132.71
CUST_0301,TXN_00044,2026-08-17,Social,CAMP_LOYALTY,Home,186.86,SEASONAL30,0.3,56.06,130.8
CUST_0338,TXN_00045,2026-08-07,PPC,CAMP_WELCOME,Fashion,137.06,LOYALTY15,0.15,20.56,116.5
CUST_0001,TXN_00046,2026-08-25,Social,CAMP_FLASH,Home,69.41,NONE,0.0,0.0,69.41
CUST_0359,TXN_00047,2026-08-20,Social,CAMP_FLASH,Sports,185.72,NONE,0.0,0.0,185.72
CUST_0338,TXN_00048,2026-06-08,Social,CAMP_FLASH,Fashion,152.13,LOYALTY15,0.15,22.82,129.31
CUST_0036,TXN_00049,2026-06-14,PPC,CAMP_FLASH,Beauty,105.56,CART20,0.2,21.11,84.45
CUST_0063,TXN_00050,2026-06-26,PPC,CAMP_SEASONAL,Beauty,94.07,CART20,0.2,18.81,75.26
CUST_0041,TXN_00051,2026-07-05,Organic,CAMP_CART,Home,149.15,NONE,0.0,0.0,149.15
CUST_0013,TXN_00052,2026-06-17,PPC,CAMP_WELCOME,Home,258.09,NONE,0.0,0.0,258.09
CUST_0295,TXN_00053,2026-06-30,PPC,CAMP_SEASONAL,Home,216.33,LOYALTY15,0.15,32.45,183.88
CUST_0092,TXN_00054,2026-06-30,Organic,CAMP_SEASONAL,Home,198.84,WELCOME10,0.1,19.88,178.96
CUST_0164,TXN_00055,2026-08-09,Organic,CAMP_SEASONAL,Beauty,138.87,NONE,0.0,0.0,138.87
CUST_0147,TXN_00056,2026-07-02,Email,CAMP_FLASH,Home,110.96,WELCOME10,0.1,11.1,99.86
CUST_0165,TXN_00057,2026-06-25,Email,CAMP_CART,Beauty,92.55,FLASH25,0.25,23.14,69.41
CUST_0211,TXN_00058,2026-06-10,Direct,CAMP_WELCOME,Fashion,202.67,FLASH25,0.25,50.67,152.0
CUST_0136,TXN_00059,2026-07-24,Direct,CAMP_SEASONAL,Electronics,162.21,NONE,0.0,0.0,162.21
CUST_0014,TXN_00060,2026-07-21,PPC,CAMP_WELCOME,Sports,214.29,LOYALTY15,0.15,32.14,182.15
CUST_0208,TXN_00061,2026-07-01,Email,CAMP_LOYALTY,Beauty,127.35,WELCOME10,0.1,12.73,114.62
CUST_0366,TXN_00062,2026-06-30,Social,CAMP_SEASONAL,Sports,117.64,FLASH25,0.25,29.41,88.23
CUST_0074,TXN_00063,2026-06-25,Social,CAMP_WELCOME,Home,223.03,SEASONAL30,0.3,66.91,156.12
CUST_0395,TXN_00064,2026-06-26,Organic,CAMP_WELCOME,Home,154.16,NONE,0.0,0.0,154.16
CUST_0371,TXN_00065,2026-06-16,Direct,CAMP_LOYALTY,Beauty,84.84,SEASONAL30,0.3,25.45,59.39
CUST_0275,TXN_00066,2026-07-12,Direct,CAMP_FLASH,Fashion,90.79,NONE,0.0,0.0,90.79
CUST_0357,TXN_00067,2026-07-31,Direct,CAMP_WELCOME,Home,144.86,FLASH25,0.25,36.21,108.65
CUST_0381,TXN_00068,2026-06-27,Email,CAMP_LOYALTY,Sports,20.08,LOYALTY15,0.15,3.01,17.07
CUST_0302,TXN_00069,2026-07-04,Email,CAMP_CART,Beauty,160.56,WELCOME10,0.1,16.06,144.5
CUST_0007,TXN_00070,2026-08-10,Email,CAMP_SEASONAL,Home,130.27,NONE,0.0,0.0,130.27
CUST_0173,TXN_00071,2026-06-07,Email,CAMP_FLASH,Sports,84.35,FLASH25,0.25,21.09,63.26
CUST_0194,TXN_00072,2026-06-28,PPC,CAMP_WELCOME,Sports,214.04,NONE,0.0,0.0,214.04
CUST_0035,TXN_00073,2026-07-31,Email,CAMP_SEASONAL,Electronics,118.06,CART20,0.2,23.61,94.45
CUST_0389,TXN_00074,2026-08-26,Email,CAMP_FLASH,Electronics,65.51,CART20,0.2,13.1,52.41
CUST_0150,TXN_00075,2026-08-11,Social,CAMP_CART,Beauty,56.84,FLASH25,0.25,14.21,42.63
CUST_0289,TXN_00076,2026-07-12,PPC,CAMP_LOYALTY,Beauty,125.6,SEASONAL30,0.3,37.68,87.92
CUST_0298,TXN_00077,2026-06-09,Organic,CAMP_SEASONAL,Home,108.48,FLASH25,0.25,27.12,81.36
CUST_0341,TXN_00078,2026-06-04,PPC,CAMP_LOYALTY,Electronics,239.22,NONE,0.0,0.0,239.22
CUST_0226,TXN_00079,2026-06-15,Organic,CAMP_SEASONAL,Home,145.87,NONE,0.0,0.0,145.87
CUST_0233,TXN_00080,2026-08-16,Social,CAMP_SEASONAL,Sports,160.66,FLASH25,0.25,40.17,120.49
CUST_0183,TXN_00081,2026-06-01,Organic,CAMP_WELCOME,Beauty,109.72,NONE,0.0,0.0,109.72
CUST_0140,TXN_00082,2026-08-23,PPC,CAMP_SEASONAL,Home,249.94,NONE,0.0,0.0,249.94
CUST_0397,TXN_00083,2026-06-13,Organic,CAMP_LOYALTY,Fashion,145.6,NONE,0.0,0.0,145.6
CUST_0317,TXN_00084,2026-06-10,Email,CAMP_WELCOME,Home,139.64,LOYALTY15,0.15,20.95,118.69
CUST_0225,TXN_00085,2026-08-13,Email,CAMP_FLASH,Home,232.32,CART20,0.2,46.46,185.86
CUST_0382,TXN_00086,2026-07-14,PPC,CAMP_CART,Home,108.24,NONE,0.0,0.0,108.24
CUST_0084,TXN_00087,2026-07-23,Organic,CAMP_WELCOME,Beauty,158.64,FLASH25,0.25,39.66,118.98
CUST_0038,TXN_00088,2026-06-04,Direct,CAMP_CART,Home,230.84,NONE,0.0,0.0,230.84
CUST_0046,TXN_00089,2026-08-28,Organic,CAMP_CART,Electronics,250.88,NONE,0.0,0.0,250.88
CUST_0232,TXN_00090,2026-06-09,Organic,CAMP_WELCOME,Fashion,77.99,FLASH25,0.25,19.5,58.49
CUST_0241,TXN_00091,2026-07-19,PPC,CAMP_LOYALTY,Electronics,207.22,SEASONAL30,0.3,62.17,145.05
CUST_0325,TXN_00092,2026-08-15,Social,CAMP_WELCOME,Electronics,193.94,FLASH25,0.25,48.49,145.45
CUST_0155,TXN_00093,2026-08-15,Email,CAMP_LOYALTY,Sports,32.22,NONE,0.0,0.0,32.22
CUST_0069,TXN_00094,2026-06-01,PPC,CAMP_SEASONAL,Sports,99.48,NONE,0.0,0.0,99.48
CUST_0380,TXN_00095,2026-06-07,Email,CAMP_SEASONAL,Sports,174.11,FLASH25,0.25,43.53,130.58
CUST_0208,TXN_00096,2026-08-02,Direct,CAMP_SEASONAL,Fashion,181.33,NONE,0.0,0.0,181.33
CUST_0185,TXN_00097,2026-06-21,Organic,CAMP_WELCOME,Beauty,123.35,CART20,0.2,24.67,98.68
CUST_0141,TXN_00098,2026-07-02,Email,CAMP_LOYALTY,Sports,150.37,NONE,0.0,0.0,150.37
CUST_0010,TXN_00099,2026-07-29,Social,CAMP_CART,Fashion,166.09,CART20,0.2,33.22,132.87
CUST_0035,TXN_00100,2026-07-18,Social,CAMP_CART,Electronics,173.61,LOYALTY15,0.15,26.04,147.57
CUST_0141,TXN_00101,2026-08-11,Social,CAMP_CART,Home,78.7,NONE,0.0,0.0,78.7
CUST_0089,TXN_00102,2026-07-30,PPC,CAMP_FLASH,Electronics,225.07,CART20,0.2,45.01,180.06
CUST_0089,TXN_00103,2026-08-13,Direct,CAMP_CART,Electronics,210.31,NONE,0.0,0.0,210.31
CUST_0381,TXN_00104,2026-08-16,Direct,CAMP_CART,Fashion,195.26,SEASONAL30,0.3,58.58,136.68
CUST_0314,TXN_00105,2026-07-22,Direct,CAMP_WELCOME,Electronics,163.32,SEASONAL30,0.3,49.0,114.32
CUST_0245,TXN_00106,2026-08-20,Email,CAMP_FLASH,Sports,173.28,FLASH25,0.25,43.32,129.96
CUST_0075,TXN_00107,2026-06-11,PPC,CAMP_CART,Home,92.52,CART20,0.2,18.5,74.02
CUST_0195,TXN_00108,2026-06-13,Direct,CAMP_WELCOME,Electronics,207.6,NONE,0.0,0.0,207.6
CUST_0335,TXN_00109,2026-06-20,Social,CAMP_SEASONAL,Beauty,137.72,NONE,0.0,0.0,137.72
CUST_0116,TXN_00110,2026-07-20,Direct,CAMP_FLASH,Home,51.65,WELCOME10,0.1,5.17,46.48
CUST_0191,TXN_00111,2026-06-03,Direct,CAMP_WELCOME,Electronics,193.14,NONE,0.0,0.0,193.14
CUST_0043,TXN_00112,2026-08-13,PPC,CAMP_WELCOME,Sports,160.65,NONE,0.0,0.0,160.65
CUST_0287,TXN_00113,2026-06-05,Email,CAMP_SEASONAL,Home,153.7,NONE,0.0,0.0,153.7
CUST_0340,TXN_00114,2026-08-23,Organic,CAMP_CART,Home,193.77,NONE,0.0,0.0,193.77
CUST_0180,TXN_00115,2026-08-02,Social,CAMP_SEASONAL,Fashion,119.15,SEASONAL30,0.3,35.74,83.41
CUST_0055,TXN_00116,2026-06-17,Social,CAMP_SEASONAL,Sports,98.75,CART20,0.2,19.75,79.0
CUST_0392,TXN_00117,2026-06-12,PPC,CAMP_WELCOME,Sports,196.69,NONE,0.0,0.0,196.69
CUST_0336,TXN_00118,2026-07-17,Organic,CAMP_WELCOME,Fashion,160.78,CART20,0.2,32.16,128.62
CUST_0073,TXN_00119,2026-08-21,Social,CAMP_WELCOME,Electronics,101.9,FLASH25,0.25,25.48,76.42
CUST_0382,TXN_00120,2026-07-13,Organic,CAMP_FLASH,Sports,87.54,LOYALTY15,0.15,13.13,74.41
CUST_0305,TXN_00121,2026-08-10,Social,CAMP_CART,Electronics,129.83,WELCOME10,0.1,12.98,116.85
CUST_0345,TXN_00122,2026-06-13,Direct,CAMP_SEASONAL,Home,191.86,NONE,0.0,0.0,191.86
CUST_0110,TXN_00123,2026-08-15,Organic,CAMP_SEASONAL,Electronics,169.19,NONE,0.0,0.0,169.19
CUST_0145,TXN_00124,2026-07-21,Email,CAMP_LOYALTY,Beauty,107.85,NONE,0.0,0.0,107.85
CUST_0306,TXN_00125,2026-07-22,Social,CAMP_LOYALTY,Home,73.62,LOYALTY15,0.15,11.04,62.58
CUST_0148,TXN_00126,2026-08-07,Social,CAMP_SEASONAL,Sports,136.77,NONE,0.0,0.0,136.77
CUST_0360,TXN_00127,2026-06-05,Organic,CAMP_WELCOME,Beauty,146.04,SEASONAL30,0.3,43.81,102.23
CUST_0379,TXN_00128,2026-07-20,PPC,CAMP_SEASONAL,Sports,150.32,NONE,0.0,0.0,150.32
CUST_0207,TXN_00129,2026-07-07,Organic,CAMP_WELCOME,Beauty,142.81,NONE,0.0,0.0,142.81
CUST_0010,TXN_00130,2026-07-02,Organic,CAMP_WELCOME,Beauty,173.02,NONE,0.0,0.0,173.02
CUST_0054,TXN_00131,2026-07-09,PPC,CAMP_WELCOME,Beauty,132.88,SEASONAL30,0.3,39.86,93.02
CUST_0158,TXN_00132,2026-08-20,PPC,CAMP_WELCOME,Sports,138.97,NONE,0.0,0.0,138.97
CUST_0261,TXN_00133,2026-07-16,Social,CAMP_LOYALTY,Electronics,101.09,CART20,0.2,20.22,80.87
CUST_0074,TXN_00134,2026-08-07,Direct,CAMP_SEASONAL,Sports,138.73,WELCOME10,0.1,13.87,124.86
CUST_0389,TXN_00135,2026-06-08,PPC,CAMP_FLASH,Home,173.93,SEASONAL30,0.3,52.18,121.75
CUST_0077,TXN_00136,2026-06-15,Email,CAMP_FLASH,Sports,82.5,CART20,0.2,16.5,66.0
CUST_0037,TXN_00137,2026-08-25,Email,CAMP_FLASH,Home,162.86,FLASH25,0.25,40.72,122.14
CUST_0039,TXN_00138,2026-06-26,Direct,CAMP_SEASONAL,Sports,46.96,SEASONAL30,0.3,14.09,32.87
CUST_0283,TXN_00139,2026-08-24,Direct,CAMP_CART,Fashion,20.57,NONE,0.0,0.0,20.57
CUST_0164,TXN_00140,2026-07-03,Email,CAMP_FLASH,Electronics,88.73,NONE,0.0,0.0,88.73
CUST_0258,TXN_00141,2026-07-29,Direct,CAMP_SEASONAL,Sports,100.23,WELCOME10,0.1,10.02,90.21
CUST_0267,TXN_00142,2026-07-11,Direct,CAMP_FLASH,Sports,99.65,NONE,0.0,0.0,99.65
CUST_0026,TXN_00143,2026-06-08,Organic,CAMP_WELCOME,Home,106.7,NONE,0.0,0.0,106.7
CUST_0048,TXN_00144,2026-08-10,Organic,CAMP_WELCOME,Sports,89.19,SEASONAL30,0.3,26.76,62.43
CUST_0339,TXN_00145,2026-07-21,Direct,CAMP_LOYALTY,Sports,120.63,CART20,0.2,24.13,96.5
CUST_0362,TXN_00146,2026-08-13,PPC,CAMP_WELCOME,Beauty,183.8,CART20,0.2,36.76,147.04
CUST_0260,TXN_00147,2026-07-21,Social,CAMP_LOYALTY,Home,122.02,CART20,0.2,24.4,97.62
CUST_0392,TXN_00148,2026-07-23,Email,CAMP_CART,Sports,100.72,WELCOME10,0.1,10.07,90.65
CUST_0378,TXN_00149,2026-08-25,Organic,CAMP_CART,Fashion,143.4,NONE,0.0,0.0,143.4
CUST_0305,TXN_00150,2026-06-11,Social,CAMP_SEASONAL,Electronics,116.61,NONE,0.0,0.0,116.61
CUST_0210,TXN_00151,2026-07-04,PPC,CAMP_FLASH,Beauty,162.89,LOYALTY15,0.15,24.43,138.46
CUST_0119,TXN_00152,2026-06-30,Social,CAMP_FLASH,Sports,93.75,NONE,0.0,0.0,93.75
CUST_0225,TXN_00153,2026-07-12,PPC,CAMP_CART,Beauty,129.96,CART20,0.2,25.99,103.97
CUST_0082,TXN_00154,2026-08-23,Direct,CAMP_FLASH,Sports,180.34,CART20,0.2,36.07,144.27
CUST_0052,TXN_00155,2026-06-24,Email,CAMP_FLASH,Electronics,49.73,NONE,0.0,0.0,49.73
CUST_0390,TXN_00156,2026-07-05,Email,CAMP_LOYALTY,Beauty,172.09,NONE,0.0,0.0,172.09
CUST_0178,TXN_00157,2026-07-07,Email,CAMP_SEASONAL,Sports,190.79,NONE,0.0,0.0,190.79
CUST_0191,TXN_00158,2026-07-20,Email,CAMP_FLASH,Fashion,155.84,WELCOME10,0.1,15.58,140.26
CUST_0070,TXN_00159,2026-06-01,Social,CAMP_SEASONAL,Beauty,316.79,FLASH25,0.25,79.2,237.59
CUST_0315,TXN_00160,2026-06-20,PPC,CAMP_CART,Beauty,162.33,LOYALTY15,0.15,24.35,137.98
CUST_0056,TXN_00161,2026-07-30,Organic,CAMP_WELCOME,Electronics,140.74,NONE,0.0,0.0,140.74
CUST_0122,TXN_00162,2026-06-27,PPC,CAMP_CART,Electronics,54.39,WELCOME10,0.1,5.44,48.95
CUST_0323,TXN_00163,2026-07-30,Social,CAMP_FLASH,Beauty,187.19,NONE,0.0,0.0,187.19
CUST_0000,TXN_00164,2026-06-23,Organic,CAMP_WELCOME,Sports,109.36,WELCOME10,0.1,10.94,98.42
CUST_0278,TXN_00165,2026-06-20,Email,CAMP_SEASONAL,Beauty,113.05,SEASONAL30,0.3,33.92,79.13
CUST_0022,TXN_00166,2026-07-15,Email,CAMP_FLASH,Fashion,38.06,WELCOME10,0.1,3.81,34.25
CUST_0375,TXN_00167,2026-08-16,PPC,CAMP_FLASH,Fashion,23.39,NONE,0.0,0.0,23.39
CUST_0022,TXN_00168,2026-06-01,Direct,CAMP_LOYALTY,Fashion,110.03,FLASH25,0.25,27.51,82.52
CUST_0032,TXN_00169,2026-07-02,Email,CAMP_FLASH,Fashion,180.03,NONE,0.0,0.0,180.03
CUST_0022,TXN_00170,2026-06-25,Direct,CAMP_CART,Beauty,169.27,CART20,0.2,33.85,135.42
CUST_0129,TXN_00171,2026-07-24,Organic,CAMP_WELCOME,Home,29.23,LOYALTY15,0.15,4.38,24.85
CUST_0139,TXN_00172,2026-07-04,Direct,CAMP_FLASH,Fashion,177.38,NONE,0.0,0.0,177.38
CUST_0254,TXN_00173,2026-07-13,PPC,CAMP_FLASH,Electronics,177.13,NONE,0.0,0.0,177.13
CUST_0372,TXN_00174,2026-08-06,PPC,CAMP_FLASH,Home,88.07,NONE,0.0,0.0,88.07
CUST_0052,TXN_00175,2026-07-21,Direct,CAMP_CART,Beauty,166.66,CART20,0.2,33.33,133.33
CUST_0085,TXN_00176,2026-06-12,Direct,CAMP_FLASH,Electronics,121.08,CART20,0.2,24.22,96.86
CUST_0038,TXN_00177,2026-07-09,Organic,CAMP_CART,Fashion,92.43,NONE,0.0,0.0,92.43
CUST_0015,TXN_00178,2026-08-25,Social,CAMP_WELCOME,Fashion,186.93,NONE,0.0,0.0,186.93
CUST_0398,TXN_00179,2026-07-11,PPC,CAMP_WELCOME,Sports,198.79,CART20,0.2,39.76,159.03
CUST_0078,TXN_00180,2026-06-17,Social,CAMP_CART,Home,82.19,WELCOME10,0.1,8.22,73.97
CUST_0203,TXN_00181,2026-07-25,Social,CAMP_WELCOME,Electronics,20,NONE,0.0,0.0,20.0
CUST_0376,TXN_00182,2026-08-14,Organic,CAMP_FLASH,Beauty,165.98,NONE,0.0,0.0,165.98
CUST_0109,TXN_00183,2026-07-24,Direct,CAMP_LOYALTY,Electronics,201.13,NONE,0.0,0.0,201.13
CUST_0069,TXN_00184,2026-07-04,Email,CAMP_FLASH,Home,176.32,NONE,0.0,0.0,176.32
CUST_0363,TXN_00185,2026-07-23,Organic,CAMP_LOYALTY,Fashion,91.83,SEASONAL30,0.3,27.55,64.28
CUST_0185,TXN_00186,2026-07-30,Direct,CAMP_WELCOME,Home,112.06,LOYALTY15,0.15,16.81,95.25
CUST_0283,TXN_00187,2026-06-20,Social,CAMP_CART,Electronics,138.46,FLASH25,0.25,34.62,103.84
CUST_0033,TXN_00188,2026-06-23,Direct,CAMP_SEASONAL,Sports,60.87,NONE,0.0,0.0,60.87
CUST_0037,TXN_00189,2026-06-08,Email,CAMP_SEASONAL,Beauty,342.48,CART20,0.2,68.5,273.98
CUST_0348,TXN_00190,2026-06-09,PPC,CAMP_LOYALTY,Fashion,111.34,SEASONAL30,0.3,33.4,77.94
CUST_0221,TXN_00191,2026-08-14,PPC,CAMP_LOYALTY,Home,136.86,WELCOME10,0.1,13.69,123.17
CUST_0084,TXN_00192,2026-07-24,Email,CAMP_FLASH,Fashion,207.51,SEASONAL30,0.3,62.25,145.26
CUST_0325,TXN_00193,2026-07-25,Social,CAMP_FLASH,Sports,249.34,NONE,0.0,0.0,249.34
CUST_0273,TXN_00194,2026-06-16,Social,CAMP_LOYALTY,Sports,205.55,NONE,0.0,0.0,205.55
CUST_0368,TXN_00195,2026-07-17,PPC,CAMP_WELCOME,Electronics,183.6,NONE,0.0,0.0,183.6
CUST_0041,TXN_00196,2026-06-07,Social,CAMP_CART,Beauty,215.58,NONE,0.0,0.0,215.58
CUST_0316,TXN_00197,2026-06-10,PPC,CAMP_FLASH,Home,162.2,FLASH25,0.25,40.55,121.65
CUST_0247,TXN_00198,2026-08-20,Email,CAMP_LOYALTY,Beauty,143.21,FLASH25,0.25,35.8,107.41
CUST_0212,TXN_00199,2026-07-17,PPC,CAMP_LOYALTY,Home,239.77,LOYALTY15,0.15,35.96,203.81
CUST_0367,TXN_00200,2026-08-13,Organic,CAMP_CART,Sports,70.97,FLASH25,0.25,17.74,53.23
CUST_0054,TXN_00201,2026-08-14,Organic,CAMP_SEASONAL,Fashion,288.34,FLASH25,0.25,72.09,216.25
CUST_0072,TXN_00202,2026-07-07,Social,CAMP_LOYALTY,Home,177.37,SEASONAL30,0.3,53.21,124.16
CUST_0295,TXN_00203,2026-08-05,Social,CAMP_SEASONAL,Sports,166.02,NONE,0.0,0.0,166.02
CUST_0239,TXN_00204,2026-06-26,Direct,CAMP_LOYALTY,Fashion,92.76,FLASH25,0.25,23.19,69.57
CUST_0298,TXN_00205,2026-08-23,Organic,CAMP_SEASONAL,Sports,140.37,NONE,0.0,0.0,140.37
CUST_0334,TXN_00206,2026-07-05,Social,CAMP_FLASH,Home,118.89,WELCOME10,0.1,11.89,107.0
CUST_0391,TXN_00207,2026-07-09,Email,CAMP_CART,Sports,100.12,WELCOME10,0.1,10.01,90.11
CUST_0099,TXN_00208,2026-06-20,Organic,CAMP_CART,Sports,110.52,FLASH25,0.25,27.63,82.89
CUST_0060,TXN_00209,2026-07-10,Organic,CAMP_FLASH,Sports,174.51,WELCOME10,0.1,17.45,157.06
CUST_0187,TXN_00210,2026-06-26,Email,CAMP_WELCOME,Electronics,141.14,NONE,0.0,0.0,141.14
CUST_0070,TXN_00211,2026-06-30,PPC,CAMP_SEASONAL,Fashion,103.37,NONE,0.0,0.0,103.37
CUST_0310,TXN_00212,2026-07-20,Social,CAMP_SEASONAL,Sports,163.63,NONE,0.0,0.0,163.63
CUST_0378,TXN_00213,2026-06-15,Organic,CAMP_CART,Sports,121.22,NONE,0.0,0.0,121.22
CUST_0272,TXN_00214,2026-07-13,Organic,CAMP_WELCOME,Beauty,69.38,WELCOME10,0.1,6.94,62.44
CUST_0298,TXN_00215,2026-06-02,Email,CAMP_CART,Beauty,144.51,NONE,0.0,0.0,144.51
CUST_0135,TXN_00216,2026-06-17,Social,CAMP_WELCOME,Sports,234.08,NONE,0.0,0.0,234.08
CUST_0245,TXN_00217,2026-07-12,Social,CAMP_LOYALTY,Electronics,120.25,SEASONAL30,0.3,36.08,84.17
CUST_0293,TXN_00218,2026-07-07,Social,CAMP_SEASONAL,Fashion,165.15,CART20,0.2,33.03,132.12
CUST_0210,TXN_00219,2026-06-30,Email,CAMP_LOYALTY,Sports,131.51,SEASONAL30,0.3,39.45,92.06
CUST_0106,TXN_00220,2026-07-12,Organic,CAMP_LOYALTY,Beauty,20,NONE,0.0,0.0,20.0
CUST_0272,TXN_00221,2026-06-04,Organic,CAMP_CART,Beauty,67.25,CART20,0.2,13.45,53.8
CUST_0098,TXN_00222,2026-07-24,Social,CAMP_SEASONAL,Home,182.9,CART20,0.2,36.58,146.32
CUST_0245,TXN_00223,2026-07-24,Email,CAMP_CART,Sports,128.22,CART20,0.2,25.64,102.58
CUST_0194,TXN_00224,2026-07-23,Email,CAMP_FLASH,Electronics,183.7,LOYALTY15,0.15,27.55,156.15
CUST_0177,TXN_00225,2026-06-07,Organic,CAMP_SEASONAL,Fashion,106.44,NONE,0.0,0.0,106.44
CUST_0103,TXN_00226,2026-08-12,Email,CAMP_CART,Sports,160.58,CART20,0.2,32.12,128.46
CUST_0122,TXN_00227,2026-08-01,Social,CAMP_WELCOME,Electronics,101.4,SEASONAL30,0.3,30.42,70.98
CUST_0211,TXN_00228,2026-08-29,PPC,CAMP_LOYALTY,Beauty,109.94,LOYALTY15,0.15,16.49,93.45
CUST_0334,TXN_00229,2026-06-30,Direct,CAMP_LOYALTY,Home,194.45,NONE,0.0,0.0,194.45
CUST_0164,TXN_00230,2026-06-07,PPC,CAMP_LOYALTY,Sports,135.76,NONE,0.0,0.0,135.76
CUST_0378,TXN_00231,2026-08-25,Social,CAMP_SEASONAL,Fashion,158.73,NONE,0.0,0.0,158.73
CUST_0018,TXN_00232,2026-08-25,Email,CAMP_FLASH,Sports,195.31,CART20,0.2,39.06,156.25
CUST_0308,TXN_00233,2026-07-24,Direct,CAMP_CART,Sports,139.02,CART20,0.2,27.8,111.22
CUST_0252,TXN_00234,2026-07-26,Social,CAMP_WELCOME,Home,162.66,NONE,0.0,0.0,162.66
CUST_0083,TXN_00235,2026-06-08,Organic,CAMP_LOYALTY,Electronics,121.07,NONE,0.0,0.0,121.07
CUST_0377,TXN_00236,2026-08-05,Social,CAMP_CART,Beauty,116.07,NONE,0.0,0.0,116.07
CUST_0218,TXN_00237,2026-08-18,Direct,CAMP_WELCOME,Fashion,179.27,NONE,0.0,0.0,179.27
CUST_0071,TXN_00238,2026-07-30,Direct,CAMP_FLASH,Home,20,FLASH25,0.25,5.0,15.0
CUST_0154,TXN_00239,2026-06-17,Email,CAMP_FLASH,Home,158.2,NONE,0.0,0.0,158.2
CUST_0354,TXN_00240,2026-08-09,Direct,CAMP_CART,Home,147.02,NONE,0.0,0.0,147.02
CUST_0353,TXN_00241,2026-07-13,PPC,CAMP_LOYALTY,Fashion,221.35,CART20,0.2,44.27,177.08
CUST_0068,TXN_00242,2026-07-13,Direct,CAMP_CART,Beauty,79.97,NONE,0.0,0.0,79.97
CUST_0387,TXN_00243,2026-07-29,PPC,CAMP_WELCOME,Sports,148.28,LOYALTY15,0.15,22.24,126.04
CUST_0228,TXN_00244,2026-08-15,Email,CAMP_CART,Sports,88.69,NONE,0.0,0.0,88.69
CUST_0103,TXN_00245,2026-08-08,Organic,CAMP_CART,Beauty,130.82,LOYALTY15,0.15,19.62,111.2
CUST_0059,TXN_00246,2026-07-03,Email,CAMP_SEASONAL,Fashion,102.94,SEASONAL30,0.3,30.88,72.06
CUST_0262,TXN_00247,2026-08-22,PPC,CAMP_SEASONAL,Home,60.87,SEASONAL30,0.3,18.26,42.61
CUST_0370,TXN_00248,2026-06-16,Email,CAMP_WELCOME,Beauty,181.76,LOYALTY15,0.15,27.26,154.5
CUST_0176,TXN_00249,2026-06-21,Email,CAMP_WELCOME,Beauty,145.75,NONE,0.0,0.0,145.75
CUST_0016,TXN_00250,2026-07-13,Direct,CAMP_SEASONAL,Beauty,132.0,FLASH25,0.25,33.0,99.0
CUST_0192,TXN_00251,2026-08-12,Organic,CAMP_WELCOME,Fashion,173.71,SEASONAL30,0.3,52.11,121.6
CUST_0275,TXN_00252,2026-08-29,Email,CAMP_FLASH,Beauty,117.53,NONE,0.0,0.0,117.53
CUST_0344,TXN_00253,2026-07-06,PPC,CAMP_SEASONAL,Fashion,157.87,NONE,0.0,0.0,157.87
CUST_0126,TXN_00254,2026-08-25,Direct,CAMP_CART,Electronics,109.04,WELCOME10,0.1,10.9,98.14
CUST_0123,TXN_00255,2026-06-14,Email,CAMP_SEASONAL,Sports,147.82,WELCOME10,0.1,14.78,133.04
CUST_0344,TXN_00256,2026-07-09,Direct,CAMP_LOYALTY,Sports,134.97,NONE,0.0,0.0,134.97
CUST_0111,TXN_00257,2026-08-22,Social,CAMP_CART,Home,123.37,NONE,0.0,0.0,123.37
CUST_0119,TXN_00258,2026-06-14,Organic,CAMP_LOYALTY,Home,175.83,NONE,0.0,0.0,175.83
CUST_0073,TXN_00259,2026-06-24,Social,CAMP_SEASONAL,Home,58.32,NONE,0.0,0.0,58.32
CUST_0140,TXN_00260,2026-08-07,Direct,CAMP_CART,Beauty,264.26,NONE,0.0,0.0,264.26
CUST_0024,TXN_00261,2026-06-08,Direct,CAMP_CART,Home,190.07,NONE,0.0,0.0,190.07
CUST_0356,TXN_00262,2026-06-30,Social,CAMP_LOYALTY,Home,112.95,SEASONAL30,0.3,33.89,79.06
CUST_0362,TXN_00263,2026-08-22,PPC,CAMP_SEASONAL,Beauty,155.69,FLASH25,0.25,38.92,116.77
CUST_0285,TXN_00264,2026-06-08,Email,CAMP_SEASONAL,Home,86.42,CART20,0.2,17.28,69.14
CUST_0047,TXN_00265,2026-08-23,Organic,CAMP_SEASONAL,Sports,129.78,LOYALTY15,0.15,19.47,110.31
CUST_0308,TXN_00266,2026-06-05,PPC,CAMP_LOYALTY,Beauty,160.73,SEASONAL30,0.3,48.22,112.51
CUST_0106,TXN_00267,2026-07-18,Organic,CAMP_WELCOME,Fashion,145.26,NONE,0.0,0.0,145.26
CUST_0097,TXN_00268,2026-06-29,Social,CAMP_CART,Fashion,166.7,NONE,0.0,0.0,166.7
CUST_0203,TXN_00269,2026-06-20,Organic,CAMP_FLASH,Beauty,133.51,NONE,0.0,0.0,133.51
CUST_0238,TXN_00270,2026-06-27,Direct,CAMP_WELCOME,Beauty,89.26,SEASONAL30,0.3,26.78,62.48
CUST_0389,TXN_00271,2026-07-13,Organic,CAMP_SEASONAL,Electronics,129.11,LOYALTY15,0.15,19.37,109.74
CUST_0288,TXN_00272,2026-06-16,PPC,CAMP_SEASONAL,Home,199.42,SEASONAL30,0.3,59.82,139.6
CUST_0078,TXN_00273,2026-07-12,PPC,CAMP_LOYALTY,Beauty,71.82,LOYALTY15,0.15,10.77,61.05
CUST_0281,TXN_00274,2026-06-28,Direct,CAMP_SEASONAL,Fashion,92.85,NONE,0.0,0.0,92.85
CUST_0375,TXN_00275,2026-08-08,Social,CAMP_CART,Beauty,70.99,NONE,0.0,0.0,70.99
CUST_0094,TXN_00276,2026-08-22,PPC,CAMP_WELCOME,Electronics,199.59,NONE,0.0,0.0,199.59
CUST_0342,TXN_00277,2026-07-08,Social,CAMP_LOYALTY,Electronics,105.71,WELCOME10,0.1,10.57,95.14
CUST_0362,TXN_00278,2026-06-11,PPC,CAMP_SEASONAL,Beauty,162.51,WELCOME10,0.1,16.25,146.26
CUST_0008,TXN_00279,2026-07-08,Email,CAMP_WELCOME,Sports,171.41,SEASONAL30,0.3,51.42,119.99
CUST_0369,TXN_00280,2026-08-07,Email,CAMP_WELCOME,Sports,116.55,FLASH25,0.25,29.14,87.41
CUST_0076,TXN_00281,2026-06-23,Organic,CAMP_FLASH,Home,289.66,SEASONAL30,0.3,86.9,202.76
CUST_0203,TXN_00282,2026-07-29,Social,CAMP_FLASH,Electronics,262.37,NONE,0.0,0.0,262.37
CUST_0334,TXN_00283,2026-06-07,Email,CAMP_WELCOME,Beauty,206.29,NONE,0.0,0.0,206.29
CUST_0194,TXN_00284,2026-08-19,Direct,CAMP_SEASONAL,Home,95.19,LOYALTY15,0.15,14.28,80.91
CUST_0289,TXN_00285,2026-08-17,PPC,CAMP_WELCOME,Fashion,183.61,NONE,0.0,0.0,183.61
CUST_0108,TXN_00286,2026-08-24,Email,CAMP_FLASH,Sports,208.71,CART20,0.2,41.74,166.97
CUST_0288,TXN_00287,2026-08-07,Organic,CAMP_WELCOME,Fashion,90.91,NONE,0.0,0.0,90.91
CUST_0300,TXN_00288,2026-08-20,Organic,CAMP_LOYALTY,Sports,202.91,NONE,0.0,0.0,202.91
CUST_0123,TXN_00289,2026-06-04,PPC,CAMP_FLASH,Beauty,220.25,FLASH25,0.25,55.06,165.19
CUST_0386,TXN_00290,2026-08-19,PPC,CAMP_FLASH,Electronics,133.74,NONE,0.0,0.0,133.74
CUST_0050,TXN_00291,2026-07-17,PPC,CAMP_CART,Sports,42.96,WELCOME10,0.1,4.3,38.66
CUST_0203,TXN_00292,2026-07-03,Direct,CAMP_LOYALTY,Home,187.96,NONE,0.0,0.0,187.96
CUST_0283,TXN_00293,2026-07-05,Social,CAMP_CART,Beauty,130.51,NONE,0.0,0.0,130.51
CUST_0043,TXN_00294,2026-08-19,Organic,CAMP_LOYALTY,Beauty,146.39,WELCOME10,0.1,14.64,131.75
CUST_0364,TXN_00295,2026-08-10,Direct,CAMP_FLASH,Home,94.42,NONE,0.0,0.0,94.42
CUST_0054,TXN_00296,2026-08-16,Social,CAMP_WELCOME,Fashion,250.46,CART20,0.2,50.09,200.37
CUST_0220,TXN_00297,2026-06-19,PPC,CAMP_SEASONAL,Electronics,211.59,NONE,0.0,0.0,211.59
CUST_0013,TXN_00298,2026-07-19,Direct,CAMP_WELCOME,Home,199.12,NONE,0.0,0.0,199.12
CUST_0211,TXN_00299,2026-06-19,Social,CAMP_CART,Sports,177.32,WELCOME10,0.1,17.73,159.59
CUST_0086,TXN_00300,2026-06-27,Social,CAMP_WELCOME,Fashion,126.75,CART20,0.2,25.35,101.4
CUST_0222,TXN_00301,2026-06-29,Email,CAMP_FLASH,Home,109.21,CART20,0.2,21.84,87.37
CUST_0126,TXN_00302,2026-07-02,Email,CAMP_LOYALTY,Home,128.3,NONE,0.0,0.0,128.3
CUST_0003,TXN_00303,2026-07-18,PPC,CAMP_SEASONAL,Home,76.71,NONE,0.0,0.0,76.71
CUST_0225,TXN_00304,2026-06-14,Social,CAMP_FLASH,Home,88.67,NONE,0.0,0.0,88.67
CUST_0308,TXN_00305,2026-08-04,Direct,CAMP_FLASH,Fashion,227.12,NONE,0.0,0.0,227.12
CUST_0203,TXN_00306,2026-06-28,PPC,CAMP_LOYALTY,Home,184.78,NONE,0.0,0.0,184.78
CUST_0192,TXN_00307,2026-07-10,Organic,CAMP_WELCOME,Sports,131.09,NONE,0.0,0.0,131.09
CUST_0102,TXN_00308,2026-08-26,Direct,CAMP_LOYALTY,Beauty,82.19,SEASONAL30,0.3,24.66,57.53
CUST_0149,TXN_00309,2026-08-21,Direct,CAMP_SEASONAL,Fashion,102.17,NONE,0.0,0.0,102.17
CUST_0324,TXN_00310,2026-07-12,Email,CAMP_SEASONAL,Sports,126.32,FLASH25,0.25,31.58,94.74
CUST_0245,TXN_00311,2026-06-26,Direct,CAMP_CART,Electronics,179.69,SEASONAL30,0.3,53.91,125.78
CUST_0184,TXN_00312,2026-08-16,Social,CAMP_FLASH,Fashion,109.9,WELCOME10,0.1,10.99,98.91
CUST_0331,TXN_00313,2026-06-08,Direct,CAMP_FLASH,Beauty,44.01,SEASONAL30,0.3,13.2,30.81
CUST_0054,TXN_00314,2026-06-19,PPC,CAMP_CART,Fashion,182.47,SEASONAL30,0.3,54.74,127.73
CUST_0228,TXN_00315,2026-07-01,PPC,CAMP_CART,Fashion,142.82,NONE,0.0,0.0,142.82
CUST_0176,TXN_00316,2026-08-19,Email,CAMP_LOYALTY,Home,203.15,NONE,0.0,0.0,203.15
CUST_0159,TXN_00317,2026-08-03,PPC,CAMP_SEASONAL,Home,139.09,NONE,0.0,0.0,139.09
CUST_0243,TXN_00318,2026-08-21,Organic,CAMP_WELCOME,Electronics,211.96,NONE,0.0,0.0,211.96
CUST_0011,TXN_00319,2026-06-08,Email,CAMP_LOYALTY,Fashion,190.66,NONE,0.0,0.0,190.66
CUST_0264,TXN_00320,2026-07-31,Direct,CAMP_LOYALTY,Fashion,154.85,FLASH25,0.25,38.71,116.14
CUST_0327,TXN_00321,2026-07-10,Email,CAMP_CART,Fashion,168.9,NONE,0.0,0.0,168.9
CUST_0230,TXN_00322,2026-08-03,Organic,CAMP_WELCOME,Sports,94.33,NONE,0.0,0.0,94.33
CUST_0052,TXN_00323,2026-06-22,Social,CAMP_FLASH,Home,110.12,NONE,0.0,0.0,110.12
CUST_0100,TXN_00324,2026-06-23,Organic,CAMP_CART,Beauty,98.61,NONE,0.0,0.0,98.61
CUST_0312,TXN_00325,2026-08-15,Organic,CAMP_FLASH,Beauty,151.31,NONE,0.0,0.0,151.31
CUST_0316,TXN_00326,2026-06-12,PPC,CAMP_WELCOME,Fashion,178.5,NONE,0.0,0.0,178.5
CUST_0160,TXN_00327,2026-08-15,Social,CAMP_FLASH,Fashion,212.74,CART20,0.2,42.55,170.19
CUST_0261,TXN_00328,2026-07-06,Social,CAMP_SEASONAL,Sports,83.37,NONE,0.0,0.0,83.37
CUST_0355,TXN_00329,2026-08-07,PPC,CAMP_LOYALTY,Beauty,187.78,NONE,0.0,0.0,187.78
CUST_0147,TXN_00330,2026-07-15,Email,CAMP_SEASONAL,Fashion,170.4,WELCOME10,0.1,17.04,153.36
CUST_0099,TXN_00331,2026-06-19,PPC,CAMP_SEASONAL,Beauty,176.89,NONE,0.0,0.0,176.89
CUST_0350,TXN_00332,2026-08-08,Email,CAMP_CART,Electronics,53.56,NONE,0.0,0.0,53.56
CUST_0389,TXN_00333,2026-07-25,Social,CAMP_CART,Home,144.5,WELCOME10,0.1,14.45,130.05
CUST_0086,TXN_00334,2026-06-27,PPC,CAMP_CART,Electronics,153.63,NONE,0.0,0.0,153.63
CUST_0293,TXN_00335,2026-07-14,PPC,CAMP_WELCOME,Beauty,70.29,SEASONAL30,0.3,21.09,49.2
CUST_0279,TXN_00336,2026-07-22,Email,CAMP_SEASONAL,Home,151.37,LOYALTY15,0.15,22.7,128.67
CUST_0178,TXN_00337,2026-08-18,Direct,CAMP_WELCOME,Fashion,196.75,NONE,0.0,0.0,196.75
CUST_0107,TXN_00338,2026-06-10,Direct,CAMP_LOYALTY,Sports,167.26,SEASONAL30,0.3,50.18,117.08
CUST_0071,TXN_00339,2026-08-03,Email,CAMP_CART,Home,72.03,NONE,0.0,0.0,72.03
CUST_0272,TXN_00340,2026-07-23,PPC,CAMP_FLASH,Sports,126.72,CART20,0.2,25.34,101.38
CUST_0347,TXN_00341,2026-08-12,Direct,CAMP_WELCOME,Home,207.12,NONE,0.0,0.0,207.12
CUST_0335,TXN_00342,2026-07-29,Direct,CAMP_SEASONAL,Fashion,217.06,CART20,0.2,43.41,173.65
CUST_0295,TXN_00343,2026-07-12,Direct,CAMP_WELCOME,Electronics,218.91,FLASH25,0.25,54.73,164.18
CUST_0206,TXN_00344,2026-07-13,Direct,CAMP_SEASONAL,Home,95.8,NONE,0.0,0.0,95.8
CUST_0297,TXN_00345,2026-07-02,Organic,CAMP_WELCOME,Sports,135.65,WELCOME10,0.1,13.56,122.09
CUST_0203,TXN_00346,2026-07-19,Organic,CAMP_FLASH,Sports,151.7,CART20,0.2,30.34,121.36
CUST_0295,TXN_00347,2026-07-17,Email,CAMP_WELCOME,Electronics,197.1,FLASH25,0.25,49.27,147.83
CUST_0320,TXN_00348,2026-07-04,Direct,CAMP_WELCOME,Beauty,152.9,LOYALTY15,0.15,22.93,129.97
CUST_0103,TXN_00349,2026-08-13,Organic,CAMP_LOYALTY,Home,80.36,NONE,0.0,0.0,80.36
CUST_0047,TXN_00350,2026-08-23,Direct,CAMP_FLASH,Fashion,116.44,LOYALTY15,0.15,17.47,98.97
CUST_0219,TXN_00351,2026-08-17,Email,CAMP_LOYALTY,Beauty,105.52,NONE,0.0,0.0,105.52
CUST_0039,TXN_00352,2026-08-28,Email,CAMP_FLASH,Electronics,166.47,NONE,0.0,0.0,166.47
CUST_0216,TXN_00353,2026-06-29,Email,CAMP_LOYALTY,Beauty,169.17,NONE,0.0,0.0,169.17
CUST_0045,TXN_00354,2026-07-22,Social,CAMP_SEASONAL,Fashion,136.92,NONE,0.0,0.0,136.92
CUST_0328,TXN_00355,2026-08-11,Email,CAMP_CART,Sports,114.62,NONE,0.0,0.0,114.62
CUST_0004,TXN_00356,2026-06-10,Social,CAMP_SEASONAL,Sports,114.67,LOYALTY15,0.15,17.2,97.47
CUST_0351,TXN_00357,2026-08-18,Email,CAMP_LOYALTY,Electronics,118.96,LOYALTY15,0.15,17.84,101.12
CUST_0301,TXN_00358,2026-07-29,Organic,CAMP_WELCOME,Fashion,133.59,LOYALTY15,0.15,20.04,113.55
CUST_0283,TXN_00359,2026-07-24,Email,CAMP_FLASH,Fashion,89.21,SEASONAL30,0.3,26.76,62.45
CUST_0265,TXN_00360,2026-07-30,Direct,CAMP_SEASONAL,Electronics,112.17,WELCOME10,0.1,11.22,100.95
CUST_0123,TXN_00361,2026-08-20,PPC,CAMP_WELCOME,Home,117.86,SEASONAL30,0.3,35.36,82.5
CUST_0162,TXN_00362,2026-07-14,PPC,CAMP_LOYALTY,Beauty,213.77,NONE,0.0,0.0,213.77
CUST_0394,TXN_00363,2026-08-21,Email,CAMP_FLASH,Fashion,220.55,SEASONAL30,0.3,66.16,154.39
CUST_0020,TXN_00364,2026-06-10,PPC,CAMP_SEASONAL,Beauty,258.49,CART20,0.2,51.7,206.79
CUST_0359,TXN_00365,2026-06-22,PPC,CAMP_LOYALTY,Home,77.34,SEASONAL30,0.3,23.2,54.14
CUST_0042,TXN_00366,2026-06-22,Organic,CAMP_SEASONAL,Sports,115.81,LOYALTY15,0.15,17.37,98.44
CUST_0324,TXN_00367,2026-06-07,Email,CAMP_FLASH,Beauty,201.21,NONE,0.0,0.0,201.21
CUST_0373,TXN_00368,2026-08-15,Direct,CAMP_CART,Sports,178.89,FLASH25,0.25,44.72,134.17
CUST_0028,TXN_00369,2026-08-14,Email,CAMP_LOYALTY,Electronics,128.28,LOYALTY15,0.15,19.24,109.04
CUST_0083,TXN_00370,2026-07-27,Social,CAMP_FLASH,Fashion,89.26,NONE,0.0,0.0,89.26
CUST_0383,TXN_00371,2026-07-26,Email,CAMP_WELCOME,Home,141.14,NONE,0.0,0.0,141.14
CUST_0219,TXN_00372,2026-06-17,Email,CAMP_SEASONAL,Beauty,137.25,NONE,0.0,0.0,137.25
CUST_0261,TXN_00373,2026-06-18,Social,CAMP_FLASH,Fashion,159.79,FLASH25,0.25,39.95,119.84
CUST_0130,TXN_00374,2026-08-15,Social,CAMP_CART,Electronics,157.03,NONE,0.0,0.0,157.03
CUST_0022,TXN_00375,2026-08-28,Social,CAMP_WELCOME,Beauty,24.66,NONE,0.0,0.0,24.66
CUST_0186,TXN_00376,2026-08-25,PPC,CAMP_SEASONAL,Fashion,116.74,NONE,0.0,0.0,116.74
CUST_0164,TXN_00377,2026-07-26,Email,CAMP_CART,Home,161.04,CART20,0.2,32.21,128.83
CUST_0061,TXN_00378,2026-08-24,Direct,CAMP_WELCOME,Beauty,21.48,SEASONAL30,0.3,6.44,15.04
CUST_0144,TXN_00379,2026-07-21,Organic,CAMP_WELCOME,Sports,138.48,NONE,0.0,0.0,138.48
CUST_0233,TXN_00380,2026-06-11,Social,CAMP_SEASONAL,Home,176.77,CART20,0.2,35.35,141.42
CUST_0302,TXN_00381,2026-08-04,PPC,CAMP_LOYALTY,Fashion,141.84,NONE,0.0,0.0,141.84
CUST_0003,TXN_00382,2026-06-09,Email,CAMP_FLASH,Electronics,151.02,NONE,0.0,0.0,151.02
CUST_0388,TXN_00383,2026-07-21,Email,CAMP_LOYALTY,Sports,135.01,NONE,0.0,0.0,135.01
CUST_0121,TXN_00384,2026-08-11,Organic,CAMP_WELCOME,Electronics,20,NONE,0.0,0.0,20.0
CUST_0118,TXN_00385,2026-06-24,Direct,CAMP_FLASH,Beauty,207.68,NONE,0.0,0.0,207.68
CUST_0382,TXN_00386,2026-08-20,PPC,CAMP_CART,Electronics,161.23,FLASH25,0.25,40.31,120.92
CUST_0222,TXN_00387,2026-08-13,Social,CAMP_FLASH,Home,152.54,NONE,0.0,0.0,152.54
CUST_0161,TXN_00388,2026-07-20,Direct,CAMP_FLASH,Fashion,189.13,CART20,0.2,37.83,151.3
CUST_0038,TXN_00389,2026-08-12,PPC,CAMP_WELCOME,Fashion,115.37,NONE,0.0,0.0,115.37
CUST_0054,TXN_00390,2026-07-15,Social,CAMP_SEASONAL,Home,171.57,SEASONAL30,0.3,51.47,120.1
CUST_0237,TXN_00391,2026-08-14,Email,CAMP_LOYALTY,Home,192.91,NONE,0.0,0.0,192.91
CUST_0360,TXN_00392,2026-08-11,Email,CAMP_LOYALTY,Home,134.83,CART20,0.2,26.97,107.86
CUST_0202,TXN_00393,2026-07-27,Social,CAMP_WELCOME,Beauty,125.09,CART20,0.2,25.02,100.07
CUST_0231,TXN_00394,2026-08-12,Email,CAMP_WELCOME,Electronics,74.74,WELCOME10,0.1,7.47,67.27
CUST_0399,TXN_00395,2026-08-13,Social,CAMP_SEASONAL,Home,116.06,NONE,0.0,0.0,116.06
CUST_0351,TXN_00396,2026-08-20,Email,CAMP_WELCOME,Fashion,85.95,CART20,0.2,17.19,68.76
CUST_0330,TXN_00397,2026-08-18,Organic,CAMP_WELCOME,Electronics,82.22,LOYALTY15,0.15,12.33,69.89
CUST_0236,TXN_00398,2026-07-10,Direct,CAMP_WELCOME,Beauty,258.64,NONE,0.0,0.0,258.64
CUST_0349,TXN_00399,2026-08-02,Social,CAMP_FLASH,Home,179.07,CART20,0.2,35.81,143.26
CUST_0228,TXN_00400,2026-07-29,Organic,CAMP_SEASONAL,Beauty,150.86,NONE,0.0,0.0,150.86
CUST_0281,TXN_00401,2026-08-18,Organic,CAMP_SEASONAL,Fashion,130.23,NONE,0.0,0.0,130.23
CUST_0214,TXN_00402,2026-06-10,PPC,CAMP_WELCOME,Beauty,175.69,NONE,0.0,0.0,175.69
CUST_0365,TXN_00403,2026-06-28,Organic,CAMP_CART,Sports,248.59,SEASONAL30,0.3,74.58,174.01
CUST_0164,TXN_00404,2026-08-26,Organic,CAMP_WELCOME,Beauty,113.54,LOYALTY15,0.15,17.03,96.51
CUST_0271,TXN_00405,2026-07-31,Social,CAMP_WELCOME,Fashion,162.34,SEASONAL30,0.3,48.7,113.64
CUST_0336,TXN_00406,2026-08-22,Social,CAMP_CART,Beauty,143.77,NONE,0.0,0.0,143.77
CUST_0181,TXN_00407,2026-08-07,Social,CAMP_LOYALTY,Sports,207.83,NONE,0.0,0.0,207.83
CUST_0162,TXN_00408,2026-08-26,Organic,CAMP_CART,Sports,169.42,NONE,0.0,0.0,169.42
CUST_0072,TXN_00409,2026-08-05,Direct,CAMP_CART,Home,60.18,NONE,0.0,0.0,60.18
CUST_0089,TXN_00410,2026-08-27,PPC,CAMP_SEASONAL,Electronics,116.12,LOYALTY15,0.15,17.42,98.7
CUST_0169,TXN_00411,2026-08-04,Social,CAMP_FLASH,Fashion,141.44,NONE,0.0,0.0,141.44
CUST_0165,TXN_00412,2026-08-11,Email,CAMP_CART,Home,168.94,NONE,0.0,0.0,168.94
CUST_0037,TXN_00413,2026-06-15,Email,CAMP_FLASH,Home,151.37,FLASH25,0.25,37.84,113.53
CUST_0165,TXN_00414,2026-06-09,Direct,CAMP_FLASH,Fashion,161.07,NONE,0.0,0.0,161.07
CUST_0362,TXN_00415,2026-06-02,PPC,CAMP_FLASH,Fashion,164.35,NONE,0.0,0.0,164.35
CUST_0340,TXN_00416,2026-08-13,Social,CAMP_WELCOME,Sports,111.04,CART20,0.2,22.21,88.83
CUST_0200,TXN_00417,2026-06-18,Email,CAMP_LOYALTY,Sports,121.89,NONE,0.0,0.0,121.89
CUST_0162,TXN_00418,2026-08-16,Direct,CAMP_LOYALTY,Home,266.64,SEASONAL30,0.3,79.99,186.65
CUST_0381,TXN_00419,2026-07-20,Social,CAMP_WELCOME,Home,71.45,CART20,0.2,14.29,57.16
CUST_0228,TXN_00420,2026-07-16,Organic,CAMP_WELCOME,Electronics,177.64,NONE,0.0,0.0,177.64
CUST_0024,TXN_00421,2026-08-08,Direct,CAMP_SEASONAL,Beauty,142.7,FLASH25,0.25,35.67,107.03
CUST_0179,TXN_00422,2026-06-07,Social,CAMP_LOYALTY,Beauty,115.62,SEASONAL30,0.3,34.69,80.93
CUST_0037,TXN_00423,2026-07-23,Email,CAMP_FLASH,Home,132.75,WELCOME10,0.1,13.27,119.48
CUST_0053,TXN_00424,2026-06-20,Email,CAMP_FLASH,Sports,170.0,WELCOME10,0.1,17.0,153.0
CUST_0314,TXN_00425,2026-08-26,Direct,CAMP_LOYALTY,Sports,155.1,NONE,0.0,0.0,155.1
CUST_0222,TXN_00426,2026-07-08,PPC,CAMP_CART,Home,154.01,LOYALTY15,0.15,23.1,130.91
CUST_0338,TXN_00427,2026-08-17,Email,CAMP_SEASONAL,Sports,161.21,LOYALTY15,0.15,24.18,137.03
CUST_0281,TXN_00428,2026-07-06,Email,CAMP_FLASH,Sports,156.99,NONE,0.0,0.0,156.99
CUST_0245,TXN_00429,2026-08-03,Social,CAMP_FLASH,Electronics,113.17,WELCOME10,0.1,11.32,101.85
CUST_0242,TXN_00430,2026-06-06,Organic,CAMP_WELCOME,Sports,166.24,FLASH25,0.25,41.56,124.68
CUST_0198,TXN_00431,2026-07-13,Social,CAMP_SEASONAL,Electronics,100.73,FLASH25,0.25,25.18,75.55
CUST_0134,TXN_00432,2026-06-18,Email,CAMP_LOYALTY,Electronics,100.04,NONE,0.0,0.0,100.04
CUST_0043,TXN_00433,2026-06-21,Direct,CAMP_CART,Fashion,155.9,NONE,0.0,0.0,155.9
CUST_0283,TXN_00434,2026-06-03,Direct,CAMP_CART,Fashion,190.48,SEASONAL30,0.3,57.14,133.34
CUST_0243,TXN_00435,2026-08-25,PPC,CAMP_CART,Sports,160.35,FLASH25,0.25,40.09,120.26
CUST_0292,TXN_00436,2026-08-07,Social,CAMP_LOYALTY,Fashion,106.34,FLASH25,0.25,26.59,79.75
CUST_0064,TXN_00437,2026-06-03,Direct,CAMP_LOYALTY,Fashion,71.26,WELCOME10,0.1,7.13,64.13
CUST_0304,TXN_00438,2026-08-21,Email,CAMP_SEASONAL,Sports,134.01,NONE,0.0,0.0,134.01
CUST_0203,TXN_00439,2026-07-25,PPC,CAMP_SEASONAL,Electronics,260.77,NONE,0.0,0.0,260.77
CUST_0358,TXN_00440,2026-07-07,Social,CAMP_LOYALTY,Sports,92.14,NONE,0.0,0.0,92.14
CUST_0301,TXN_00441,2026-08-16,PPC,CAMP_WELCOME,Home,93.29,WELCOME10,0.1,9.33,83.96
CUST_0274,TXN_00442,2026-06-07,Direct,CAMP_CART,Sports,222.29,NONE,0.0,0.0,222.29
CUST_0242,TXN_00443,2026-07-09,Social,CAMP_CART,Sports,62.86,CART20,0.2,12.57,50.29
CUST_0348,TXN_00444,2026-07-18,Social,CAMP_WELCOME,Beauty,134.64,NONE,0.0,0.0,134.64
CUST_0137,TXN_00445,2026-08-27,Organic,CAMP_FLASH,Home,125.49,NONE,0.0,0.0,125.49
CUST_0143,TXN_00446,2026-07-31,Social,CAMP_FLASH,Beauty,199.89,NONE,0.0,0.0,199.89
CUST_0396,TXN_00447,2026-07-26,Direct,CAMP_CART,Electronics,49.26,NONE,0.0,0.0,49.26
CUST_0096,TXN_00448,2026-06-28,PPC,CAMP_FLASH,Electronics,26.4,NONE,0.0,0.0,26.4
CUST_0263,TXN_00449,2026-08-21,Organic,CAMP_CART,Beauty,183.57,NONE,0.0,0.0,183.57
CUST_0069,TXN_00450,2026-08-05,Social,CAMP_WELCOME,Fashion,152.78,LOYALTY15,0.15,22.92,129.86
CUST_0016,TXN_00451,2026-07-14,Social,CAMP_FLASH,Home,74.19,NONE,0.0,0.0,74.19
CUST_0237,TXN_00452,2026-07-30,Organic,CAMP_SEASONAL,Sports,61.91,WELCOME10,0.1,6.19,55.72
CUST_0228,TXN_00453,2026-06-15,PPC,CAMP_FLASH,Home,137.48,FLASH25,0.25,34.37,103.11
CUST_0083,TXN_00454,2026-08-18,Organic,CAMP_WELCOME,Beauty,162.27,NONE,0.0,0.0,162.27
CUST_0025,TXN_00455,2026-08-02,Social,CAMP_LOYALTY,Fashion,103.74,SEASONAL30,0.3,31.12,72.62
CUST_0137,TXN_00456,2026-06-03,Email,CAMP_SEASONAL,Fashion,101.74,NONE,0.0,0.0,101.74
CUST_0331,TXN_00457,2026-08-01,Organic,CAMP_CART,Home,86.22,WELCOME10,0.1,8.62,77.6
CUST_0364,TXN_00458,2026-07-16,Direct,CAMP_FLASH,Fashion,217.22,FLASH25,0.25,54.31,162.91
CUST_0238,TXN_00459,2026-06-11,Direct,CAMP_CART,Electronics,123.77,SEASONAL30,0.3,37.13,86.64
CUST_0003,TXN_00460,2026-07-13,PPC,CAMP_CART,Sports,59.16,NONE,0.0,0.0,59.16
CUST_0144,TXN_00461,2026-06-29,Email,CAMP_FLASH,Home,134.14,WELCOME10,0.1,13.41,120.73
CUST_0327,TXN_00462,2026-06-07,Organic,CAMP_LOYALTY,Fashion,119.86,NONE,0.0,0.0,119.86
CUST_0264,TXN_00463,2026-06-14,Direct,CAMP_FLASH,Fashion,179.44,WELCOME10,0.1,17.94,161.5
CUST_0369,TXN_00464,2026-07-09,Direct,CAMP_WELCOME,Sports,203.69,FLASH25,0.25,50.92,152.77
CUST_0362,TXN_00465,2026-08-05,Organic,CAMP_LOYALTY,Sports,150.27,NONE,0.0,0.0,150.27
CUST_0326,TXN_00466,2026-06-26,Organic,CAMP_LOYALTY,Sports,166.05,NONE,0.0,0.0,166.05
CUST_0092,TXN_00467,2026-08-13,Organic,CAMP_CART,Fashion,23.12,FLASH25,0.25,5.78,17.34
CUST_0348,TXN_00468,2026-07-21,Direct,CAMP_FLASH,Home,204.74,LOYALTY15,0.15,30.71,174.03
CUST_0133,TXN_00469,2026-07-01,Email,CAMP_SEASONAL,Electronics,92.71,NONE,0.0,0.0,92.71
CUST_0324,TXN_00470,2026-06-26,Email,CAMP_SEASONAL,Sports,25.63,LOYALTY15,0.15,3.84,21.79
CUST_0152,TXN_00471,2026-08-12,Social,CAMP_FLASH,Beauty,73.74,LOYALTY15,0.15,11.06,62.68
CUST_0291,TXN_00472,2026-08-19,Direct,CAMP_FLASH,Fashion,266.33,LOYALTY15,0.15,39.95,226.38
CUST_0160,TXN_00473,2026-08-29,Direct,CAMP_FLASH,Fashion,39.24,NONE,0.0,0.0,39.24
CUST_0389,TXN_00474,2026-08-13,PPC,CAMP_SEASONAL,Beauty,150.62,WELCOME10,0.1,15.06,135.56
CUST_0206,TXN_00475,2026-07-11,Email,CAMP_WELCOME,Sports,68.71,FLASH25,0.25,17.18,51.53
CUST_0102,TXN_00476,2026-06-23,Social,CAMP_WELCOME,Electronics,123.68,NONE,0.0,0.0,123.68
CUST_0320,TXN_00477,2026-08-01,Organic,CAMP_FLASH,Fashion,20,NONE,0.0,0.0,20.0
CUST_0052,TXN_00478,2026-07-22,Organic,CAMP_SEASONAL,Sports,85.45,WELCOME10,0.1,8.55,76.9
CUST_0305,TXN_00479,2026-07-05,Social,CAMP_FLASH,Beauty,188.98,NONE,0.0,0.0,188.98
CUST_0183,TXN_00480,2026-07-09,Email,CAMP_LOYALTY,Fashion,140.02,NONE,0.0,0.0,140.02
CUST_0372,TXN_00481,2026-08-02,Email,CAMP_CART,Sports,106.98,NONE,0.0,0.0,106.98
CUST_0086,TXN_00482,2026-07-12,Organic,CAMP_CART,Sports,201.99,NONE,0.0,0.0,201.99
CUST_0024,TXN_00483,2026-08-23,Email,CAMP_WELCOME,Electronics,200.58,NONE,0.0,0.0,200.58
CUST_0353,TXN_00484,2026-06-30,Social,CAMP_LOYALTY,Electronics,184.53,CART20,0.2,36.91,147.62
CUST_0154,TXN_00485,2026-08-17,PPC,CAMP_FLASH,Sports,179.65,NONE,0.0,0.0,179.65
CUST_0310,TXN_00486,2026-06-25,PPC,CAMP_WELCOME,Home,122.54,NONE,0.0,0.0,122.54
CUST_0058,TXN_00487,2026-06-27,Social,CAMP_CART,Fashion,85.42,NONE,0.0,0.0,85.42
CUST_0398,TXN_00488,2026-07-23,Social,CAMP_WELCOME,Sports,134.54,FLASH25,0.25,33.64,100.9
CUST_0254,TXN_00489,2026-06-02,Direct,CAMP_FLASH,Fashion,206.71,NONE,0.0,0.0,206.71
CUST_0001,TXN_00490,2026-06-05,Direct,CAMP_LOYALTY,Electronics,163.67,SEASONAL30,0.3,49.1,114.57
CUST_0399,TXN_00491,2026-07-28,Social,CAMP_SEASONAL,Home,141.9,WELCOME10,0.1,14.19,127.71
CUST_0135,TXN_00492,2026-07-23,Organic,CAMP_FLASH,Beauty,115.41,WELCOME10,0.1,11.54,103.87
CUST_0378,TXN_00493,2026-08-28,Social,CAMP_LOYALTY,Home,145.61,WELCOME10,0.1,14.56,131.05
CUST_0183,TXN_00494,2026-08-18,Organic,CAMP_FLASH,Fashion,248.01,NONE,0.0,0.0,248.01
CUST_0058,TXN_00495,2026-07-02,Organic,CAMP_SEASONAL,Beauty,55.7,NONE,0.0,0.0,55.7
CUST_0215,TXN_00496,2026-08-09,Email,CAMP_SEASONAL,Sports,81.7,WELCOME10,0.1,8.17,73.53
CUST_0247,TXN_00497,2026-06-04,Direct,CAMP_LOYALTY,Sports,60.97,NONE,0.0,0.0,60.97
CUST_0194,TXN_00498,2026-08-13,Direct,CAMP_SEASONAL,Electronics,153.78,NONE,0.0,0.0,153.78
CUST_0210,TXN_00499,2026-07-27,Organic,CAMP_WELCOME,Sports,65.65,WELCOME10,0.1,6.56,59.09
CUST_0392,TXN_00500,2026-06-24,PPC,CAMP_CART,Electronics,136.47,CART20,0.2,27.29,109.18
CUST_0221,TXN_00501,2026-07-29,Direct,CAMP_FLASH,Beauty,51.85,NONE,0.0,0.0,51.85
CUST_0076,TXN_00502,2026-08-23,Email,CAMP_LOYALTY,Sports,177.32,NONE,0.0,0.0,177.32
CUST_0240,TXN_00503,2026-08-08,Email,CAMP_SEASONAL,Home,80.4,NONE,0.0,0.0,80.4
CUST_0123,TXN_00504,2026-06-08,Direct,CAMP_SEASONAL,Fashion,118.39,SEASONAL30,0.3,35.52,82.87
CUST_0040,TXN_00505,2026-07-03,Email,CAMP_SEASONAL,Beauty,178.79,SEASONAL30,0.3,53.64,125.15
CUST_0161,TXN_00506,2026-07-09,Direct,CAMP_WELCOME,Sports,187.38,WELCOME10,0.1,18.74,168.64
CUST_0281,TXN_00507,2026-06-13,PPC,CAMP_FLASH,Sports,183.78,WELCOME10,0.1,18.38,165.4
CUST_0287,TXN_00508,2026-07-14,Email,CAMP_LOYALTY,Beauty,161.98,NONE,0.0,0.0,161.98
CUST_0169,TXN_00509,2026-06-11,PPC,CAMP_SEASONAL,Home,219.07,NONE,0.0,0.0,219.07
CUST_0366,TXN_00510,2026-08-29,Organic,CAMP_FLASH,Home,116.2,NONE,0.0,0.0,116.2
CUST_0280,TXN_00511,2026-08-24,Social,CAMP_SEASONAL,Fashion,147.32,WELCOME10,0.1,14.73,132.59
CUST_0367,TXN_00512,2026-08-05,Email,CAMP_SEASONAL,Fashion,137.35,LOYALTY15,0.15,20.6,116.75
CUST_0234,TXN_00513,2026-08-05,Organic,CAMP_WELCOME,Beauty,83.63,NONE,0.0,0.0,83.63
CUST_0023,TXN_00514,2026-07-03,Direct,CAMP_CART,Sports,233.9,NONE,0.0,0.0,233.9
CUST_0068,TXN_00515,2026-08-29,PPC,CAMP_WELCOME,Sports,93.36,NONE,0.0,0.0,93.36
CUST_0221,TXN_00516,2026-06-02,PPC,CAMP_LOYALTY,Fashion,173.45,LOYALTY15,0.15,26.02,147.43
CUST_0053,TXN_00517,2026-06-13,Organic,CAMP_CART,Beauty,86.41,SEASONAL30,0.3,25.92,60.49
CUST_0214,TXN_00518,2026-07-25,Direct,CAMP_FLASH,Home,261.38,NONE,0.0,0.0,261.38
CUST_0231,TXN_00519,2026-08-12,Direct,CAMP_CART,Sports,124.28,NONE,0.0,0.0,124.28
CUST_0153,TXN_00520,2026-06-10,Social,CAMP_LOYALTY,Fashion,178.25,SEASONAL30,0.3,53.48,124.77
CUST_0319,TXN_00521,2026-06-03,Organic,CAMP_LOYALTY,Fashion,82.22,NONE,0.0,0.0,82.22
CUST_0257,TXN_00522,2026-07-15,PPC,CAMP_SEASONAL,Sports,64.49,NONE,0.0,0.0,64.49
CUST_0292,TXN_00523,2026-07-07,PPC,CAMP_FLASH,Beauty,119.35,NONE,0.0,0.0,119.35
CUST_0006,TXN_00524,2026-08-04,Organic,CAMP_LOYALTY,Home,127.68,WELCOME10,0.1,12.77,114.91
CUST_0349,TXN_00525,2026-06-02,Organic,CAMP_LOYALTY,Sports,138.23,WELCOME10,0.1,13.82,124.41
CUST_0016,TXN_00526,2026-06-04,PPC,CAMP_LOYALTY,Sports,101.9,NONE,0.0,0.0,101.9
CUST_0199,TXN_00527,2026-06-02,Email,CAMP_SEASONAL,Beauty,186.84,CART20,0.2,37.37,149.47
CUST_0213,TXN_00528,2026-08-23,Email,CAMP_FLASH,Fashion,284.55,SEASONAL30,0.3,85.36,199.19
CUST_0317,TXN_00529,2026-07-04,Social,CAMP_FLASH,Sports,99.68,NONE,0.0,0.0,99.68
CUST_0279,TXN_00530,2026-07-23,Direct,CAMP_LOYALTY,Electronics,137.36,LOYALTY15,0.15,20.6,116.76
CUST_0095,TXN_00531,2026-06-25,Email,CAMP_SEASONAL,Electronics,103.72,NONE,0.0,0.0,103.72
CUST_0219,TXN_00532,2026-08-29,Organic,CAMP_SEASONAL,Fashion,132.16,CART20,0.2,26.43,105.73
CUST_0020,TXN_00533,2026-06-14,Email,CAMP_CART,Home,182.37,CART20,0.2,36.47,145.9
CUST_0251,TXN_00534,2026-06-23,Social,CAMP_LOYALTY,Sports,157.25,CART20,0.2,31.45,125.8
CUST_0034,TXN_00535,2026-08-09,Direct,CAMP_CART,Sports,72.65,NONE,0.0,0.0,72.65
CUST_0206,TXN_00536,2026-07-18,Organic,CAMP_FLASH,Fashion,172.58,CART20,0.2,34.52,138.06
CUST_0385,TXN_00537,2026-06-19,Email,CAMP_WELCOME,Home,161.24,FLASH25,0.25,40.31,120.93
CUST_0228,TXN_00538,2026-07-29,Email,CAMP_FLASH,Beauty,144.78,NONE,0.0,0.0,144.78
CUST_0058,TXN_00539,2026-06-21,Organic,CAMP_WELCOME,Sports,218.72,NONE,0.0,0.0,218.72
CUST_0394,TXN_00540,2026-08-24,Organic,CAMP_LOYALTY,Home,69.94,NONE,0.0,0.0,69.94
CUST_0263,TXN_00541,2026-08-08,PPC,CAMP_CART,Electronics,210.1,WELCOME10,0.1,21.01,189.09
CUST_0320,TXN_00542,2026-06-03,Direct,CAMP_WELCOME,Fashion,215.1,NONE,0.0,0.0,215.1
CUST_0275,TXN_00543,2026-07-05,Email,CAMP_LOYALTY,Electronics,172.76,NONE,0.0,0.0,172.76
CUST_0235,TXN_00544,2026-07-28,PPC,CAMP_WELCOME,Sports,136.84,LOYALTY15,0.15,20.53,116.31
CUST_0116,TXN_00545,2026-07-08,Direct,CAMP_SEASONAL,Beauty,125.04,NONE,0.0,0.0,125.04
CUST_0221,TXN_00546,2026-06-08,PPC,CAMP_WELCOME,Sports,117.86,WELCOME10,0.1,11.79,106.07
CUST_0023,TXN_00547,2026-08-20,Organic,CAMP_CART,Electronics,189.95,NONE,0.0,0.0,189.95
CUST_0148,TXN_00548,2026-07-12,Direct,CAMP_WELCOME,Beauty,150.7,FLASH25,0.25,37.68,113.02
CUST_0080,TXN_00549,2026-07-10,PPC,CAMP_FLASH,Fashion,94.67,LOYALTY15,0.15,14.2,80.47
CUST_0152,TXN_00550,2026-06-08,Organic,CAMP_WELCOME,Sports,86.23,NONE,0.0,0.0,86.23
CUST_0284,TXN_00551,2026-08-29,PPC,CAMP_CART,Beauty,30.62,WELCOME10,0.1,3.06,27.56
CUST_0275,TXN_00552,2026-08-02,Direct,CAMP_CART,Fashion,117.83,CART20,0.2,23.57,94.26
CUST_0082,TXN_00553,2026-07-28,Social,CAMP_WELCOME,Fashion,133.17,SEASONAL30,0.3,39.95,93.22
CUST_0343,TXN_00554,2026-06-20,Direct,CAMP_CART,Electronics,173.02,NONE,0.0,0.0,173.02
CUST_0148,TXN_00555,2026-07-28,Email,CAMP_LOYALTY,Sports,37.63,NONE,0.0,0.0,37.63
CUST_0249,TXN_00556,2026-07-30,Email,CAMP_FLASH,Sports,189.32,NONE,0.0,0.0,189.32
CUST_0035,TXN_00557,2026-07-20,Direct,CAMP_SEASONAL,Home,124.5,NONE,0.0,0.0,124.5
CUST_0315,TXN_00558,2026-07-14,Organic,CAMP_SEASONAL,Fashion,94.42,SEASONAL30,0.3,28.33,66.09
CUST_0002,TXN_00559,2026-06-08,Direct,CAMP_FLASH,Home,68.75,LOYALTY15,0.15,10.31,58.44
CUST_0068,TXN_00560,2026-07-15,Organic,CAMP_SEASONAL,Sports,118.86,FLASH25,0.25,29.72,89.14
CUST_0055,TXN_00561,2026-08-19,Organic,CAMP_LOYALTY,Sports,95.39,SEASONAL30,0.3,28.62,66.77
CUST_0100,TXN_00562,2026-08-27,PPC,CAMP_WELCOME,Sports,130.47,WELCOME10,0.1,13.05,117.42
CUST_0296,TXN_00563,2026-08-02,Email,CAMP_CART,Home,254.3,SEASONAL30,0.3,76.29,178.01
CUST_0278,TXN_00564,2026-08-10,Organic,CAMP_SEASONAL,Fashion,193.87,NONE,0.0,0.0,193.87
CUST_0395,TXN_00565,2026-08-12,Direct,CAMP_CART,Sports,97.67,CART20,0.2,19.53,78.14
CUST_0046,TXN_00566,2026-06-12,Social,CAMP_CART,Fashion,88.23,NONE,0.0,0.0,88.23
CUST_0228,TXN_00567,2026-06-18,Social,CAMP_SEASONAL,Home,179.24,SEASONAL30,0.3,53.77,125.47
CUST_0020,TXN_00568,2026-07-31,Email,CAMP_LOYALTY,Sports,152.38,CART20,0.2,30.48,121.9
CUST_0184,TXN_00569,2026-08-24,Email,CAMP_FLASH,Electronics,202.39,FLASH25,0.25,50.6,151.79
CUST_0360,TXN_00570,2026-06-16,PPC,CAMP_CART,Fashion,216.41,CART20,0.2,43.28,173.13
CUST_0192,TXN_00571,2026-07-14,PPC,CAMP_WELCOME,Sports,124.65,NONE,0.0,0.0,124.65
CUST_0128,TXN_00572,2026-07-15,Organic,CAMP_SEASONAL,Beauty,54.48,NONE,0.0,0.0,54.48
CUST_0309,TXN_00573,2026-07-04,Social,CAMP_LOYALTY,Electronics,224.1,LOYALTY15,0.15,33.61,190.49
CUST_0263,TXN_00574,2026-06-13,Email,CAMP_LOYALTY,Beauty,116.47,CART20,0.2,23.29,93.18
CUST_0169,TXN_00575,2026-06-29,Direct,CAMP_SEASONAL,Fashion,110.26,NONE,0.0,0.0,110.26
CUST_0302,TXN_00576,2026-08-13,PPC,CAMP_CART,Fashion,195.1,WELCOME10,0.1,19.51,175.59
CUST_0068,TXN_00577,2026-06-17,Social,CAMP_WELCOME,Fashion,228.35,WELCOME10,0.1,22.83,205.52
CUST_0132,TXN_00578,2026-06-18,Email,CAMP_FLASH,Electronics,198.6,NONE,0.0,0.0,198.6
CUST_0110,TXN_00579,2026-06-30,Direct,CAMP_LOYALTY,Fashion,108.95,NONE,0.0,0.0,108.95
CUST_0210,TXN_00580,2026-08-06,PPC,CAMP_CART,Home,61.13,NONE,0.0,0.0,61.13
CUST_0085,TXN_00581,2026-07-17,Direct,CAMP_CART,Sports,82.06,NONE,0.0,0.0,82.06
CUST_0035,TXN_00582,2026-06-24,PPC,CAMP_SEASONAL,Fashion,146.87,LOYALTY15,0.15,22.03,124.84
CUST_0310,TXN_00583,2026-06-12,PPC,CAMP_WELCOME,Sports,193.84,FLASH25,0.25,48.46,145.38
CUST_0257,TXN_00584,2026-06-13,PPC,CAMP_WELCOME,Beauty,140.36,NONE,0.0,0.0,140.36
CUST_0267,TXN_00585,2026-08-24,PPC,CAMP_SEASONAL,Fashion,115.68,NONE,0.0,0.0,115.68
CUST_0246,TXN_00586,2026-06-01,PPC,CAMP_WELCOME,Beauty,153.26,NONE,0.0,0.0,153.26
CUST_0068,TXN_00587,2026-08-19,Organic,CAMP_CART,Sports,87.77,LOYALTY15,0.15,13.16,74.61
CUST_0209,TXN_00588,2026-08-29,PPC,CAMP_CART,Electronics,139.72,NONE,0.0,0.0,139.72
CUST_0266,TXN_00589,2026-06-02,Organic,CAMP_SEASONAL,Home,145.75,LOYALTY15,0.15,21.86,123.89
CUST_0054,TXN_00590,2026-07-06,PPC,CAMP_FLASH,Sports,184.98,SEASONAL30,0.3,55.5,129.48
CUST_0141,TXN_00591,2026-07-10,Social,CAMP_SEASONAL,Sports,205.99,NONE,0.0,0.0,205.99
CUST_0285,TXN_00592,2026-07-28,Organic,CAMP_CART,Home,87.43,NONE,0.0,0.0,87.43
CUST_0396,TXN_00593,2026-08-12,Email,CAMP_LOYALTY,Beauty,145.81,NONE,0.0,0.0,145.81
CUST_0358,TXN_00594,2026-07-17,PPC,CAMP_CART,Electronics,164.01,NONE,0.0,0.0,164.01
CUST_0082,TXN_00595,2026-08-18,Social,CAMP_SEASONAL,Sports,132.07,WELCOME10,0.1,13.21,118.86
CUST_0222,TXN_00596,2026-08-25,Direct,CAMP_SEASONAL,Sports,176.55,SEASONAL30,0.3,52.97,123.58
CUST_0335,TXN_00597,2026-06-14,Email,CAMP_LOYALTY,Beauty,162.6,NONE,0.0,0.0,162.6
CUST_0224,TXN_00598,2026-06-24,Organic,CAMP_LOYALTY,Electronics,247.0,NONE,0.0,0.0,247.0
CUST_0306,TXN_00599,2026-06-12,Social,CAMP_WELCOME,Home,147.21,LOYALTY15,0.15,22.08,125.13
CUST_0122,TXN_00600,2026-07-09,Organic,CAMP_SEASONAL,Beauty,55.75,CART20,0.2,11.15,44.6
CUST_0300,TXN_00601,2026-08-21,Email,CAMP_CART,Home,20,WELCOME10,0.1,2.0,18.0
CUST_0371,TXN_00602,2026-08-01,PPC,CAMP_LOYALTY,Beauty,198.68,CART20,0.2,39.74,158.94
CUST_0206,TXN_00603,2026-08-07,Direct,CAMP_CART,Electronics,32.89,CART20,0.2,6.58,26.31
CUST_0286,TXN_00604,2026-06-25,Organic,CAMP_CART,Sports,181.25,NONE,0.0,0.0,181.25
CUST_0128,TXN_00605,2026-07-12,PPC,CAMP_SEASONAL,Fashion,160.17,NONE,0.0,0.0,160.17
CUST_0387,TXN_00606,2026-06-15,Email,CAMP_SEASONAL,Electronics,89.22,NONE,0.0,0.0,89.22
CUST_0132,TXN_00607,2026-06-04,Social,CAMP_FLASH,Beauty,220.39,LOYALTY15,0.15,33.06,187.33
CUST_0180,TXN_00608,2026-07-24,Email,CAMP_SEASONAL,Home,132.35,LOYALTY15,0.15,19.85,112.5
CUST_0038,TXN_00609,2026-08-07,Direct,CAMP_FLASH,Home,139.2,NONE,0.0,0.0,139.2
CUST_0111,TXN_00610,2026-06-03,Social,CAMP_SEASONAL,Fashion,174.29,NONE,0.0,0.0,174.29
CUST_0120,TXN_00611,2026-08-03,Social,CAMP_LOYALTY,Fashion,113.16,CART20,0.2,22.63,90.53
CUST_0316,TXN_00612,2026-06-04,Direct,CAMP_CART,Electronics,80.95,WELCOME10,0.1,8.09,72.86
CUST_0391,TXN_00613,2026-08-24,Direct,CAMP_FLASH,Sports,215.13,NONE,0.0,0.0,215.13
CUST_0161,TXN_00614,2026-07-25,Direct,CAMP_LOYALTY,Sports,20,NONE,0.0,0.0,20.0
CUST_0143,TXN_00615,2026-08-13,Email,CAMP_CART,Beauty,147.69,SEASONAL30,0.3,44.31,103.38
CUST_0244,TXN_00616,2026-06-03,Social,CAMP_SEASONAL,Electronics,153.15,NONE,0.0,0.0,153.15
CUST_0357,TXN_00617,2026-06-02,Email,CAMP_WELCOME,Fashion,134.76,CART20,0.2,26.95,107.81
CUST_0194,TXN_00618,2026-08-06,PPC,CAMP_FLASH,Fashion,97.38,CART20,0.2,19.48,77.9
CUST_0137,TXN_00619,2026-07-17,Organic,CAMP_LOYALTY,Beauty,116.22,SEASONAL30,0.3,34.87,81.35
CUST_0217,TXN_00620,2026-07-25,Direct,CAMP_LOYALTY,Sports,160.97,FLASH25,0.25,40.24,120.73
CUST_0067,TXN_00621,2026-06-03,Social,CAMP_WELCOME,Home,222.82,NONE,0.0,0.0,222.82
CUST_0120,TXN_00622,2026-06-30,Email,CAMP_LOYALTY,Beauty,38.14,LOYALTY15,0.15,5.72,32.42
CUST_0255,TXN_00623,2026-06-22,Organic,CAMP_SEASONAL,Home,103.08,SEASONAL30,0.3,30.93,72.15
CUST_0128,TXN_00624,2026-08-22,Social,CAMP_FLASH,Beauty,74.12,LOYALTY15,0.15,11.12,63.0
CUST_0322,TXN_00625,2026-07-27,Organic,CAMP_FLASH,Sports,112.89,CART20,0.2,22.58,90.31
CUST_0285,TXN_00626,2026-07-16,PPC,CAMP_LOYALTY,Sports,178.63,WELCOME10,0.1,17.86,160.77
CUST_0294,TXN_00627,2026-08-07,Organic,CAMP_FLASH,Home,122.37,SEASONAL30,0.3,36.71,85.66
CUST_0344,TXN_00628,2026-07-12,PPC,CAMP_FLASH,Beauty,45.24,WELCOME10,0.1,4.52,40.72
CUST_0323,TXN_00629,2026-08-08,Organic,CAMP_SEASONAL,Sports,133.77,NONE,0.0,0.0,133.77
CUST_0292,TXN_00630,2026-07-31,Organic,CAMP_FLASH,Home,40.93,CART20,0.2,8.19,32.74
CUST_0363,TXN_00631,2026-07-26,Direct,CAMP_FLASH,Sports,207.53,FLASH25,0.25,51.88,155.65
CUST_0266,TXN_00632,2026-08-13,Social,CAMP_FLASH,Electronics,195.53,WELCOME10,0.1,19.55,175.98
CUST_0107,TXN_00633,2026-08-17,Email,CAMP_SEASONAL,Sports,127.78,WELCOME10,0.1,12.78,115.0
CUST_0027,TXN_00634,2026-08-19,Email,CAMP_FLASH,Sports,194.56,NONE,0.0,0.0,194.56
CUST_0079,TXN_00635,2026-07-21,Social,CAMP_LOYALTY,Home,149.12,FLASH25,0.25,37.28,111.84
CUST_0226,TXN_00636,2026-08-26,Email,CAMP_FLASH,Home,119.56,NONE,0.0,0.0,119.56
CUST_0243,TXN_00637,2026-06-21,Organic,CAMP_CART,Beauty,119.18,NONE,0.0,0.0,119.18
CUST_0069,TXN_00638,2026-07-02,PPC,CAMP_SEASONAL,Sports,223.51,SEASONAL30,0.3,67.05,156.46
CUST_0327,TXN_00639,2026-07-21,Organic,CAMP_SEASONAL,Sports,123.82,NONE,0.0,0.0,123.82
CUST_0116,TXN_00640,2026-08-10,Organic,CAMP_WELCOME,Electronics,160.02,CART20,0.2,32.0,128.02
CUST_0267,TXN_00641,2026-08-12,Organic,CAMP_FLASH,Beauty,84.08,NONE,0.0,0.0,84.08
CUST_0273,TXN_00642,2026-06-29,Organic,CAMP_WELCOME,Beauty,264.09,NONE,0.0,0.0,264.09
CUST_0149,TXN_00643,2026-06-20,Organic,CAMP_LOYALTY,Beauty,146.49,WELCOME10,0.1,14.65,131.84
CUST_0287,TXN_00644,2026-06-08,Direct,CAMP_SEASONAL,Fashion,101.51,NONE,0.0,0.0,101.51
CUST_0134,TXN_00645,2026-06-24,PPC,CAMP_FLASH,Home,156.06,LOYALTY15,0.15,23.41,132.65
CUST_0332,TXN_00646,2026-08-06,Social,CAMP_FLASH,Electronics,135.56,WELCOME10,0.1,13.56,122.0
CUST_0326,TXN_00647,2026-07-26,PPC,CAMP_SEASONAL,Fashion,40.05,FLASH25,0.25,10.01,30.04
CUST_0164,TXN_00648,2026-08-06,Email,CAMP_FLASH,Home,157.42,NONE,0.0,0.0,157.42
CUST_0064,TXN_00649,2026-07-31,Email,CAMP_LOYALTY,Electronics,142.13,WELCOME10,0.1,14.21,127.92
CUST_0252,TXN_00650,2026-06-27,Organic,CAMP_SEASONAL,Electronics,151.76,NONE,0.0,0.0,151.76
CUST_0169,TXN_00651,2026-08-22,Organic,CAMP_SEASONAL,Electronics,196.21,LOYALTY15,0.15,29.43,166.78
CUST_0278,TXN_00652,2026-07-12,Email,CAMP_WELCOME,Fashion,104.7,NONE,0.0,0.0,104.7
CUST_0197,TXN_00653,2026-07-04,Social,CAMP_WELCOME,Fashion,146.7,NONE,0.0,0.0,146.7
CUST_0235,TXN_00654,2026-08-03,Direct,CAMP_SEASONAL,Home,137.75,NONE,0.0,0.0,137.75
CUST_0165,TXN_00655,2026-06-20,PPC,CAMP_WELCOME,Home,115.67,WELCOME10,0.1,11.57,104.1
CUST_0246,TXN_00656,2026-06-05,Social,CAMP_WELCOME,Fashion,116.4,NONE,0.0,0.0,116.4
CUST_0324,TXN_00657,2026-08-28,Social,CAMP_FLASH,Sports,112.01,NONE,0.0,0.0,112.01
CUST_0061,TXN_00658,2026-06-16,Direct,CAMP_CART,Fashion,107.44,NONE,0.0,0.0,107.44
CUST_0190,TXN_00659,2026-07-29,Social,CAMP_SEASONAL,Electronics,164.99,NONE,0.0,0.0,164.99
CUST_0351,TXN_00660,2026-06-10,Email,CAMP_WELCOME,Home,46.59,NONE,0.0,0.0,46.59
CUST_0330,TXN_00661,2026-08-16,Social,CAMP_SEASONAL,Fashion,53.76,SEASONAL30,0.3,16.13,37.63
CUST_0162,TXN_00662,2026-07-04,Social,CAMP_WELCOME,Beauty,236.31,NONE,0.0,0.0,236.31
CUST_0183,TXN_00663,2026-07-28,Email,CAMP_SEASONAL,Beauty,128.86,NONE,0.0,0.0,128.86
CUST_0286,TXN_00664,2026-06-21,Organic,CAMP_FLASH,Beauty,116.43,LOYALTY15,0.15,17.46,98.97
CUST_0140,TXN_00665,2026-06-14,PPC,CAMP_LOYALTY,Electronics,221.67,NONE,0.0,0.0,221.67
CUST_0271,TXN_00666,2026-07-02,Email,CAMP_CART,Beauty,165.88,CART20,0.2,33.18,132.7
CUST_0375,TXN_00667,2026-06-11,Organic,CAMP_CART,Fashion,178.09,WELCOME10,0.1,17.81,160.28
CUST_0164,TXN_00668,2026-07-11,Social,CAMP_CART,Beauty,125.4,NONE,0.0,0.0,125.4
CUST_0392,TXN_00669,2026-07-24,Organic,CAMP_SEASONAL,Home,60.73,SEASONAL30,0.3,18.22,42.51
CUST_0056,TXN_00670,2026-08-07,Email,CAMP_LOYALTY,Electronics,206.36,LOYALTY15,0.15,30.95,175.41
CUST_0248,TXN_00671,2026-06-17,Direct,CAMP_SEASONAL,Sports,185.87,WELCOME10,0.1,18.59,167.28
CUST_0319,TXN_00672,2026-08-20,Email,CAMP_LOYALTY,Beauty,127.26,SEASONAL30,0.3,38.18,89.08
CUST_0040,TXN_00673,2026-07-14,PPC,CAMP_SEASONAL,Home,99.67,WELCOME10,0.1,9.97,89.7
CUST_0362,TXN_00674,2026-07-22,Email,CAMP_LOYALTY,Sports,211.14,WELCOME10,0.1,21.11,190.03
CUST_0049,TXN_00675,2026-06-22,Direct,CAMP_LOYALTY,Fashion,167.29,LOYALTY15,0.15,25.09,142.2
CUST_0269,TXN_00676,2026-06-19,PPC,CAMP_SEASONAL,Electronics,100.53,NONE,0.0,0.0,100.53
CUST_0392,TXN_00677,2026-06-04,Direct,CAMP_SEASONAL,Electronics,80.43,CART20,0.2,16.09,64.34
CUST_0085,TXN_00678,2026-06-06,Social,CAMP_CART,Sports,158.32,NONE,0.0,0.0,158.32
CUST_0226,TXN_00679,2026-07-20,PPC,CAMP_FLASH,Home,72.96,NONE,0.0,0.0,72.96
CUST_0211,TXN_00680,2026-07-30,PPC,CAMP_CART,Fashion,145.2,SEASONAL30,0.3,43.56,101.64
CUST_0192,TXN_00681,2026-07-28,Organic,CAMP_SEASONAL,Beauty,81.86,NONE,0.0,0.0,81.86
CUST_0203,TXN_00682,2026-08-27,PPC,CAMP_LOYALTY,Home,154.61,NONE,0.0,0.0,154.61
CUST_0003,TXN_00683,2026-08-01,Social,CAMP_FLASH,Electronics,140.02,NONE,0.0,0.0,140.02
CUST_0395,TXN_00684,2026-06-25,PPC,CAMP_CART,Sports,176.75,SEASONAL30,0.3,53.03,123.72
CUST_0079,TXN_00685,2026-07-15,Social,CAMP_LOYALTY,Home,64.31,FLASH25,0.25,16.08,48.23
CUST_0187,TXN_00686,2026-07-22,Email,CAMP_CART,Beauty,172.07,NONE,0.0,0.0,172.07
CUST_0291,TXN_00687,2026-08-20,Organic,CAMP_SEASONAL,Fashion,113.34,NONE,0.0,0.0,113.34
CUST_0249,TXN_00688,2026-06-14,Organic,CAMP_WELCOME,Sports,178.53,WELCOME10,0.1,17.85,160.68
CUST_0195,TXN_00689,2026-07-18,Organic,CAMP_SEASONAL,Beauty,65.21,WELCOME10,0.1,6.52,58.69
CUST_0061,TXN_00690,2026-08-28,Direct,CAMP_WELCOME,Home,166.96,SEASONAL30,0.3,50.09,116.87
CUST_0268,TXN_00691,2026-06-18,Social,CAMP_FLASH,Sports,111.21,SEASONAL30,0.3,33.36,77.85
CUST_0357,TXN_00692,2026-07-10,Direct,CAMP_CART,Sports,143.23,NONE,0.0,0.0,143.23
CUST_0258,TXN_00693,2026-07-23,Direct,CAMP_LOYALTY,Fashion,157.41,FLASH25,0.25,39.35,118.06
CUST_0172,TXN_00694,2026-07-27,Email,CAMP_SEASONAL,Sports,202.18,FLASH25,0.25,50.55,151.63
CUST_0222,TXN_00695,2026-08-13,Social,CAMP_SEASONAL,Sports,175.49,NONE,0.0,0.0,175.49
CUST_0101,TXN_00696,2026-06-23,Social,CAMP_LOYALTY,Electronics,60.29,SEASONAL30,0.3,18.09,42.2
CUST_0136,TXN_00697,2026-07-19,PPC,CAMP_WELCOME,Electronics,146.09,NONE,0.0,0.0,146.09
CUST_0343,TXN_00698,2026-06-14,Email,CAMP_FLASH,Fashion,95.1,CART20,0.2,19.02,76.08
CUST_0179,TXN_00699,2026-06-11,Social,CAMP_SEASONAL,Electronics,167.1,FLASH25,0.25,41.77,125.33
CUST_0119,TXN_00700,2026-08-19,Email,CAMP_WELCOME,Fashion,156.55,NONE,0.0,0.0,156.55
CUST_0317,TXN_00701,2026-07-24,Email,CAMP_FLASH,Electronics,190.58,NONE,0.0,0.0,190.58
CUST_0156,TXN_00702,2026-08-02,Social,CAMP_CART,Sports,128.78,SEASONAL30,0.3,38.63,90.15
CUST_0384,TXN_00703,2026-06-11,Social,CAMP_WELCOME,Beauty,143.64,FLASH25,0.25,35.91,107.73
CUST_0298,TXN_00704,2026-08-22,Organic,CAMP_LOYALTY,Sports,195.89,NONE,0.0,0.0,195.89
CUST_0138,TXN_00705,2026-08-21,Direct,CAMP_FLASH,Home,102.55,WELCOME10,0.1,10.25,92.3
CUST_0055,TXN_00706,2026-07-12,PPC,CAMP_WELCOME,Home,249.77,LOYALTY15,0.15,37.47,212.3
CUST_0248,TXN_00707,2026-06-22,Email,CAMP_LOYALTY,Fashion,153.22,NONE,0.0,0.0,153.22
CUST_0256,TXN_00708,2026-08-24,Social,CAMP_CART,Home,209.01,NONE,0.0,0.0,209.01
CUST_0170,TXN_00709,2026-08-09,Email,CAMP_FLASH,Home,125.39,NONE,0.0,0.0,125.39
CUST_0181,TXN_00710,2026-06-26,Organic,CAMP_WELCOME,Home,111.49,NONE,0.0,0.0,111.49
CUST_0198,TXN_00711,2026-08-26,PPC,CAMP_FLASH,Fashion,111.41,NONE,0.0,0.0,111.41
CUST_0077,TXN_00712,2026-06-24,PPC,CAMP_LOYALTY,Beauty,110.04,FLASH25,0.25,27.51,82.53
CUST_0123,TXN_00713,2026-07-21,PPC,CAMP_FLASH,Beauty,186.06,FLASH25,0.25,46.51,139.55
CUST_0277,TXN_00714,2026-08-12,Organic,CAMP_CART,Fashion,194.09,LOYALTY15,0.15,29.11,164.98
CUST_0220,TXN_00715,2026-08-11,PPC,CAMP_LOYALTY,Home,198.9,NONE,0.0,0.0,198.9
CUST_0034,TXN_00716,2026-08-11,Email,CAMP_FLASH,Beauty,20,CART20,0.2,4.0,16.0
CUST_0210,TXN_00717,2026-08-10,Social,CAMP_WELCOME,Fashion,92.76,CART20,0.2,18.55,74.21
CUST_0094,TXN_00718,2026-06-13,PPC,CAMP_CART,Fashion,298.47,NONE,0.0,0.0,298.47
CUST_0305,TXN_00719,2026-07-15,Email,CAMP_SEASONAL,Fashion,166.32,WELCOME10,0.1,16.63,149.69
CUST_0257,TXN_00720,2026-08-06,Direct,CAMP_SEASONAL,Beauty,175.14,NONE,0.0,0.0,175.14
CUST_0070,TXN_00721,2026-08-25,Direct,CAMP_WELCOME,Home,89.09,LOYALTY15,0.15,13.36,75.73
CUST_0211,TXN_00722,2026-08-21,Social,CAMP_SEASONAL,Sports,154.08,LOYALTY15,0.15,23.11,130.97
CUST_0250,TXN_00723,2026-07-02,Social,CAMP_SEASONAL,Beauty,220.83,NONE,0.0,0.0,220.83
CUST_0397,TXN_00724,2026-07-10,PPC,CAMP_CART,Sports,226.6,CART20,0.2,45.32,181.28
CUST_0274,TXN_00725,2026-08-25,PPC,CAMP_WELCOME,Beauty,163.3,NONE,0.0,0.0,163.3
CUST_0233,TXN_00726,2026-06-24,PPC,CAMP_SEASONAL,Electronics,147.53,NONE,0.0,0.0,147.53
CUST_0285,TXN_00727,2026-08-05,Organic,CAMP_SEASONAL,Beauty,125.67,WELCOME10,0.1,12.57,113.1
CUST_0155,TXN_00728,2026-06-12,Email,CAMP_CART,Fashion,146.69,CART20,0.2,29.34,117.35
CUST_0237,TXN_00729,2026-07-03,Email,CAMP_CART,Electronics,95.36,NONE,0.0,0.0,95.36
CUST_0092,TXN_00730,2026-07-10,Direct,CAMP_FLASH,Beauty,163.28,LOYALTY15,0.15,24.49,138.79
CUST_0012,TXN_00731,2026-08-04,Direct,CAMP_WELCOME,Home,20,SEASONAL30,0.3,6.0,14.0
CUST_0165,TXN_00732,2026-08-14,Email,CAMP_WELCOME,Beauty,97.06,NONE,0.0,0.0,97.06
CUST_0324,TXN_00733,2026-06-23,Direct,CAMP_CART,Sports,28.03,NONE,0.0,0.0,28.03
CUST_0081,TXN_00734,2026-07-18,PPC,CAMP_LOYALTY,Fashion,101.06,NONE,0.0,0.0,101.06
CUST_0074,TXN_00735,2026-07-07,Organic,CAMP_FLASH,Beauty,177.18,WELCOME10,0.1,17.72,159.46
CUST_0147,TXN_00736,2026-08-29,PPC,CAMP_FLASH,Electronics,120.73,LOYALTY15,0.15,18.11,102.62
CUST_0234,TXN_00737,2026-06-27,PPC,CAMP_WELCOME,Sports,120.37,NONE,0.0,0.0,120.37
CUST_0252,TXN_00738,2026-07-08,Direct,CAMP_WELCOME,Sports,145.58,NONE,0.0,0.0,145.58
CUST_0307,TXN_00739,2026-07-25,PPC,CAMP_CART,Fashion,213.12,SEASONAL30,0.3,63.94,149.18
CUST_0025,TXN_00740,2026-08-25,PPC,CAMP_CART,Home,147.37,LOYALTY15,0.15,22.11,125.26
CUST_0169,TXN_00741,2026-08-23,Email,CAMP_SEASONAL,Fashion,156.98,NONE,0.0,0.0,156.98
CUST_0082,TXN_00742,2026-06-14,PPC,CAMP_CART,Fashion,104.46,NONE,0.0,0.0,104.46
CUST_0233,TXN_00743,2026-08-25,Email,CAMP_FLASH,Home,73.29,CART20,0.2,14.66,58.63
CUST_0188,TXN_00744,2026-06-20,Email,CAMP_FLASH,Beauty,221.5,NONE,0.0,0.0,221.5
CUST_0068,TXN_00745,2026-07-18,PPC,CAMP_SEASONAL,Sports,78.83,CART20,0.2,15.77,63.06
CUST_0107,TXN_00746,2026-08-18,Direct,CAMP_CART,Home,114.73,SEASONAL30,0.3,34.42,80.31
CUST_0218,TXN_00747,2026-07-20,Organic,CAMP_CART,Sports,68.65,NONE,0.0,0.0,68.65
CUST_0319,TXN_00748,2026-06-24,Direct,CAMP_SEASONAL,Fashion,122.4,NONE,0.0,0.0,122.4
CUST_0312,TXN_00749,2026-08-05,Email,CAMP_WELCOME,Electronics,163.04,CART20,0.2,32.61,130.43
CUST_0238,TXN_00750,2026-06-12,Direct,CAMP_SEASONAL,Electronics,120.57,NONE,0.0,0.0,120.57
CUST_0170,TXN_00751,2026-08-28,Social,CAMP_FLASH,Home,120.46,LOYALTY15,0.15,18.07,102.39
CUST_0034,TXN_00752,2026-08-15,Organic,CAMP_FLASH,Beauty,116.78,WELCOME10,0.1,11.68,105.1
CUST_0370,TXN_00753,2026-08-07,Social,CAMP_FLASH,Home,201.12,WELCOME10,0.1,20.11,181.01
CUST_0344,TXN_00754,2026-06-29,Social,CAMP_SEASONAL,Sports,78.15,LOYALTY15,0.15,11.72,66.43
CUST_0171,TXN_00755,2026-08-22,PPC,CAMP_FLASH,Sports,148.17,FLASH25,0.25,37.04,111.13
CUST_0371,TXN_00756,2026-06-03,Organic,CAMP_FLASH,Electronics,109.48,SEASONAL30,0.3,32.84,76.64
CUST_0076,TXN_00757,2026-07-17,Direct,CAMP_CART,Fashion,77.0,WELCOME10,0.1,7.7,69.3
CUST_0292,TXN_00758,2026-07-20,Email,CAMP_FLASH,Beauty,112.1,CART20,0.2,22.42,89.68
CUST_0044,TXN_00759,2026-07-30,Organic,CAMP_SEASONAL,Home,118.16,NONE,0.0,0.0,118.16
CUST_0110,TXN_00760,2026-08-04,Email,CAMP_SEASONAL,Sports,106.31,WELCOME10,0.1,10.63,95.68
CUST_0012,TXN_00761,2026-06-26,Social,CAMP_LOYALTY,Home,134.64,NONE,0.0,0.0,134.64
CUST_0247,TXN_00762,2026-08-11,Email,CAMP_CART,Fashion,132.63,NONE,0.0,0.0,132.63
CUST_0105,TXN_00763,2026-07-11,PPC,CAMP_WELCOME,Electronics,73.43,FLASH25,0.25,18.36,55.07
CUST_0159,TXN_00764,2026-08-18,Organic,CAMP_SEASONAL,Electronics,216.37,NONE,0.0,0.0,216.37
CUST_0052,TXN_00765,2026-08-27,PPC,CAMP_FLASH,Fashion,105.42,CART20,0.2,21.08,84.34
CUST_0164,TXN_00766,2026-07-04,Email,CAMP_FLASH,Fashion,153.82,NONE,0.0,0.0,153.82
CUST_0080,TXN_00767,2026-06-11,PPC,CAMP_CART,Electronics,183.03,WELCOME10,0.1,18.3,164.73
CUST_0105,TXN_00768,2026-06-17,Social,CAMP_LOYALTY,Electronics,73.02,CART20,0.2,14.6,58.42
CUST_0159,TXN_00769,2026-07-17,PPC,CAMP_SEASONAL,Electronics,121.66,NONE,0.0,0.0,121.66
CUST_0066,TXN_00770,2026-08-23,Email,CAMP_SEASONAL,Beauty,256.92,FLASH25,0.25,64.23,192.69
CUST_0091,TXN_00771,2026-06-10,Direct,CAMP_CART,Home,161.54,SEASONAL30,0.3,48.46,113.08
CUST_0159,TXN_00772,2026-06-22,Email,CAMP_SEASONAL,Sports,121.92,NONE,0.0,0.0,121.92
CUST_0067,TXN_00773,2026-08-17,Direct,CAMP_FLASH,Beauty,171.77,FLASH25,0.25,42.94,128.83
CUST_0240,TXN_00774,2026-06-12,Organic,CAMP_FLASH,Beauty,144.49,NONE,0.0,0.0,144.49
CUST_0093,TXN_00775,2026-06-05,Organic,CAMP_FLASH,Beauty,178.89,NONE,0.0,0.0,178.89
CUST_0249,TXN_00776,2026-08-08,Organic,CAMP_FLASH,Sports,201.34,FLASH25,0.25,50.34,151.0
CUST_0294,TXN_00777,2026-07-09,Email,CAMP_FLASH,Sports,151.81,WELCOME10,0.1,15.18,136.63
CUST_0332,TXN_00778,2026-07-08,Social,CAMP_CART,Fashion,182.09,SEASONAL30,0.3,54.63,127.46
CUST_0280,TXN_00779,2026-07-11,Email,CAMP_FLASH,Fashion,160.11,FLASH25,0.25,40.03,120.08
CUST_0355,TXN_00780,2026-07-17,PPC,CAMP_LOYALTY,Fashion,58.98,NONE,0.0,0.0,58.98
CUST_0339,TXN_00781,2026-06-17,Direct,CAMP_WELCOME,Sports,87.89,NONE,0.0,0.0,87.89
CUST_0305,TXN_00782,2026-08-07,Organic,CAMP_SEASONAL,Electronics,71.89,NONE,0.0,0.0,71.89
CUST_0306,TXN_00783,2026-07-12,Organic,CAMP_SEASONAL,Electronics,156.17,SEASONAL30,0.3,46.85,109.32
CUST_0046,TXN_00784,2026-06-09,Email,CAMP_LOYALTY,Fashion,146.08,NONE,0.0,0.0,146.08
CUST_0231,TXN_00785,2026-07-11,PPC,CAMP_CART,Beauty,169.46,NONE,0.0,0.0,169.46
CUST_0100,TXN_00786,2026-06-04,Organic,CAMP_SEASONAL,Home,170.99,NONE,0.0,0.0,170.99
CUST_0045,TXN_00787,2026-06-12,PPC,CAMP_SEASONAL,Fashion,248.35,NONE,0.0,0.0,248.35
CUST_0150,TXN_00788,2026-08-29,PPC,CAMP_FLASH,Electronics,249.32,NONE,0.0,0.0,249.32
CUST_0144,TXN_00789,2026-07-30,Direct,CAMP_CART,Beauty,185.21,NONE,0.0,0.0,185.21
CUST_0320,TXN_00790,2026-08-02,Social,CAMP_SEASONAL,Fashion,117.57,SEASONAL30,0.3,35.27,82.3
CUST_0096,TXN_00791,2026-07-14,Direct,CAMP_LOYALTY,Home,189.16,NONE,0.0,0.0,189.16
CUST_0343,TXN_00792,2026-08-11,Direct,CAMP_SEASONAL,Fashion,145.92,NONE,0.0,0.0,145.92
CUST_0043,TXN_00793,2026-07-02,PPC,CAMP_SEASONAL,Sports,145.96,FLASH25,0.25,36.49,109.47
CUST_0092,TXN_00794,2026-07-15,Social,CAMP_LOYALTY,Beauty,84.57,FLASH25,0.25,21.14,63.43
CUST_0309,TXN_00795,2026-07-30,PPC,CAMP_FLASH,Beauty,156.33,FLASH25,0.25,39.08,117.25
CUST_0279,TXN_00796,2026-07-13,Email,CAMP_CART,Beauty,127.27,FLASH25,0.25,31.82,95.45
CUST_0353,TXN_00797,2026-07-25,Direct,CAMP_CART,Electronics,133.38,SEASONAL30,0.3,40.01,93.37
CUST_0267,TXN_00798,2026-06-06,Email,CAMP_CART,Sports,158.23,NONE,0.0,0.0,158.23
CUST_0159,TXN_00799,2026-07-17,PPC,CAMP_WELCOME,Beauty,124.9,NONE,0.0,0.0,124.9
CUST_0232,TXN_00800,2026-07-07,Organic,CAMP_FLASH,Home,78.29,NONE,0.0,0.0,78.29
CUST_0085,TXN_00801,2026-07-22,PPC,CAMP_FLASH,Electronics,135.08,SEASONAL30,0.3,40.52,94.56
CUST_0322,TXN_00802,2026-06-11,Email,CAMP_FLASH,Beauty,107.0,CART20,0.2,21.4,85.6
CUST_0042,TXN_00803,2026-07-25,Organic,CAMP_LOYALTY,Sports,145.62,WELCOME10,0.1,14.56,131.06
CUST_0143,TXN_00804,2026-06-13,Social,CAMP_CART,Fashion,133.31,NONE,0.0,0.0,133.31
CUST_0337,TXN_00805,2026-07-27,Social,CAMP_SEASONAL,Fashion,181.86,LOYALTY15,0.15,27.28,154.58
CUST_0270,TXN_00806,2026-06-14,Social,CAMP_SEASONAL,Beauty,172.61,LOYALTY15,0.15,25.89,146.72
CUST_0394,TXN_00807,2026-06-06,Direct,CAMP_LOYALTY,Fashion,101.58,NONE,0.0,0.0,101.58
CUST_0295,TXN_00808,2026-08-23,Social,CAMP_SEASONAL,Beauty,135.04,WELCOME10,0.1,13.5,121.54
CUST_0243,TXN_00809,2026-07-31,Direct,CAMP_SEASONAL,Beauty,89.64,SEASONAL30,0.3,26.89,62.75
CUST_0134,TXN_00810,2026-07-12,Organic,CAMP_CART,Electronics,208.05,FLASH25,0.25,52.01,156.04
CUST_0049,TXN_00811,2026-06-09,Organic,CAMP_SEASONAL,Sports,227.9,NONE,0.0,0.0,227.9
CUST_0333,TXN_00812,2026-08-17,Organic,CAMP_CART,Beauty,171.27,NONE,0.0,0.0,171.27
CUST_0236,TXN_00813,2026-07-30,PPC,CAMP_LOYALTY,Sports,101.4,NONE,0.0,0.0,101.4
CUST_0172,TXN_00814,2026-06-04,Email,CAMP_WELCOME,Electronics,63.75,WELCOME10,0.1,6.38,57.37
CUST_0210,TXN_00815,2026-06-03,Direct,CAMP_FLASH,Fashion,20,WELCOME10,0.1,2.0,18.0
CUST_0371,TXN_00816,2026-08-22,PPC,CAMP_LOYALTY,Sports,132.52,WELCOME10,0.1,13.25,119.27
CUST_0326,TXN_00817,2026-08-18,PPC,CAMP_LOYALTY,Beauty,175.24,WELCOME10,0.1,17.52,157.72
CUST_0336,TXN_00818,2026-08-06,Email,CAMP_LOYALTY,Home,146.91,NONE,0.0,0.0,146.91
CUST_0150,TXN_00819,2026-08-20,Direct,CAMP_FLASH,Beauty,60.83,NONE,0.0,0.0,60.83
CUST_0354,TXN_00820,2026-08-20,Organic,CAMP_WELCOME,Beauty,217.44,LOYALTY15,0.15,32.62,184.82
CUST_0198,TXN_00821,2026-07-27,Organic,CAMP_LOYALTY,Beauty,86.22,WELCOME10,0.1,8.62,77.6
CUST_0035,TXN_00822,2026-06-08,Direct,CAMP_WELCOME,Fashion,20,LOYALTY15,0.15,3.0,17.0
CUST_0276,TXN_00823,2026-08-02,PPC,CAMP_WELCOME,Beauty,146.57,NONE,0.0,0.0,146.57
CUST_0366,TXN_00824,2026-07-03,Email,CAMP_SEASONAL,Fashion,139.17,CART20,0.2,27.83,111.34
CUST_0334,TXN_00825,2026-08-25,Direct,CAMP_FLASH,Fashion,154.63,NONE,0.0,0.0,154.63
CUST_0358,TXN_00826,2026-06-29,Direct,CAMP_SEASONAL,Electronics,113.65,FLASH25,0.25,28.41,85.24
CUST_0276,TXN_00827,2026-06-02,Direct,CAMP_WELCOME,Sports,188.05,FLASH25,0.25,47.01,141.04
CUST_0274,TXN_00828,2026-07-09,Email,CAMP_WELCOME,Home,187.6,NONE,0.0,0.0,187.6
CUST_0273,TXN_00829,2026-07-17,Email,CAMP_SEASONAL,Home,119.42,NONE,0.0,0.0,119.42
CUST_0331,TXN_00830,2026-06-06,Social,CAMP_FLASH,Beauty,160.3,NONE,0.0,0.0,160.3
CUST_0054,TXN_00831,2026-06-28,Email,CAMP_SEASONAL,Fashion,206.93,CART20,0.2,41.39,165.54
CUST_0071,TXN_00832,2026-07-30,Direct,CAMP_SEASONAL,Electronics,152.16,NONE,0.0,0.0,152.16
CUST_0276,TXN_00833,2026-06-27,PPC,CAMP_SEASONAL,Electronics,142.77,NONE,0.0,0.0,142.77
CUST_0018,TXN_00834,2026-08-14,Social,CAMP_CART,Beauty,113.44,FLASH25,0.25,28.36,85.08
CUST_0347,TXN_00835,2026-06-22,Social,CAMP_CART,Fashion,182.28,NONE,0.0,0.0,182.28
CUST_0036,TXN_00836,2026-06-11,Email,CAMP_LOYALTY,Fashion,169.58,FLASH25,0.25,42.39,127.19
CUST_0007,TXN_00837,2026-07-21,Email,CAMP_SEASONAL,Sports,146.98,WELCOME10,0.1,14.7,132.28
CUST_0087,TXN_00838,2026-08-15,Direct,CAMP_CART,Sports,150.22,NONE,0.0,0.0,150.22
CUST_0112,TXN_00839,2026-07-06,Organic,CAMP_SEASONAL,Home,122.81,LOYALTY15,0.15,18.42,104.39
CUST_0061,TXN_00840,2026-08-24,PPC,CAMP_LOYALTY,Home,211.22,LOYALTY15,0.15,31.68,179.54
CUST_0032,TXN_00841,2026-07-07,Social,CAMP_FLASH,Sports,129.11,LOYALTY15,0.15,19.37,109.74
CUST_0084,TXN_00842,2026-06-10,PPC,CAMP_SEASONAL,Fashion,23.8,WELCOME10,0.1,2.38,21.42
CUST_0008,TXN_00843,2026-08-19,Email,CAMP_WELCOME,Fashion,187.14,NONE,0.0,0.0,187.14
CUST_0045,TXN_00844,2026-06-02,Direct,CAMP_LOYALTY,Fashion,120.18,NONE,0.0,0.0,120.18
CUST_0073,TXN_00845,2026-07-03,Direct,CAMP_LOYALTY,Fashion,68.89,SEASONAL30,0.3,20.67,48.22
CUST_0312,TXN_00846,2026-06-12,Email,CAMP_FLASH,Home,113.46,NONE,0.0,0.0,113.46
CUST_0214,TXN_00847,2026-08-05,Email,CAMP_CART,Electronics,70.84,LOYALTY15,0.15,10.63,60.21
CUST_0316,TXN_00848,2026-07-01,Social,CAMP_FLASH,Electronics,79.82,LOYALTY15,0.15,11.97,67.85
CUST_0099,TXN_00849,2026-06-03,Direct,CAMP_SEASONAL,Fashion,211.0,LOYALTY15,0.15,31.65,179.35
CUST_0081,TXN_00850,2026-08-03,Direct,CAMP_FLASH,Home,132.15,CART20,0.2,26.43,105.72
CUST_0315,TXN_00851,2026-07-02,Email,CAMP_WELCOME,Electronics,125.68,NONE,0.0,0.0,125.68
CUST_0275,TXN_00852,2026-08-15,Email,CAMP_LOYALTY,Beauty,183.33,NONE,0.0,0.0,183.33
CUST_0303,TXN_00853,2026-08-04,Organic,CAMP_LOYALTY,Electronics,226.23,FLASH25,0.25,56.56,169.67
CUST_0166,TXN_00854,2026-08-04,Direct,CAMP_LOYALTY,Electronics,145.63,NONE,0.0,0.0,145.63
CUST_0241,TXN_00855,2026-07-05,Social,CAMP_LOYALTY,Sports,180.07,WELCOME10,0.1,18.01,162.06
CUST_0232,TXN_00856,2026-06-10,Organic,CAMP_FLASH,Fashion,163.23,LOYALTY15,0.15,24.48,138.75
CUST_0171,TXN_00857,2026-08-22,Organic,CAMP_LOYALTY,Electronics,187.85,SEASONAL30,0.3,56.35,131.5
CUST_0238,TXN_00858,2026-06-13,Social,CAMP_CART,Fashion,107.43,CART20,0.2,21.49,85.94
CUST_0295,TXN_00859,2026-07-31,Email,CAMP_SEASONAL,Sports,148.67,NONE,0.0,0.0,148.67
CUST_0250,TXN_00860,2026-07-25,Email,CAMP_SEASONAL,Fashion,164.89,FLASH25,0.25,41.22,123.67
CUST_0126,TXN_00861,2026-06-16,Social,CAMP_CART,Fashion,110.74,NONE,0.0,0.0,110.74
CUST_0293,TXN_00862,2026-06-26,Email,CAMP_SEASONAL,Sports,185.91,FLASH25,0.25,46.48,139.43
CUST_0201,TXN_00863,2026-06-01,Email,CAMP_SEASONAL,Beauty,105.87,NONE,0.0,0.0,105.87
CUST_0123,TXN_00864,2026-07-08,Social,CAMP_LOYALTY,Home,219.73,NONE,0.0,0.0,219.73
CUST_0151,TXN_00865,2026-08-27,Direct,CAMP_FLASH,Fashion,185.87,WELCOME10,0.1,18.59,167.28
CUST_0360,TXN_00866,2026-07-01,Social,CAMP_SEASONAL,Fashion,70.83,FLASH25,0.25,17.71,53.12
CUST_0189,TXN_00867,2026-06-10,Email,CAMP_SEASONAL,Home,158.09,WELCOME10,0.1,15.81,142.28
CUST_0271,TXN_00868,2026-06-21,PPC,CAMP_LOYALTY,Electronics,196.72,SEASONAL30,0.3,59.02,137.7
CUST_0317,TXN_00869,2026-08-22,PPC,CAMP_FLASH,Electronics,151.83,NONE,0.0,0.0,151.83
CUST_0056,TXN_00870,2026-08-07,PPC,CAMP_WELCOME,Sports,94.36,CART20,0.2,18.87,75.49
CUST_0363,TXN_00871,2026-08-12,Organic,CAMP_LOYALTY,Sports,181.29,NONE,0.0,0.0,181.29
CUST_0058,TXN_00872,2026-06-01,Social,CAMP_LOYALTY,Home,86.7,NONE,0.0,0.0,86.7
CUST_0180,TXN_00873,2026-06-26,Direct,CAMP_FLASH,Electronics,67.56,NONE,0.0,0.0,67.56
CUST_0032,TXN_00874,2026-06-30,PPC,CAMP_CART,Home,97.91,WELCOME10,0.1,9.79,88.12
CUST_0231,TXN_00875,2026-06-04,Email,CAMP_LOYALTY,Beauty,183.26,NONE,0.0,0.0,183.26
CUST_0044,TXN_00876,2026-08-20,Email,CAMP_LOYALTY,Home,242.91,NONE,0.0,0.0,242.91
CUST_0057,TXN_00877,2026-08-10,Social,CAMP_CART,Electronics,196.72,FLASH25,0.25,49.18,147.54
CUST_0150,TXN_00878,2026-06-30,Organic,CAMP_SEASONAL,Beauty,67.89,NONE,0.0,0.0,67.89
CUST_0377,TXN_00879,2026-08-05,Email,CAMP_WELCOME,Fashion,181.71,CART20,0.2,36.34,145.37
CUST_0266,TXN_00880,2026-06-28,PPC,CAMP_CART,Sports,105.18,CART20,0.2,21.04,84.14
CUST_0227,TXN_00881,2026-06-18,Social,CAMP_FLASH,Fashion,95.31,NONE,0.0,0.0,95.31
CUST_0133,TXN_00882,2026-08-11,Organic,CAMP_FLASH,Beauty,147.71,WELCOME10,0.1,14.77,132.94
CUST_0085,TXN_00883,2026-08-09,PPC,CAMP_FLASH,Fashion,192.48,NONE,0.0,0.0,192.48
CUST_0089,TXN_00884,2026-08-10,Social,CAMP_LOYALTY,Electronics,184.98,NONE,0.0,0.0,184.98
CUST_0021,TXN_00885,2026-06-17,Social,CAMP_SEASONAL,Home,68.46,NONE,0.0,0.0,68.46
CUST_0189,TXN_00886,2026-07-16,Social,CAMP_FLASH,Beauty,168.29,CART20,0.2,33.66,134.63
CUST_0276,TXN_00887,2026-06-22,Organic,CAMP_WELCOME,Electronics,204.81,NONE,0.0,0.0,204.81
CUST_0207,TXN_00888,2026-07-20,Social,CAMP_WELCOME,Sports,225.4,NONE,0.0,0.0,225.4
CUST_0259,TXN_00889,2026-06-30,Organic,CAMP_CART,Fashion,100.51,CART20,0.2,20.1,80.41
CUST_0289,TXN_00890,2026-06-29,Email,CAMP_LOYALTY,Sports,123.29,WELCOME10,0.1,12.33,110.96
CUST_0059,TXN_00891,2026-06-11,Social,CAMP_SEASONAL,Home,20,FLASH25,0.25,5.0,15.0
CUST_0047,TXN_00892,2026-08-01,Organic,CAMP_LOYALTY,Electronics,105.25,SEASONAL30,0.3,31.57,73.68
CUST_0042,TXN_00893,2026-07-03,Email,CAMP_CART,Beauty,206.79,NONE,0.0,0.0,206.79
CUST_0099,TXN_00894,2026-08-22,Organic,CAMP_SEASONAL,Fashion,65.36,NONE,0.0,0.0,65.36
CUST_0366,TXN_00895,2026-07-13,Direct,CAMP_FLASH,Electronics,144.48,NONE,0.0,0.0,144.48
CUST_0145,TXN_00896,2026-06-19,Email,CAMP_LOYALTY,Beauty,113.49,NONE,0.0,0.0,113.49
CUST_0379,TXN_00897,2026-07-04,Organic,CAMP_LOYALTY,Beauty,179.05,NONE,0.0,0.0,179.05
CUST_0373,TXN_00898,2026-08-11,Social,CAMP_FLASH,Beauty,163.99,WELCOME10,0.1,16.4,147.59
CUST_0268,TXN_00899,2026-08-21,PPC,CAMP_SEASONAL,Electronics,121.73,NONE,0.0,0.0,121.73
CUST_0003,TXN_00900,2026-06-19,Direct,CAMP_CART,Fashion,37.26,NONE,0.0,0.0,37.26
CUST_0102,TXN_00901,2026-07-23,PPC,CAMP_SEASONAL,Electronics,205.69,FLASH25,0.25,51.42,154.27
CUST_0154,TXN_00902,2026-07-01,Social,CAMP_WELCOME,Electronics,163.73,NONE,0.0,0.0,163.73
CUST_0078,TXN_00903,2026-08-14,Organic,CAMP_SEASONAL,Fashion,99.64,FLASH25,0.25,24.91,74.73
CUST_0251,TXN_00904,2026-06-27,Email,CAMP_CART,Home,205.95,CART20,0.2,41.19,164.76
CUST_0297,TXN_00905,2026-07-05,Organic,CAMP_SEASONAL,Electronics,96.26,NONE,0.0,0.0,96.26
CUST_0191,TXN_00906,2026-08-09,PPC,CAMP_WELCOME,Fashion,68.25,NONE,0.0,0.0,68.25
CUST_0163,TXN_00907,2026-06-02,Social,CAMP_FLASH,Fashion,134.34,NONE,0.0,0.0,134.34
CUST_0027,TXN_00908,2026-07-15,Email,CAMP_FLASH,Home,131.86,NONE,0.0,0.0,131.86
CUST_0271,TXN_00909,2026-06-25,Social,CAMP_LOYALTY,Electronics,196.78,WELCOME10,0.1,19.68,177.1
CUST_0306,TXN_00910,2026-06-03,Organic,CAMP_FLASH,Home,141.14,NONE,0.0,0.0,141.14
CUST_0049,TXN_00911,2026-08-11,Email,CAMP_LOYALTY,Sports,71.11,CART20,0.2,14.22,56.89
CUST_0144,TXN_00912,2026-08-16,Social,CAMP_LOYALTY,Sports,95.77,LOYALTY15,0.15,14.36,81.41
CUST_0113,TXN_00913,2026-06-19,PPC,CAMP_CART,Sports,185.35,NONE,0.0,0.0,185.35
CUST_0364,TXN_00914,2026-08-20,Email,CAMP_LOYALTY,Electronics,52.3,FLASH25,0.25,13.08,39.22
CUST_0245,TXN_00915,2026-08-12,Direct,CAMP_CART,Sports,110.83,CART20,0.2,22.17,88.66
CUST_0390,TXN_00916,2026-08-01,Social,CAMP_LOYALTY,Fashion,173.22,WELCOME10,0.1,17.32,155.9
CUST_0157,TXN_00917,2026-08-19,Direct,CAMP_WELCOME,Electronics,133.69,LOYALTY15,0.15,20.05,113.64
CUST_0009,TXN_00918,2026-08-25,PPC,CAMP_CART,Electronics,154.3,WELCOME10,0.1,15.43,138.87
CUST_0240,TXN_00919,2026-08-24,Email,CAMP_FLASH,Electronics,48.55,CART20,0.2,9.71,38.84
CUST_0386,TXN_00920,2026-06-15,Social,CAMP_LOYALTY,Home,163.24,NONE,0.0,0.0,163.24
CUST_0014,TXN_00921,2026-06-16,Organic,CAMP_FLASH,Fashion,156.11,CART20,0.2,31.22,124.89
CUST_0256,TXN_00922,2026-08-21,Email,CAMP_CART,Electronics,154.57,NONE,0.0,0.0,154.57
CUST_0270,TXN_00923,2026-07-24,Social,CAMP_CART,Electronics,65.63,LOYALTY15,0.15,9.85,55.78
CUST_0371,TXN_00924,2026-07-14,PPC,CAMP_LOYALTY,Beauty,171.06,FLASH25,0.25,42.77,128.29
CUST_0344,TXN_00925,2026-08-06,Organic,CAMP_SEASONAL,Beauty,162.18,NONE,0.0,0.0,162.18
CUST_0109,TXN_00926,2026-07-20,Email,CAMP_SEASONAL,Electronics,83.95,NONE,0.0,0.0,83.95
CUST_0266,TXN_00927,2026-07-24,PPC,CAMP_WELCOME,Electronics,134.97,CART20,0.2,26.99,107.98
CUST_0167,TXN_00928,2026-06-03,Direct,CAMP_LOYALTY,Sports,85.83,CART20,0.2,17.17,68.66
CUST_0208,TXN_00929,2026-08-05,Email,CAMP_SEASONAL,Home,142.14,FLASH25,0.25,35.54,106.6
CUST_0091,TXN_00930,2026-07-04,PPC,CAMP_WELCOME,Electronics,222.1,FLASH25,0.25,55.53,166.57
CUST_0073,TXN_00931,2026-08-16,Social,CAMP_WELCOME,Home,146.61,SEASONAL30,0.3,43.98,102.63
CUST_0101,TXN_00932,2026-08-14,Social,CAMP_SEASONAL,Beauty,100.92,NONE,0.0,0.0,100.92
CUST_0142,TXN_00933,2026-06-16,PPC,CAMP_FLASH,Beauty,202.77,NONE,0.0,0.0,202.77
CUST_0182,TXN_00934,2026-06-28,PPC,CAMP_FLASH,Fashion,66.08,NONE,0.0,0.0,66.08
CUST_0393,TXN_00935,2026-07-28,Direct,CAMP_SEASONAL,Fashion,151.31,WELCOME10,0.1,15.13,136.18
CUST_0321,TXN_00936,2026-08-21,Direct,CAMP_WELCOME,Fashion,152.64,NONE,0.0,0.0,152.64
CUST_0195,TXN_00937,2026-07-19,Social,CAMP_FLASH,Sports,135.22,NONE,0.0,0.0,135.22
CUST_0319,TXN_00938,2026-06-27,Direct,CAMP_LOYALTY,Home,158.05,NONE,0.0,0.0,158.05
CUST_0338,TXN_00939,2026-07-27,PPC,CAMP_FLASH,Sports,152.49,SEASONAL30,0.3,45.75,106.74
CUST_0279,TXN_00940,2026-08-14,Direct,CAMP_SEASONAL,Home,232.88,NONE,0.0,0.0,232.88
CUST_0192,TXN_00941,2026-08-25,Email,CAMP_LOYALTY,Sports,150.36,NONE,0.0,0.0,150.36
CUST_0337,TXN_00942,2026-07-05,Social,CAMP_FLASH,Beauty,169.87,FLASH25,0.25,42.47,127.4
CUST_0249,TXN_00943,2026-06-18,Direct,CAMP_CART,Sports,104.06,NONE,0.0,0.0,104.06
CUST_0292,TXN_00944,2026-07-10,Organic,CAMP_SEASONAL,Sports,70.57,WELCOME10,0.1,7.06,63.51
CUST_0193,TXN_00945,2026-07-15,Organic,CAMP_FLASH,Electronics,153.33,NONE,0.0,0.0,153.33
CUST_0014,TXN_00946,2026-08-26,Organic,CAMP_SEASONAL,Electronics,115.72,SEASONAL30,0.3,34.72,81.0
CUST_0219,TXN_00947,2026-07-08,Organic,CAMP_WELCOME,Fashion,124.49,CART20,0.2,24.9,99.59
CUST_0126,TXN_00948,2026-07-21,Email,CAMP_FLASH,Fashion,144.59,WELCOME10,0.1,14.46,130.13
CUST_0010,TXN_00949,2026-08-25,Direct,CAMP_SEASONAL,Sports,187.35,NONE,0.0,0.0,187.35
CUST_0263,TXN_00950,2026-06-15,Email,CAMP_FLASH,Beauty,175.27,NONE,0.0,0.0,175.27
CUST_0292,TXN_00951,2026-08-17,Direct,CAMP_WELCOME,Fashion,114.85,SEASONAL30,0.3,34.46,80.39
CUST_0172,TXN_00952,2026-08-08,PPC,CAMP_FLASH,Home,39.55,NONE,0.0,0.0,39.55
CUST_0223,TXN_00953,2026-06-22,Social,CAMP_FLASH,Home,142.06,WELCOME10,0.1,14.21,127.85
CUST_0024,TXN_00954,2026-06-11,Email,CAMP_CART,Electronics,118.96,NONE,0.0,0.0,118.96
CUST_0303,TXN_00955,2026-06-18,PPC,CAMP_SEASONAL,Beauty,208.65,WELCOME10,0.1,20.87,187.78
CUST_0107,TXN_00956,2026-06-26,Organic,CAMP_SEASONAL,Sports,127.39,NONE,0.0,0.0,127.39
CUST_0160,TXN_00957,2026-07-28,PPC,CAMP_CART,Beauty,157.99,FLASH25,0.25,39.5,118.49
CUST_0343,TXN_00958,2026-08-06,PPC,CAMP_SEASONAL,Fashion,142.93,SEASONAL30,0.3,42.88,100.05
CUST_0338,TXN_00959,2026-07-01,Organic,CAMP_CART,Sports,105.41,NONE,0.0,0.0,105.41
CUST_0393,TXN_00960,2026-08-22,PPC,CAMP_LOYALTY,Home,247.08,NONE,0.0,0.0,247.08
CUST_0236,TXN_00961,2026-06-03,Organic,CAMP_SEASONAL,Beauty,69.02,LOYALTY15,0.15,10.35,58.67
CUST_0163,TXN_00962,2026-07-08,Organic,CAMP_FLASH,Fashion,217.25,NONE,0.0,0.0,217.25
CUST_0131,TXN_00963,2026-07-30,Direct,CAMP_LOYALTY,Electronics,46.85,NONE,0.0,0.0,46.85
CUST_0076,TXN_00964,2026-07-01,Direct,CAMP_CART,Beauty,154.74,NONE,0.0,0.0,154.74
CUST_0216,TXN_00965,2026-08-04,Social,CAMP_FLASH,Fashion,178.57,WELCOME10,0.1,17.86,160.71
CUST_0014,TXN_00966,2026-06-08,Email,CAMP_SEASONAL,Electronics,134.77,LOYALTY15,0.15,20.22,114.55
CUST_0028,TXN_00967,2026-08-19,Organic,CAMP_CART,Home,239.08,NONE,0.0,0.0,239.08
CUST_0032,TXN_00968,2026-07-10,Social,CAMP_LOYALTY,Electronics,185.61,WELCOME10,0.1,18.56,167.05
CUST_0292,TXN_00969,2026-06-24,PPC,CAMP_CART,Home,107.11,WELCOME10,0.1,10.71,96.4
CUST_0254,TXN_00970,2026-07-18,PPC,CAMP_SEASONAL,Fashion,170.35,CART20,0.2,34.07,136.28
CUST_0216,TXN_00971,2026-08-07,Social,CAMP_FLASH,Beauty,113.09,WELCOME10,0.1,11.31,101.78
CUST_0209,TXN_00972,2026-07-13,Email,CAMP_FLASH,Sports,138.01,NONE,0.0,0.0,138.01
CUST_0216,TXN_00973,2026-07-25,Social,CAMP_FLASH,Beauty,213.37,LOYALTY15,0.15,32.0,181.37
CUST_0366,TXN_00974,2026-08-25,Email,CAMP_LOYALTY,Home,108.17,SEASONAL30,0.3,32.45,75.72
CUST_0282,TXN_00975,2026-06-03,Email,CAMP_CART,Fashion,174.87,CART20,0.2,34.97,139.9
CUST_0226,TXN_00976,2026-07-22,Email,CAMP_LOYALTY,Home,47.79,CART20,0.2,9.56,38.23
CUST_0107,TXN_00977,2026-08-09,Direct,CAMP_FLASH,Beauty,217.79,NONE,0.0,0.0,217.79
CUST_0017,TXN_00978,2026-06-28,Direct,CAMP_SEASONAL,Home,136.62,NONE,0.0,0.0,136.62
CUST_0367,TXN_00979,2026-08-09,Organic,CAMP_CART,Electronics,162.22,WELCOME10,0.1,16.22,146.0
CUST_0180,TXN_00980,2026-07-02,Email,CAMP_WELCOME,Fashion,61.86,CART20,0.2,12.37,49.49
CUST_0322,TXN_00981,2026-08-29,Direct,CAMP_LOYALTY,Home,182.4,LOYALTY15,0.15,27.36,155.04
CUST_0160,TXN_00982,2026-06-14,Direct,CAMP_FLASH,Beauty,116.31,LOYALTY15,0.15,17.45,98.86
CUST_0244,TXN_00983,2026-08-12,Organic,CAMP_LOYALTY,Sports,127.78,NONE,0.0,0.0,127.78
CUST_0167,TXN_00984,2026-07-10,Direct,CAMP_CART,Fashion,151.21,LOYALTY15,0.15,22.68,128.53
CUST_0010,TXN_00985,2026-06-19,PPC,CAMP_LOYALTY,Electronics,105.15,NONE,0.0,0.0,105.15
CUST_0236,TXN_00986,2026-06-11,Direct,CAMP_CART,Home,167.3,FLASH25,0.25,41.83,125.47
CUST_0076,TXN_00987,2026-08-08,PPC,CAMP_WELCOME,Electronics,221.02,CART20,0.2,44.2,176.82
CUST_0367,TXN_00988,2026-06-04,Direct,CAMP_WELCOME,Fashion,46.48,NONE,0.0,0.0,46.48
CUST_0365,TXN_00989,2026-07-24,Direct,CAMP_SEASONAL,Fashion,124.68,CART20,0.2,24.94,99.74
CUST_0220,TXN_00990,2026-07-24,Social,CAMP_SEASONAL,Fashion,186.13,NONE,0.0,0.0,186.13
CUST_0209,TXN_00991,2026-08-26,Organic,CAMP_FLASH,Fashion,81.55,NONE,0.0,0.0,81.55
CUST_0316,TXN_00992,2026-08-19,Email,CAMP_SEASONAL,Fashion,100.4,FLASH25,0.25,25.1,75.3
CUST_0165,TXN_00993,2026-07-10,Social,CAMP_SEASONAL,Beauty,152.6,NONE,0.0,0.0,152.6
CUST_0376,TXN_00994,2026-07-18,Social,CAMP_SEASONAL,Home,122.45,WELCOME10,0.1,12.24,110.21
CUST_0310,TXN_00995,2026-06-14,Email,CAMP_WELCOME,Home,127.71,NONE,0.0,0.0,127.71
CUST_0258,TXN_00996,2026-08-13,PPC,CAMP_WELCOME,Sports,105.9,CART20,0.2,21.18,84.72
CUST_0091,TXN_00997,2026-06-27,Organic,CAMP_SEASONAL,Fashion,108.11,SEASONAL30,0.3,32.43,75.68
CUST_0045,TXN_00998,2026-07-20,Email,CAMP_LOYALTY,Beauty,112.24,WELCOME10,0.1,11.22,101.02
CUST_0143,TXN_00999,2026-07-05,Organic,CAMP_FLASH,Sports,201.67,NONE,0.0,0.0,201.67
CUST_0389,TXN_01000,2026-07-20,Direct,CAMP_LOYALTY,Sports,199.44,LOYALTY15,0.15,29.92,169.52
CUST_0336,TXN_01001,2026-07-04,Email,CAMP_LOYALTY,Fashion,110.52,NONE,0.0,0.0,110.52
CUST_0027,TXN_01002,2026-07-01,Direct,CAMP_WELCOME,Beauty,141.88,NONE,0.0,0.0,141.88
CUST_0020,TXN_01003,2026-06-28,Direct,CAMP_SEASONAL,Electronics,154.75,SEASONAL30,0.3,46.42,108.33
CUST_0368,TXN_01004,2026-08-06,Social,CAMP_CART,Home,158.94,CART20,0.2,31.79,127.15
CUST_0288,TXN_01005,2026-06-16,Social,CAMP_CART,Electronics,119.02,NONE,0.0,0.0,119.02
CUST_0269,TXN_01006,2026-07-29,Direct,CAMP_WELCOME,Home,143.67,NONE,0.0,0.0,143.67
CUST_0013,TXN_01007,2026-06-03,Email,CAMP_SEASONAL,Home,105.48,NONE,0.0,0.0,105.48
CUST_0302,TXN_01008,2026-08-19,Direct,CAMP_SEASONAL,Beauty,163.51,WELCOME10,0.1,16.35,147.16
CUST_0321,TXN_01009,2026-06-14,Email,CAMP_FLASH,Electronics,128.78,NONE,0.0,0.0,128.78
CUST_0335,TXN_01010,2026-06-18,Social,CAMP_LOYALTY,Electronics,96.57,NONE,0.0,0.0,96.57
CUST_0329,TXN_01011,2026-08-20,PPC,CAMP_CART,Beauty,97.99,WELCOME10,0.1,9.8,88.19
CUST_0047,TXN_01012,2026-07-09,Email,CAMP_WELCOME,Fashion,112.29,NONE,0.0,0.0,112.29
CUST_0083,TXN_01013,2026-07-24,Social,CAMP_WELCOME,Home,160.44,FLASH25,0.25,40.11,120.33
CUST_0251,TXN_01014,2026-06-03,PPC,CAMP_LOYALTY,Home,168.32,NONE,0.0,0.0,168.32
CUST_0340,TXN_01015,2026-06-25,Social,CAMP_SEASONAL,Beauty,54.84,CART20,0.2,10.97,43.87
CUST_0198,TXN_01016,2026-07-06,Organic,CAMP_CART,Fashion,70.0,NONE,0.0,0.0,70.0
CUST_0222,TXN_01017,2026-08-24,PPC,CAMP_FLASH,Beauty,150.44,WELCOME10,0.1,15.04,135.4
CUST_0346,TXN_01018,2026-06-23,PPC,CAMP_WELCOME,Home,153.5,FLASH25,0.25,38.37,115.13
CUST_0239,TXN_01019,2026-07-22,Social,CAMP_LOYALTY,Home,222.65,FLASH25,0.25,55.66,166.99
CUST_0127,TXN_01020,2026-08-24,PPC,CAMP_WELCOME,Sports,94.45,WELCOME10,0.1,9.45,85.0
CUST_0217,TXN_01021,2026-06-06,PPC,CAMP_FLASH,Home,133.34,FLASH25,0.25,33.34,100.0
CUST_0130,TXN_01022,2026-08-07,Social,CAMP_SEASONAL,Electronics,59.17,FLASH25,0.25,14.79,44.38
CUST_0042,TXN_01023,2026-07-22,Organic,CAMP_CART,Beauty,91.81,NONE,0.0,0.0,91.81
CUST_0387,TXN_01024,2026-08-02,Social,CAMP_WELCOME,Sports,103.06,LOYALTY15,0.15,15.46,87.6
CUST_0132,TXN_01025,2026-08-16,Direct,CAMP_CART,Electronics,72.54,NONE,0.0,0.0,72.54
CUST_0002,TXN_01026,2026-07-02,Direct,CAMP_CART,Beauty,132.89,NONE,0.0,0.0,132.89
CUST_0155,TXN_01027,2026-06-12,Organic,CAMP_SEASONAL,Home,145.52,NONE,0.0,0.0,145.52
CUST_0044,TXN_01028,2026-06-01,Social,CAMP_WELCOME,Fashion,146.5,WELCOME10,0.1,14.65,131.85
CUST_0246,TXN_01029,2026-06-07,Social,CAMP_SEASONAL,Sports,146.51,NONE,0.0,0.0,146.51
CUST_0097,TXN_01030,2026-08-27,Email,CAMP_LOYALTY,Fashion,220.8,FLASH25,0.25,55.2,165.6
CUST_0378,TXN_01031,2026-06-28,Direct,CAMP_WELCOME,Beauty,188.54,NONE,0.0,0.0,188.54
CUST_0299,TXN_01032,2026-07-10,Email,CAMP_FLASH,Electronics,142.13,NONE,0.0,0.0,142.13
CUST_0052,TXN_01033,2026-07-07,Direct,CAMP_CART,Sports,185.92,FLASH25,0.25,46.48,139.44
CUST_0374,TXN_01034,2026-06-25,PPC,CAMP_CART,Beauty,97.04,FLASH25,0.25,24.26,72.78
CUST_0118,TXN_01035,2026-08-27,Direct,CAMP_CART,Home,124.74,SEASONAL30,0.3,37.42,87.32
CUST_0283,TXN_01036,2026-08-15,Direct,CAMP_CART,Home,247.12,FLASH25,0.25,61.78,185.34
CUST_0229,TXN_01037,2026-08-27,Social,CAMP_FLASH,Fashion,185.17,NONE,0.0,0.0,185.17
CUST_0240,TXN_01038,2026-06-13,Direct,CAMP_LOYALTY,Home,117.77,CART20,0.2,23.55,94.22
CUST_0370,TXN_01039,2026-07-07,Organic,CAMP_SEASONAL,Fashion,173.22,NONE,0.0,0.0,173.22
CUST_0318,TXN_01040,2026-08-13,Social,CAMP_LOYALTY,Fashion,162.38,FLASH25,0.25,40.6,121.78
CUST_0310,TXN_01041,2026-07-07,Direct,CAMP_FLASH,Fashion,221.23,NONE,0.0,0.0,221.23
CUST_0107,TXN_01042,2026-07-15,Social,CAMP_LOYALTY,Sports,20,CART20,0.2,4.0,16.0
CUST_0016,TXN_01043,2026-07-17,Direct,CAMP_WELCOME,Sports,66.99,NONE,0.0,0.0,66.99
CUST_0116,TXN_01044,2026-07-15,Email,CAMP_CART,Home,168.44,CART20,0.2,33.69,134.75
CUST_0077,TXN_01045,2026-06-25,PPC,CAMP_WELCOME,Electronics,166.94,NONE,0.0,0.0,166.94
CUST_0224,TXN_01046,2026-08-16,PPC,CAMP_CART,Electronics,182.72,NONE,0.0,0.0,182.72
CUST_0287,TXN_01047,2026-08-08,Email,CAMP_LOYALTY,Home,20,WELCOME10,0.1,2.0,18.0
CUST_0080,TXN_01048,2026-06-27,Email,CAMP_LOYALTY,Home,128.29,NONE,0.0,0.0,128.29
CUST_0171,TXN_01049,2026-08-14,Social,CAMP_SEASONAL,Beauty,54.48,NONE,0.0,0.0,54.48
CUST_0393,TXN_01050,2026-07-17,Organic,CAMP_CART,Fashion,144.92,NONE,0.0,0.0,144.92
CUST_0043,TXN_01051,2026-07-14,Social,CAMP_LOYALTY,Sports,99.03,FLASH25,0.25,24.76,74.27
CUST_0215,TXN_01052,2026-07-08,Direct,CAMP_CART,Home,146.95,NONE,0.0,0.0,146.95
CUST_0015,TXN_01053,2026-06-24,Email,CAMP_WELCOME,Home,110.84,WELCOME10,0.1,11.08,99.76
CUST_0161,TXN_01054,2026-08-25,Social,CAMP_CART,Electronics,62.87,FLASH25,0.25,15.72,47.15
CUST_0323,TXN_01055,2026-06-06,PPC,CAMP_FLASH,Beauty,194.82,NONE,0.0,0.0,194.82
CUST_0205,TXN_01056,2026-07-20,Organic,CAMP_WELCOME,Home,204.37,NONE,0.0,0.0,204.37
CUST_0270,TXN_01057,2026-06-01,Direct,CAMP_SEASONAL,Fashion,83.81,LOYALTY15,0.15,12.57,71.24
CUST_0278,TXN_01058,2026-06-07,Direct,CAMP_LOYALTY,Home,85.82,CART20,0.2,17.16,68.66
CUST_0043,TXN_01059,2026-07-11,Social,CAMP_CART,Sports,86.25,CART20,0.2,17.25,69.0
CUST_0145,TXN_01060,2026-07-17,Social,CAMP_WELCOME,Electronics,154.88,NONE,0.0,0.0,154.88
CUST_0276,TXN_01061,2026-07-30,Organic,CAMP_SEASONAL,Sports,204.15,NONE,0.0,0.0,204.15
CUST_0056,TXN_01062,2026-06-26,Organic,CAMP_WELCOME,Electronics,128.08,NONE,0.0,0.0,128.08
CUST_0387,TXN_01063,2026-08-14,Direct,CAMP_FLASH,Sports,35.09,NONE,0.0,0.0,35.09
CUST_0377,TXN_01064,2026-06-18,PPC,CAMP_CART,Fashion,190.02,SEASONAL30,0.3,57.01,133.01
CUST_0179,TXN_01065,2026-06-04,Social,CAMP_SEASONAL,Sports,141.64,SEASONAL30,0.3,42.49,99.15
CUST_0377,TXN_01066,2026-07-02,Email,CAMP_LOYALTY,Beauty,140.73,CART20,0.2,28.15,112.58
CUST_0210,TXN_01067,2026-07-06,Social,CAMP_SEASONAL,Fashion,189.02,WELCOME10,0.1,18.9,170.12
CUST_0228,TXN_01068,2026-06-19,PPC,CAMP_SEASONAL,Home,212.92,NONE,0.0,0.0,212.92
CUST_0299,TXN_01069,2026-07-06,Direct,CAMP_SEASONAL,Beauty,178.94,NONE,0.0,0.0,178.94
CUST_0083,TXN_01070,2026-08-13,PPC,CAMP_CART,Electronics,157.67,NONE,0.0,0.0,157.67
CUST_0355,TXN_01071,2026-08-25,Social,CAMP_CART,Home,162.59,FLASH25,0.25,40.65,121.94
CUST_0060,TXN_01072,2026-07-23,Email,CAMP_CART,Fashion,94.73,SEASONAL30,0.3,28.42,66.31
CUST_0060,TXN_01073,2026-07-22,Organic,CAMP_SEASONAL,Electronics,106.41,CART20,0.2,21.28,85.13
CUST_0073,TXN_01074,2026-07-24,Social,CAMP_LOYALTY,Beauty,186.03,CART20,0.2,37.21,148.82
CUST_0001,TXN_01075,2026-08-21,Email,CAMP_SEASONAL,Beauty,197.19,CART20,0.2,39.44,157.75
CUST_0293,TXN_01076,2026-06-30,PPC,CAMP_LOYALTY,Fashion,117.89,FLASH25,0.25,29.47,88.42
CUST_0258,TXN_01077,2026-06-05,Direct,CAMP_LOYALTY,Home,196.16,FLASH25,0.25,49.04,147.12
CUST_0045,TXN_01078,2026-07-31,Direct,CAMP_FLASH,Sports,165.03,NONE,0.0,0.0,165.03
CUST_0023,TXN_01079,2026-07-04,Organic,CAMP_WELCOME,Fashion,62.66,NONE,0.0,0.0,62.66
CUST_0362,TXN_01080,2026-06-19,Email,CAMP_CART,Electronics,216.63,CART20,0.2,43.33,173.3
CUST_0098,TXN_01081,2026-06-21,PPC,CAMP_WELCOME,Sports,152.04,NONE,0.0,0.0,152.04
CUST_0267,TXN_01082,2026-08-14,PPC,CAMP_LOYALTY,Electronics,163.23,NONE,0.0,0.0,163.23
CUST_0140,TXN_01083,2026-07-29,PPC,CAMP_SEASONAL,Electronics,198.04,NONE,0.0,0.0,198.04
CUST_0273,TXN_01084,2026-07-17,Direct,CAMP_LOYALTY,Beauty,96.35,WELCOME10,0.1,9.63,86.72
CUST_0012,TXN_01085,2026-07-20,Direct,CAMP_FLASH,Electronics,105.32,NONE,0.0,0.0,105.32
CUST_0058,TXN_01086,2026-08-06,Organic,CAMP_WELCOME,Fashion,208.16,NONE,0.0,0.0,208.16
CUST_0157,TXN_01087,2026-06-04,Social,CAMP_WELCOME,Sports,131.3,NONE,0.0,0.0,131.3
CUST_0166,TXN_01088,2026-08-17,Organic,CAMP_LOYALTY,Beauty,176.29,NONE,0.0,0.0,176.29
CUST_0165,TXN_01089,2026-08-14,Email,CAMP_LOYALTY,Fashion,219.0,NONE,0.0,0.0,219.0
CUST_0385,TXN_01090,2026-07-11,Email,CAMP_FLASH,Electronics,106.87,SEASONAL30,0.3,32.06,74.81
CUST_0162,TXN_01091,2026-07-08,Email,CAMP_SEASONAL,Electronics,116.87,NONE,0.0,0.0,116.87
CUST_0208,TXN_01092,2026-06-15,Email,CAMP_LOYALTY,Sports,58.65,SEASONAL30,0.3,17.59,41.06
CUST_0333,TXN_01093,2026-07-22,PPC,CAMP_SEASONAL,Beauty,49.41,NONE,0.0,0.0,49.41
CUST_0042,TXN_01094,2026-08-11,Organic,CAMP_CART,Fashion,176.85,NONE,0.0,0.0,176.85
CUST_0125,TXN_01095,2026-06-19,Direct,CAMP_WELCOME,Electronics,86.7,FLASH25,0.25,21.68,65.02
CUST_0237,TXN_01096,2026-08-08,Email,CAMP_WELCOME,Beauty,214.31,NONE,0.0,0.0,214.31
CUST_0139,TXN_01097,2026-06-03,Direct,CAMP_FLASH,Fashion,121.47,NONE,0.0,0.0,121.47
CUST_0299,TXN_01098,2026-06-18,Email,CAMP_FLASH,Electronics,164.12,SEASONAL30,0.3,49.23,114.89
CUST_0202,TXN_01099,2026-06-19,Organic,CAMP_SEASONAL,Fashion,102.36,LOYALTY15,0.15,15.35,87.01
CUST_0312,TXN_01100,2026-07-17,Organic,CAMP_SEASONAL,Home,41.05,NONE,0.0,0.0,41.05
CUST_0125,TXN_01101,2026-07-19,Organic,CAMP_LOYALTY,Beauty,137.0,NONE,0.0,0.0,137.0
CUST_0306,TXN_01102,2026-06-13,Direct,CAMP_WELCOME,Electronics,82.34,WELCOME10,0.1,8.23,74.11
CUST_0344,TXN_01103,2026-06-01,Direct,CAMP_SEASONAL,Sports,247.33,SEASONAL30,0.3,74.2,173.13
CUST_0041,TXN_01104,2026-06-05,Direct,CAMP_WELCOME,Home,158.49,WELCOME10,0.1,15.85,142.64
CUST_0192,TXN_01105,2026-07-15,Direct,CAMP_LOYALTY,Electronics,62.58,NONE,0.0,0.0,62.58
CUST_0063,TXN_01106,2026-08-27,Organic,CAMP_FLASH,Fashion,20,LOYALTY15,0.15,3.0,17.0
CUST_0046,TXN_01107,2026-06-10,Organic,CAMP_LOYALTY,Fashion,169.97,NONE,0.0,0.0,169.97
CUST_0252,TXN_01108,2026-06-13,Social,CAMP_WELCOME,Fashion,154.74,NONE,0.0,0.0,154.74
CUST_0326,TXN_01109,2026-06-18,PPC,CAMP_SEASONAL,Fashion,136.93,CART20,0.2,27.39,109.54
CUST_0282,TXN_01110,2026-06-18,Social,CAMP_WELCOME,Sports,171.18,SEASONAL30,0.3,51.35,119.83
CUST_0065,TXN_01111,2026-07-27,PPC,CAMP_LOYALTY,Sports,224.56,LOYALTY15,0.15,33.68,190.88
CUST_0373,TXN_01112,2026-06-12,Organic,CAMP_CART,Beauty,147.23,SEASONAL30,0.3,44.17,103.06
CUST_0001,TXN_01113,2026-06-08,Email,CAMP_FLASH,Beauty,104.84,NONE,0.0,0.0,104.84
CUST_0208,TXN_01114,2026-06-24,Email,CAMP_LOYALTY,Electronics,127.51,CART20,0.2,25.5,102.01
CUST_0142,TXN_01115,2026-06-22,Direct,CAMP_FLASH,Electronics,222.1,NONE,0.0,0.0,222.1
CUST_0200,TXN_01116,2026-08-26,Social,CAMP_SEASONAL,Electronics,147.75,NONE,0.0,0.0,147.75
CUST_0127,TXN_01117,2026-07-21,Email,CAMP_WELCOME,Electronics,161.36,CART20,0.2,32.27,129.09
CUST_0245,TXN_01118,2026-07-28,Social,CAMP_WELCOME,Beauty,128.96,CART20,0.2,25.79,103.17
CUST_0122,TXN_01119,2026-08-23,Organic,CAMP_CART,Fashion,145.03,NONE,0.0,0.0,145.03
CUST_0037,TXN_01120,2026-06-16,Email,CAMP_WELCOME,Electronics,152.32,FLASH25,0.25,38.08,114.24
CUST_0017,TXN_01121,2026-08-13,Email,CAMP_SEASONAL,Electronics,64.53,WELCOME10,0.1,6.45,58.08
CUST_0154,TXN_01122,2026-06-19,Email,CAMP_FLASH,Beauty,95.11,WELCOME10,0.1,9.51,85.6
CUST_0205,TXN_01123,2026-07-31,PPC,CAMP_CART,Electronics,102.51,FLASH25,0.25,25.63,76.88
CUST_0232,TXN_01124,2026-06-11,Email,CAMP_FLASH,Electronics,66.97,NONE,0.0,0.0,66.97
CUST_0232,TXN_01125,2026-08-05,Email,CAMP_WELCOME,Electronics,205.27,SEASONAL30,0.3,61.58,143.69
CUST_0304,TXN_01126,2026-06-17,Social,CAMP_CART,Home,123.15,NONE,0.0,0.0,123.15
CUST_0181,TXN_01127,2026-07-04,Social,CAMP_LOYALTY,Fashion,68.22,SEASONAL30,0.3,20.46,47.76
CUST_0022,TXN_01128,2026-07-21,PPC,CAMP_CART,Fashion,184.14,CART20,0.2,36.83,147.31
CUST_0075,TXN_01129,2026-07-17,Organic,CAMP_FLASH,Electronics,157.64,SEASONAL30,0.3,47.29,110.35
CUST_0265,TXN_01130,2026-06-19,Email,CAMP_SEASONAL,Home,69.09,SEASONAL30,0.3,20.73,48.36
CUST_0100,TXN_01131,2026-06-09,Social,CAMP_WELCOME,Home,97.19,NONE,0.0,0.0,97.19
CUST_0096,TXN_01132,2026-06-14,Organic,CAMP_CART,Sports,98.18,NONE,0.0,0.0,98.18
CUST_0171,TXN_01133,2026-07-18,Social,CAMP_WELCOME,Beauty,66.3,FLASH25,0.25,16.58,49.72
CUST_0021,TXN_01134,2026-07-01,PPC,CAMP_LOYALTY,Fashion,20,LOYALTY15,0.15,3.0,17.0
CUST_0246,TXN_01135,2026-07-18,Direct,CAMP_LOYALTY,Beauty,143.16,NONE,0.0,0.0,143.16
CUST_0094,TXN_01136,2026-08-26,PPC,CAMP_WELCOME,Fashion,142.94,CART20,0.2,28.59,114.35
CUST_0148,TXN_01137,2026-06-10,PPC,CAMP_FLASH,Electronics,134.33,NONE,0.0,0.0,134.33
CUST_0015,TXN_01138,2026-08-07,Organic,CAMP_CART,Fashion,154.13,CART20,0.2,30.83,123.3
CUST_0091,TXN_01139,2026-07-27,Email,CAMP_WELCOME,Fashion,182.69,LOYALTY15,0.15,27.4,155.29
CUST_0194,TXN_01140,2026-07-21,Direct,CAMP_LOYALTY,Home,75.62,LOYALTY15,0.15,11.34,64.28
CUST_0190,TXN_01141,2026-06-23,PPC,CAMP_SEASONAL,Electronics,45.44,NONE,0.0,0.0,45.44
CUST_0060,TXN_01142,2026-08-05,PPC,CAMP_SEASONAL,Home,216.91,NONE,0.0,0.0,216.91
CUST_0162,TXN_01143,2026-06-09,Social,CAMP_WELCOME,Sports,238.43,NONE,0.0,0.0,238.43
CUST_0300,TXN_01144,2026-07-19,Social,CAMP_WELCOME,Home,165.43,NONE,0.0,0.0,165.43
CUST_0064,TXN_01145,2026-06-16,Direct,CAMP_LOYALTY,Electronics,203.18,NONE,0.0,0.0,203.18
CUST_0240,TXN_01146,2026-06-08,PPC,CAMP_FLASH,Beauty,159.36,FLASH25,0.25,39.84,119.52
CUST_0265,TXN_01147,2026-07-13,PPC,CAMP_SEASONAL,Beauty,66.53,CART20,0.2,13.31,53.22
CUST_0242,TXN_01148,2026-06-16,Email,CAMP_LOYALTY,Fashion,133.6,NONE,0.0,0.0,133.6
CUST_0103,TXN_01149,2026-07-10,Social,CAMP_FLASH,Beauty,195.31,LOYALTY15,0.15,29.3,166.01
CUST_0193,TXN_01150,2026-08-19,Social,CAMP_WELCOME,Home,23.96,SEASONAL30,0.3,7.19,16.77
CUST_0227,TXN_01151,2026-07-31,PPC,CAMP_WELCOME,Beauty,84.17,NONE,0.0,0.0,84.17
CUST_0262,TXN_01152,2026-07-13,Direct,CAMP_FLASH,Home,98.03,FLASH25,0.25,24.51,73.52
CUST_0195,TXN_01153,2026-07-31,Organic,CAMP_WELCOME,Home,100.02,FLASH25,0.25,25.01,75.01
CUST_0042,TXN_01154,2026-08-19,Organic,CAMP_LOYALTY,Electronics,122.08,NONE,0.0,0.0,122.08
CUST_0060,TXN_01155,2026-06-21,Social,CAMP_FLASH,Fashion,202.4,WELCOME10,0.1,20.24,182.16
CUST_0345,TXN_01156,2026-06-03,Organic,CAMP_LOYALTY,Sports,117.69,NONE,0.0,0.0,117.69
CUST_0070,TXN_01157,2026-06-21,Organic,CAMP_WELCOME,Home,181.04,NONE,0.0,0.0,181.04
CUST_0144,TXN_01158,2026-06-16,Email,CAMP_SEASONAL,Sports,182.2,FLASH25,0.25,45.55,136.65
CUST_0389,TXN_01159,2026-07-10,Social,CAMP_LOYALTY,Fashion,53.59,NONE,0.0,0.0,53.59
CUST_0242,TXN_01160,2026-07-01,Organic,CAMP_WELCOME,Home,147.47,FLASH25,0.25,36.87,110.6
CUST_0096,TXN_01161,2026-06-01,Direct,CAMP_LOYALTY,Beauty,212.76,NONE,0.0,0.0,212.76
CUST_0230,TXN_01162,2026-07-21,Email,CAMP_SEASONAL,Home,148.2,LOYALTY15,0.15,22.23,125.97
CUST_0173,TXN_01163,2026-06-03,Direct,CAMP_CART,Home,129.15,FLASH25,0.25,32.29,96.86
CUST_0166,TXN_01164,2026-08-10,Organic,CAMP_CART,Sports,79.15,LOYALTY15,0.15,11.87,67.28
CUST_0311,TXN_01165,2026-07-10,Direct,CAMP_LOYALTY,Beauty,103.0,NONE,0.0,0.0,103.0
CUST_0032,TXN_01166,2026-07-03,Organic,CAMP_WELCOME,Fashion,105.3,SEASONAL30,0.3,31.59,73.71
CUST_0053,TXN_01167,2026-08-07,Email,CAMP_CART,Beauty,132.36,NONE,0.0,0.0,132.36
CUST_0013,TXN_01168,2026-07-24,Social,CAMP_LOYALTY,Home,148.09,NONE,0.0,0.0,148.09
CUST_0337,TXN_01169,2026-08-22,Organic,CAMP_CART,Electronics,159.24,FLASH25,0.25,39.81,119.43
CUST_0087,TXN_01170,2026-08-13,PPC,CAMP_SEASONAL,Beauty,84.03,WELCOME10,0.1,8.4,75.63
CUST_0380,TXN_01171,2026-08-13,Social,CAMP_FLASH,Beauty,246.88,LOYALTY15,0.15,37.03,209.85
CUST_0363,TXN_01172,2026-06-15,Social,CAMP_CART,Beauty,123.5,CART20,0.2,24.7,98.8
CUST_0141,TXN_01173,2026-07-03,Email,CAMP_SEASONAL,Sports,112.18,LOYALTY15,0.15,16.83,95.35
CUST_0126,TXN_01174,2026-07-02,Direct,CAMP_CART,Electronics,20.81,NONE,0.0,0.0,20.81
CUST_0377,TXN_01175,2026-07-16,Organic,CAMP_SEASONAL,Sports,120.46,FLASH25,0.25,30.12,90.34
CUST_0089,TXN_01176,2026-07-05,Direct,CAMP_SEASONAL,Fashion,110.21,NONE,0.0,0.0,110.21
CUST_0357,TXN_01177,2026-06-01,Email,CAMP_LOYALTY,Fashion,157.61,FLASH25,0.25,39.4,118.21
CUST_0140,TXN_01178,2026-08-21,Social,CAMP_SEASONAL,Beauty,190.55,NONE,0.0,0.0,190.55
CUST_0390,TXN_01179,2026-07-13,Email,CAMP_WELCOME,Sports,94.03,NONE,0.0,0.0,94.03
CUST_0392,TXN_01180,2026-06-26,Email,CAMP_SEASONAL,Electronics,150.42,LOYALTY15,0.15,22.56,127.86
CUST_0037,TXN_01181,2026-07-12,Organic,CAMP_SEASONAL,Fashion,84.46,FLASH25,0.25,21.12,63.34
CUST_0203,TXN_01182,2026-08-12,Organic,CAMP_SEASONAL,Beauty,180.61,NONE,0.0,0.0,180.61
CUST_0236,TXN_01183,2026-06-06,Social,CAMP_SEASONAL,Fashion,149.82,SEASONAL30,0.3,44.95,104.87
CUST_0241,TXN_01184,2026-06-13,Email,CAMP_LOYALTY,Home,185.21,WELCOME10,0.1,18.52,166.69
CUST_0063,TXN_01185,2026-08-08,Email,CAMP_WELCOME,Home,44.59,FLASH25,0.25,11.15,33.44
CUST_0078,TXN_01186,2026-06-04,PPC,CAMP_LOYALTY,Beauty,107.94,NONE,0.0,0.0,107.94
CUST_0356,TXN_01187,2026-06-08,Email,CAMP_SEASONAL,Home,152.54,SEASONAL30,0.3,45.76,106.78
CUST_0227,TXN_01188,2026-08-04,Social,CAMP_FLASH,Fashion,145.03,NONE,0.0,0.0,145.03
CUST_0102,TXN_01189,2026-08-26,Email,CAMP_FLASH,Fashion,141.72,FLASH25,0.25,35.43,106.29
CUST_0348,TXN_01190,2026-06-05,Social,CAMP_LOYALTY,Electronics,121.07,NONE,0.0,0.0,121.07
CUST_0212,TXN_01191,2026-07-19,PPC,CAMP_LOYALTY,Sports,106.1,CART20,0.2,21.22,84.88
CUST_0106,TXN_01192,2026-07-31,Social,CAMP_WELCOME,Home,190.52,NONE,0.0,0.0,190.52
CUST_0165,TXN_01193,2026-06-07,Organic,CAMP_WELCOME,Beauty,117.89,FLASH25,0.25,29.47,88.42
CUST_0108,TXN_01194,2026-06-07,PPC,CAMP_FLASH,Electronics,120.35,NONE,0.0,0.0,120.35
CUST_0034,TXN_01195,2026-07-08,Organic,CAMP_CART,Beauty,145.21,NONE,0.0,0.0,145.21
CUST_0052,TXN_01196,2026-06-18,Social,CAMP_FLASH,Electronics,117.29,NONE,0.0,0.0,117.29
CUST_0307,TXN_01197,2026-06-04,Social,CAMP_FLASH,Fashion,45.33,FLASH25,0.25,11.33,34.0
CUST_0325,TXN_01198,2026-06-05,Direct,CAMP_WELCOME,Home,146.17,NONE,0.0,0.0,146.17
CUST_0009,TXN_01199,2026-06-16,Direct,CAMP_SEASONAL,Sports,56.33,NONE,0.0,0.0,56.33
CUST_0327,TXN_01200,2026-08-28,Social,CAMP_WELCOME,Sports,136.65,NONE,0.0,0.0,136.65
CUST_0388,TXN_01201,2026-07-21,Social,CAMP_SEASONAL,Fashion,75.01,NONE,0.0,0.0,75.01
CUST_0317,TXN_01202,2026-08-10,Direct,CAMP_LOYALTY,Electronics,166.28,LOYALTY15,0.15,24.94,141.34
CUST_0121,TXN_01203,2026-06-14,Direct,CAMP_FLASH,Fashion,154.31,NONE,0.0,0.0,154.31
CUST_0142,TXN_01204,2026-06-08,Organic,CAMP_WELCOME,Fashion,100.18,FLASH25,0.25,25.04,75.14
CUST_0375,TXN_01205,2026-07-29,Social,CAMP_CART,Electronics,228.14,NONE,0.0,0.0,228.14
CUST_0340,TXN_01206,2026-06-13,Direct,CAMP_CART,Home,238.64,LOYALTY15,0.15,35.8,202.84
CUST_0093,TXN_01207,2026-08-21,Direct,CAMP_WELCOME,Fashion,132.78,WELCOME10,0.1,13.28,119.5
CUST_0026,TXN_01208,2026-08-07,PPC,CAMP_CART,Fashion,119.82,WELCOME10,0.1,11.98,107.84
CUST_0120,TXN_01209,2026-07-01,Organic,CAMP_LOYALTY,Fashion,117.29,FLASH25,0.25,29.32,87.97
CUST_0125,TXN_01210,2026-07-03,Social,CAMP_FLASH,Beauty,73.34,SEASONAL30,0.3,22.0,51.34
CUST_0040,TXN_01211,2026-07-14,Direct,CAMP_SEASONAL,Fashion,174.49,NONE,0.0,0.0,174.49
CUST_0241,TXN_01212,2026-08-10,Direct,CAMP_WELCOME,Beauty,79.12,NONE,0.0,0.0,79.12
CUST_0218,TXN_01213,2026-07-22,PPC,CAMP_CART,Fashion,163.5,NONE,0.0,0.0,163.5
CUST_0283,TXN_01214,2026-07-24,Direct,CAMP_CART,Sports,133.8,FLASH25,0.25,33.45,100.35
CUST_0246,TXN_01215,2026-06-30,Social,CAMP_LOYALTY,Fashion,98.03,LOYALTY15,0.15,14.71,83.32
CUST_0002,TXN_01216,2026-06-28,Direct,CAMP_SEASONAL,Beauty,204.61,NONE,0.0,0.0,204.61
CUST_0380,TXN_01217,2026-07-21,PPC,CAMP_WELCOME,Beauty,145.22,FLASH25,0.25,36.31,108.91
CUST_0019,TXN_01218,2026-08-09,Social,CAMP_SEASONAL,Home,168.33,NONE,0.0,0.0,168.33
CUST_0394,TXN_01219,2026-07-16,PPC,CAMP_SEASONAL,Home,138.66,NONE,0.0,0.0,138.66
CUST_0356,TXN_01220,2026-07-29,Social,CAMP_SEASONAL,Electronics,190.73,NONE,0.0,0.0,190.73
CUST_0185,TXN_01221,2026-06-01,Social,CAMP_FLASH,Sports,159.25,WELCOME10,0.1,15.92,143.33
CUST_0233,TXN_01222,2026-06-06,Social,CAMP_WELCOME,Electronics,169.17,SEASONAL30,0.3,50.75,118.42
CUST_0394,TXN_01223,2026-07-10,PPC,CAMP_WELCOME,Sports,129.35,FLASH25,0.25,32.34,97.01
CUST_0096,TXN_01224,2026-06-02,Organic,CAMP_CART,Sports,163.57,NONE,0.0,0.0,163.57
CUST_0337,TXN_01225,2026-06-15,Organic,CAMP_SEASONAL,Electronics,116.73,NONE,0.0,0.0,116.73
CUST_0055,TXN_01226,2026-07-26,Social,CAMP_SEASONAL,Home,77.55,LOYALTY15,0.15,11.63,65.92
CUST_0003,TXN_01227,2026-06-28,Email,CAMP_WELCOME,Electronics,68.1,NONE,0.0,0.0,68.1
CUST_0396,TXN_01228,2026-07-05,Social,CAMP_LOYALTY,Home,117.79,NONE,0.0,0.0,117.79
CUST_0095,TXN_01229,2026-08-04,Direct,CAMP_LOYALTY,Sports,76.67,NONE,0.0,0.0,76.67
CUST_0056,TXN_01230,2026-08-06,Social,CAMP_FLASH,Beauty,43.87,WELCOME10,0.1,4.39,39.48
CUST_0225,TXN_01231,2026-08-16,Social,CAMP_WELCOME,Home,170.79,SEASONAL30,0.3,51.24,119.55
CUST_0043,TXN_01232,2026-07-30,Direct,CAMP_SEASONAL,Electronics,108.16,SEASONAL30,0.3,32.45,75.71
CUST_0004,TXN_01233,2026-06-05,PPC,CAMP_WELCOME,Electronics,170.77,WELCOME10,0.1,17.08,153.69
CUST_0108,TXN_01234,2026-06-28,Direct,CAMP_FLASH,Sports,133.42,CART20,0.2,26.68,106.74
CUST_0219,TXN_01235,2026-07-20,Social,CAMP_FLASH,Beauty,139.07,CART20,0.2,27.81,111.26
CUST_0193,TXN_01236,2026-08-17,Email,CAMP_SEASONAL,Beauty,25.19,NONE,0.0,0.0,25.19
CUST_0371,TXN_01237,2026-08-26,PPC,CAMP_WELCOME,Sports,44.03,LOYALTY15,0.15,6.6,37.43
CUST_0143,TXN_01238,2026-06-11,Direct,CAMP_CART,Beauty,227.47,FLASH25,0.25,56.87,170.6
CUST_0338,TXN_01239,2026-08-27,Organic,CAMP_WELCOME,Home,112.22,CART20,0.2,22.44,89.78
CUST_0347,TXN_01240,2026-08-19,Organic,CAMP_SEASONAL,Beauty,69.41,SEASONAL30,0.3,20.82,48.59
CUST_0337,TXN_01241,2026-08-17,Direct,CAMP_FLASH,Sports,165.76,NONE,0.0,0.0,165.76
CUST_0099,TXN_01242,2026-06-26,Email,CAMP_LOYALTY,Beauty,113.69,NONE,0.0,0.0,113.69
CUST_0044,TXN_01243,2026-06-04,PPC,CAMP_SEASONAL,Fashion,32.09,NONE,0.0,0.0,32.09
CUST_0228,TXN_01244,2026-07-29,Social,CAMP_LOYALTY,Electronics,200.6,NONE,0.0,0.0,200.6
CUST_0054,TXN_01245,2026-08-09,Organic,CAMP_SEASONAL,Home,122.42,WELCOME10,0.1,12.24,110.18
CUST_0112,TXN_01246,2026-06-05,Email,CAMP_LOYALTY,Sports,124.32,NONE,0.0,0.0,124.32
CUST_0324,TXN_01247,2026-08-18,Organic,CAMP_LOYALTY,Sports,60.08,NONE,0.0,0.0,60.08
CUST_0392,TXN_01248,2026-06-07,PPC,CAMP_SEASONAL,Fashion,157.85,FLASH25,0.25,39.46,118.39
CUST_0114,TXN_01249,2026-08-18,Email,CAMP_WELCOME,Home,130.74,CART20,0.2,26.15,104.59
CUST_0379,TXN_01250,2026-06-17,Organic,CAMP_LOYALTY,Home,110.28,NONE,0.0,0.0,110.28
CUST_0194,TXN_01251,2026-07-21,Email,CAMP_CART,Sports,120.56,WELCOME10,0.1,12.06,108.5
CUST_0097,TXN_01252,2026-06-04,Social,CAMP_CART,Sports,228.07,CART20,0.2,45.61,182.46
CUST_0302,TXN_01253,2026-08-28,PPC,CAMP_SEASONAL,Home,20,FLASH25,0.25,5.0,15.0
CUST_0074,TXN_01254,2026-08-11,PPC,CAMP_FLASH,Fashion,158.64,FLASH25,0.25,39.66,118.98
CUST_0382,TXN_01255,2026-06-01,Email,CAMP_CART,Home,97.77,NONE,0.0,0.0,97.77
CUST_0158,TXN_01256,2026-06-17,Direct,CAMP_LOYALTY,Beauty,56.0,NONE,0.0,0.0,56.0
CUST_0149,TXN_01257,2026-07-12,Email,CAMP_FLASH,Fashion,138.74,NONE,0.0,0.0,138.74
CUST_0366,TXN_01258,2026-06-01,Email,CAMP_LOYALTY,Beauty,161.88,NONE,0.0,0.0,161.88
CUST_0372,TXN_01259,2026-08-27,PPC,CAMP_SEASONAL,Home,226.62,LOYALTY15,0.15,33.99,192.63
CUST_0216,TXN_01260,2026-07-10,Email,CAMP_CART,Home,66.69,NONE,0.0,0.0,66.69
CUST_0144,TXN_01261,2026-08-05,PPC,CAMP_SEASONAL,Electronics,20,NONE,0.0,0.0,20.0
CUST_0067,TXN_01262,2026-08-23,Organic,CAMP_SEASONAL,Fashion,96.66,NONE,0.0,0.0,96.66
CUST_0295,TXN_01263,2026-07-23,Social,CAMP_LOYALTY,Fashion,227.18,FLASH25,0.25,56.8,170.38
CUST_0383,TXN_01264,2026-08-16,Social,CAMP_SEASONAL,Beauty,166.73,SEASONAL30,0.3,50.02,116.71
CUST_0347,TXN_01265,2026-08-22,Email,CAMP_FLASH,Beauty,215.22,NONE,0.0,0.0,215.22
CUST_0091,TXN_01266,2026-06-15,Direct,CAMP_LOYALTY,Beauty,165.86,CART20,0.2,33.17,132.69
CUST_0125,TXN_01267,2026-07-10,Direct,CAMP_FLASH,Sports,130.7,LOYALTY15,0.15,19.61,111.09
CUST_0088,TXN_01268,2026-06-05,Email,CAMP_SEASONAL,Beauty,109.4,NONE,0.0,0.0,109.4
CUST_0140,TXN_01269,2026-07-13,Email,CAMP_WELCOME,Electronics,96.29,FLASH25,0.25,24.07,72.22
CUST_0042,TXN_01270,2026-08-01,Email,CAMP_CART,Sports,196.72,NONE,0.0,0.0,196.72
CUST_0293,TXN_01271,2026-06-15,Social,CAMP_SEASONAL,Beauty,194.66,WELCOME10,0.1,19.47,175.19
CUST_0330,TXN_01272,2026-08-21,PPC,CAMP_LOYALTY,Beauty,126.45,CART20,0.2,25.29,101.16
CUST_0358,TXN_01273,2026-06-22,PPC,CAMP_SEASONAL,Electronics,95.73,SEASONAL30,0.3,28.72,67.01
CUST_0265,TXN_01274,2026-08-03,Email,CAMP_LOYALTY,Sports,175.63,WELCOME10,0.1,17.56,158.07
CUST_0355,TXN_01275,2026-07-03,Organic,CAMP_WELCOME,Electronics,81.56,SEASONAL30,0.3,24.47,57.09
CUST_0065,TXN_01276,2026-08-25,Email,CAMP_WELCOME,Sports,68.75,CART20,0.2,13.75,55.0
CUST_0152,TXN_01277,2026-08-08,Direct,CAMP_WELCOME,Fashion,103.65,SEASONAL30,0.3,31.1,72.55
CUST_0153,TXN_01278,2026-07-23,PPC,CAMP_SEASONAL,Fashion,267.25,NONE,0.0,0.0,267.25
CUST_0295,TXN_01279,2026-06-24,Organic,CAMP_CART,Sports,177.98,CART20,0.2,35.6,142.38
CUST_0261,TXN_01280,2026-07-30,Email,CAMP_LOYALTY,Fashion,146.27,NONE,0.0,0.0,146.27
CUST_0153,TXN_01281,2026-08-02,Social,CAMP_CART,Sports,164.32,NONE,0.0,0.0,164.32
CUST_0110,TXN_01282,2026-07-06,Email,CAMP_CART,Home,102.84,NONE,0.0,0.0,102.84
CUST_0133,TXN_01283,2026-07-09,Direct,CAMP_WELCOME,Home,115.83,LOYALTY15,0.15,17.37,98.46
CUST_0346,TXN_01284,2026-08-20,Organic,CAMP_LOYALTY,Home,64.45,NONE,0.0,0.0,64.45
CUST_0288,TXN_01285,2026-06-25,PPC,CAMP_LOYALTY,Beauty,178.29,NONE,0.0,0.0,178.29
CUST_0078,TXN_01286,2026-07-29,Email,CAMP_FLASH,Electronics,100.78,SEASONAL30,0.3,30.23,70.55
CUST_0272,TXN_01287,2026-07-08,Email,CAMP_FLASH,Electronics,228.55,SEASONAL30,0.3,68.56,159.99
CUST_0185,TXN_01288,2026-07-25,Email,CAMP_WELCOME,Beauty,220.33,LOYALTY15,0.15,33.05,187.28
CUST_0113,TXN_01289,2026-08-16,Email,CAMP_LOYALTY,Sports,88.48,NONE,0.0,0.0,88.48
CUST_0372,TXN_01290,2026-06-23,Organic,CAMP_CART,Home,192.02,WELCOME10,0.1,19.2,172.82
CUST_0282,TXN_01291,2026-08-23,Social,CAMP_FLASH,Beauty,88.32,WELCOME10,0.1,8.83,79.49
CUST_0092,TXN_01292,2026-06-22,PPC,CAMP_CART,Beauty,89.08,NONE,0.0,0.0,89.08
CUST_0244,TXN_01293,2026-07-27,Email,CAMP_CART,Fashion,214.75,NONE,0.0,0.0,214.75
CUST_0336,TXN_01294,2026-08-23,Organic,CAMP_LOYALTY,Sports,177.62,NONE,0.0,0.0,177.62
CUST_0214,TXN_01295,2026-08-06,Direct,CAMP_FLASH,Beauty,178.28,NONE,0.0,0.0,178.28
CUST_0257,TXN_01296,2026-07-31,Organic,CAMP_WELCOME,Home,108.86,NONE,0.0,0.0,108.86
CUST_0208,TXN_01297,2026-08-18,Email,CAMP_WELCOME,Fashion,272.21,NONE,0.0,0.0,272.21
CUST_0047,TXN_01298,2026-06-20,Direct,CAMP_WELCOME,Beauty,149.62,NONE,0.0,0.0,149.62
CUST_0346,TXN_01299,2026-08-12,Direct,CAMP_SEASONAL,Sports,156.29,NONE,0.0,0.0,156.29
CUST_0350,TXN_01300,2026-07-09,Email,CAMP_CART,Fashion,255.1,NONE,0.0,0.0,255.1
CUST_0381,TXN_01301,2026-06-01,PPC,CAMP_FLASH,Fashion,138.52,FLASH25,0.25,34.63,103.89
CUST_0378,TXN_01302,2026-06-23,PPC,CAMP_WELCOME,Sports,74.46,NONE,0.0,0.0,74.46
CUST_0229,TXN_01303,2026-06-04,PPC,CAMP_LOYALTY,Fashion,35.02,NONE,0.0,0.0,35.02
CUST_0038,TXN_01304,2026-07-06,Direct,CAMP_SEASONAL,Fashion,120.26,WELCOME10,0.1,12.03,108.23
CUST_0191,TXN_01305,2026-07-17,Social,CAMP_CART,Electronics,161.82,NONE,0.0,0.0,161.82
CUST_0148,TXN_01306,2026-07-10,Social,CAMP_FLASH,Sports,126.06,SEASONAL30,0.3,37.82,88.24
CUST_0018,TXN_01307,2026-06-11,Direct,CAMP_WELCOME,Home,183.68,NONE,0.0,0.0,183.68
CUST_0003,TXN_01308,2026-08-29,Organic,CAMP_LOYALTY,Beauty,103.29,NONE,0.0,0.0,103.29
CUST_0181,TXN_01309,2026-06-28,Social,CAMP_WELCOME,Sports,107.41,FLASH25,0.25,26.85,80.56
CUST_0263,TXN_01310,2026-08-29,Social,CAMP_FLASH,Fashion,185.45,NONE,0.0,0.0,185.45
CUST_0240,TXN_01311,2026-07-14,Direct,CAMP_LOYALTY,Sports,106.33,CART20,0.2,21.27,85.06
CUST_0137,TXN_01312,2026-08-12,Organic,CAMP_SEASONAL,Electronics,185.84,LOYALTY15,0.15,27.88,157.96
CUST_0183,TXN_01313,2026-08-04,Email,CAMP_LOYALTY,Home,177.3,NONE,0.0,0.0,177.3
CUST_0020,TXN_01314,2026-08-09,Social,CAMP_SEASONAL,Home,178.38,WELCOME10,0.1,17.84,160.54
CUST_0060,TXN_01315,2026-06-20,Direct,CAMP_LOYALTY,Home,182.82,NONE,0.0,0.0,182.82
CUST_0384,TXN_01316,2026-08-13,Email,CAMP_WELCOME,Electronics,150.26,FLASH25,0.25,37.57,112.69
CUST_0064,TXN_01317,2026-08-28,Social,CAMP_WELCOME,Home,26.81,SEASONAL30,0.3,8.04,18.77
CUST_0219,TXN_01318,2026-07-24,Direct,CAMP_WELCOME,Beauty,228.96,CART20,0.2,45.79,183.17
CUST_0126,TXN_01319,2026-06-25,Social,CAMP_LOYALTY,Home,126.73,NONE,0.0,0.0,126.73
CUST_0392,TXN_01320,2026-06-05,Direct,CAMP_LOYALTY,Beauty,172.27,NONE,0.0,0.0,172.27
CUST_0361,TXN_01321,2026-08-16,PPC,CAMP_CART,Fashion,168.45,NONE,0.0,0.0,168.45
CUST_0096,TXN_01322,2026-07-31,Email,CAMP_LOYALTY,Beauty,213.48,NONE,0.0,0.0,213.48
CUST_0019,TXN_01323,2026-08-05,Social,CAMP_SEASONAL,Electronics,136.56,NONE,0.0,0.0,136.56
CUST_0315,TXN_01324,2026-07-21,Social,CAMP_LOYALTY,Home,174.21,SEASONAL30,0.3,52.26,121.95
CUST_0218,TXN_01325,2026-06-25,Direct,CAMP_WELCOME,Home,244.48,NONE,0.0,0.0,244.48
CUST_0056,TXN_01326,2026-07-07,Social,CAMP_FLASH,Electronics,134.62,NONE,0.0,0.0,134.62
CUST_0093,TXN_01327,2026-06-06,Organic,CAMP_LOYALTY,Home,184.31,WELCOME10,0.1,18.43,165.88
CUST_0241,TXN_01328,2026-06-28,Organic,CAMP_FLASH,Home,125.85,CART20,0.2,25.17,100.68
CUST_0057,TXN_01329,2026-06-03,PPC,CAMP_LOYALTY,Home,213.78,WELCOME10,0.1,21.38,192.4
CUST_0184,TXN_01330,2026-06-23,PPC,CAMP_FLASH,Fashion,137.15,NONE,0.0,0.0,137.15
CUST_0332,TXN_01331,2026-07-11,Email,CAMP_WELCOME,Fashion,87.99,SEASONAL30,0.3,26.4,61.59
CUST_0322,TXN_01332,2026-08-05,Direct,CAMP_WELCOME,Electronics,138.7,LOYALTY15,0.15,20.81,117.89
CUST_0279,TXN_01333,2026-06-30,Social,CAMP_CART,Fashion,112.18,CART20,0.2,22.44,89.74
CUST_0022,TXN_01334,2026-06-19,Organic,CAMP_FLASH,Beauty,179.75,NONE,0.0,0.0,179.75
CUST_0322,TXN_01335,2026-08-21,Direct,CAMP_SEASONAL,Sports,181.19,FLASH25,0.25,45.3,135.89
CUST_0257,TXN_01336,2026-08-13,Organic,CAMP_WELCOME,Sports,148.45,NONE,0.0,0.0,148.45
CUST_0031,TXN_01337,2026-07-10,Direct,CAMP_CART,Sports,107.85,LOYALTY15,0.15,16.18,91.67
CUST_0038,TXN_01338,2026-07-09,PPC,CAMP_FLASH,Fashion,186.41,FLASH25,0.25,46.6,139.81
CUST_0094,TXN_01339,2026-08-02,PPC,CAMP_WELCOME,Sports,219.06,SEASONAL30,0.3,65.72,153.34
CUST_0233,TXN_01340,2026-07-23,Organic,CAMP_CART,Electronics,52.2,LOYALTY15,0.15,7.83,44.37
CUST_0087,TXN_01341,2026-07-30,Organic,CAMP_WELCOME,Fashion,137.89,SEASONAL30,0.3,41.37,96.52
CUST_0142,TXN_01342,2026-06-08,Social,CAMP_LOYALTY,Sports,179.19,NONE,0.0,0.0,179.19
CUST_0059,TXN_01343,2026-06-10,PPC,CAMP_FLASH,Home,120.72,CART20,0.2,24.14,96.58
CUST_0042,TXN_01344,2026-08-12,Direct,CAMP_CART,Home,247.75,NONE,0.0,0.0,247.75
CUST_0166,TXN_01345,2026-06-10,Email,CAMP_FLASH,Fashion,102.3,NONE,0.0,0.0,102.3
CUST_0374,TXN_01346,2026-06-22,PPC,CAMP_WELCOME,Beauty,173.49,NONE,0.0,0.0,173.49
CUST_0334,TXN_01347,2026-06-20,Social,CAMP_SEASONAL,Fashion,132.57,SEASONAL30,0.3,39.77,92.8
CUST_0166,TXN_01348,2026-07-10,Social,CAMP_SEASONAL,Fashion,131.45,NONE,0.0,0.0,131.45
CUST_0373,TXN_01349,2026-08-11,Direct,CAMP_WELCOME,Beauty,212.11,CART20,0.2,42.42,169.69
CUST_0092,TXN_01350,2026-06-28,Social,CAMP_FLASH,Electronics,42.14,SEASONAL30,0.3,12.64,29.5
CUST_0158,TXN_01351,2026-07-10,PPC,CAMP_LOYALTY,Electronics,165.53,LOYALTY15,0.15,24.83,140.7
CUST_0073,TXN_01352,2026-07-09,Email,CAMP_CART,Fashion,177.1,NONE,0.0,0.0,177.1
CUST_0372,TXN_01353,2026-06-13,Email,CAMP_SEASONAL,Beauty,158.05,WELCOME10,0.1,15.8,142.25
CUST_0010,TXN_01354,2026-08-24,Social,CAMP_LOYALTY,Electronics,147.0,NONE,0.0,0.0,147.0
CUST_0137,TXN_01355,2026-08-28,Email,CAMP_WELCOME,Sports,145.79,SEASONAL30,0.3,43.74,102.05
CUST_0376,TXN_01356,2026-06-29,PPC,CAMP_SEASONAL,Fashion,184.76,LOYALTY15,0.15,27.71,157.05
CUST_0157,TXN_01357,2026-07-29,Email,CAMP_CART,Home,42.1,LOYALTY15,0.15,6.31,35.79
CUST_0321,TXN_01358,2026-07-23,Email,CAMP_CART,Beauty,129.04,SEASONAL30,0.3,38.71,90.33
CUST_0072,TXN_01359,2026-08-26,Social,CAMP_SEASONAL,Beauty,136.92,LOYALTY15,0.15,20.54,116.38
CUST_0075,TXN_01360,2026-06-03,Direct,CAMP_WELCOME,Beauty,112.66,NONE,0.0,0.0,112.66
CUST_0086,TXN_01361,2026-08-01,Email,CAMP_FLASH,Home,176.03,NONE,0.0,0.0,176.03
CUST_0039,TXN_01362,2026-08-19,Email,CAMP_CART,Fashion,119.37,NONE,0.0,0.0,119.37
CUST_0091,TXN_01363,2026-06-14,Social,CAMP_SEASONAL,Fashion,121.65,CART20,0.2,24.33,97.32
CUST_0341,TXN_01364,2026-08-16,Organic,CAMP_SEASONAL,Home,110.38,NONE,0.0,0.0,110.38
CUST_0135,TXN_01365,2026-08-20,Email,CAMP_LOYALTY,Fashion,68.92,NONE,0.0,0.0,68.92
CUST_0163,TXN_01366,2026-06-29,Email,CAMP_WELCOME,Sports,175.84,NONE,0.0,0.0,175.84
CUST_0218,TXN_01367,2026-07-25,Social,CAMP_WELCOME,Home,187.92,NONE,0.0,0.0,187.92
CUST_0065,TXN_01368,2026-06-29,Direct,CAMP_CART,Home,162.51,FLASH25,0.25,40.63,121.88
CUST_0070,TXN_01369,2026-06-07,Social,CAMP_SEASONAL,Beauty,189.34,NONE,0.0,0.0,189.34
CUST_0281,TXN_01370,2026-07-31,Direct,CAMP_WELCOME,Sports,72.07,NONE,0.0,0.0,72.07
CUST_0366,TXN_01371,2026-06-02,Social,CAMP_WELCOME,Fashion,141.24,SEASONAL30,0.3,42.37,98.87
CUST_0185,TXN_01372,2026-06-30,Social,CAMP_WELCOME,Electronics,315.63,SEASONAL30,0.3,94.69,220.94
CUST_0178,TXN_01373,2026-07-23,Direct,CAMP_LOYALTY,Sports,143.16,LOYALTY15,0.15,21.47,121.69
CUST_0215,TXN_01374,2026-08-14,Social,CAMP_SEASONAL,Electronics,144.86,LOYALTY15,0.15,21.73,123.13
CUST_0356,TXN_01375,2026-07-13,Email,CAMP_WELCOME,Sports,243.05,NONE,0.0,0.0,243.05
CUST_0037,TXN_01376,2026-07-14,Social,CAMP_WELCOME,Fashion,66.94,LOYALTY15,0.15,10.04,56.9
CUST_0039,TXN_01377,2026-08-10,Social,CAMP_SEASONAL,Fashion,150.71,FLASH25,0.25,37.68,113.03
CUST_0383,TXN_01378,2026-07-04,Email,CAMP_FLASH,Electronics,20,CART20,0.2,4.0,16.0
CUST_0079,TXN_01379,2026-06-13,Social,CAMP_CART,Fashion,116.99,WELCOME10,0.1,11.7,105.29
CUST_0005,TXN_01380,2026-07-02,PPC,CAMP_FLASH,Sports,94.07,NONE,0.0,0.0,94.07
CUST_0256,TXN_01381,2026-07-31,Direct,CAMP_LOYALTY,Home,174.99,NONE,0.0,0.0,174.99
CUST_0047,TXN_01382,2026-07-09,PPC,CAMP_WELCOME,Fashion,20,LOYALTY15,0.15,3.0,17.0
CUST_0200,TXN_01383,2026-06-13,Email,CAMP_SEASONAL,Beauty,119.54,SEASONAL30,0.3,35.86,83.68
CUST_0160,TXN_01384,2026-08-23,Organic,CAMP_SEASONAL,Fashion,107.83,NONE,0.0,0.0,107.83
CUST_0138,TXN_01385,2026-07-14,PPC,CAMP_FLASH,Electronics,94.1,WELCOME10,0.1,9.41,84.69
CUST_0122,TXN_01386,2026-08-28,Organic,CAMP_LOYALTY,Sports,126.19,SEASONAL30,0.3,37.86,88.33
CUST_0103,TXN_01387,2026-07-30,Organic,CAMP_WELCOME,Sports,207.29,WELCOME10,0.1,20.73,186.56
CUST_0289,TXN_01388,2026-07-20,Email,CAMP_FLASH,Electronics,295.01,WELCOME10,0.1,29.5,265.51
CUST_0182,TXN_01389,2026-07-10,PPC,CAMP_LOYALTY,Home,184.9,NONE,0.0,0.0,184.9
CUST_0384,TXN_01390,2026-07-18,Direct,CAMP_CART,Electronics,100.12,WELCOME10,0.1,10.01,90.11
CUST_0257,TXN_01391,2026-08-10,Email,CAMP_CART,Beauty,172.72,NONE,0.0,0.0,172.72
CUST_0244,TXN_01392,2026-08-10,Direct,CAMP_WELCOME,Electronics,47.93,NONE,0.0,0.0,47.93
CUST_0367,TXN_01393,2026-06-03,Social,CAMP_LOYALTY,Sports,84.48,LOYALTY15,0.15,12.67,71.81
CUST_0264,TXN_01394,2026-07-03,Social,CAMP_FLASH,Home,215.26,CART20,0.2,43.05,172.21
CUST_0184,TXN_01395,2026-08-24,Direct,CAMP_LOYALTY,Fashion,136.35,FLASH25,0.25,34.09,102.26
CUST_0312,TXN_01396,2026-06-27,Email,CAMP_WELCOME,Fashion,31.58,NONE,0.0,0.0,31.58
CUST_0392,TXN_01397,2026-06-20,Email,CAMP_SEASONAL,Electronics,53.83,NONE,0.0,0.0,53.83
CUST_0232,TXN_01398,2026-06-17,Organic,CAMP_FLASH,Electronics,90.01,CART20,0.2,18.0,72.01
CUST_0036,TXN_01399,2026-07-27,Direct,CAMP_FLASH,Beauty,258.11,FLASH25,0.25,64.53,193.58
CUST_0332,TXN_01400,2026-06-28,Email,CAMP_FLASH,Home,255.87,NONE,0.0,0.0,255.87
CUST_0205,TXN_01401,2026-06-11,Social,CAMP_SEASONAL,Home,80.19,NONE,0.0,0.0,80.19
CUST_0262,TXN_01402,2026-06-26,Direct,CAMP_FLASH,Electronics,216.08,FLASH25,0.25,54.02,162.06
CUST_0317,TXN_01403,2026-08-22,Social,CAMP_CART,Electronics,27.8,NONE,0.0,0.0,27.8
CUST_0079,TXN_01404,2026-08-20,Social,CAMP_SEASONAL,Beauty,167.5,FLASH25,0.25,41.87,125.63
CUST_0342,TXN_01405,2026-07-01,PPC,CAMP_SEASONAL,Electronics,103.65,FLASH25,0.25,25.91,77.74
CUST_0043,TXN_01406,2026-07-10,Direct,CAMP_LOYALTY,Beauty,151.17,NONE,0.0,0.0,151.17
CUST_0168,TXN_01407,2026-06-13,Direct,CAMP_LOYALTY,Beauty,163.85,CART20,0.2,32.77,131.08
CUST_0058,TXN_01408,2026-08-11,Social,CAMP_FLASH,Sports,137.27,FLASH25,0.25,34.32,102.95
CUST_0016,TXN_01409,2026-07-12,Email,CAMP_FLASH,Beauty,155.12,NONE,0.0,0.0,155.12
CUST_0242,TXN_01410,2026-07-26,Organic,CAMP_LOYALTY,Electronics,148.64,FLASH25,0.25,37.16,111.48
CUST_0072,TXN_01411,2026-08-19,Organic,CAMP_SEASONAL,Beauty,176.92,FLASH25,0.25,44.23,132.69
CUST_0268,TXN_01412,2026-08-18,Direct,CAMP_FLASH,Home,166.01,WELCOME10,0.1,16.6,149.41
CUST_0084,TXN_01413,2026-06-29,Direct,CAMP_CART,Fashion,253.35,FLASH25,0.25,63.34,190.01
CUST_0356,TXN_01414,2026-08-28,PPC,CAMP_CART,Fashion,28.02,NONE,0.0,0.0,28.02
CUST_0039,TXN_01415,2026-06-16,PPC,CAMP_LOYALTY,Home,186.97,NONE,0.0,0.0,186.97
CUST_0340,TXN_01416,2026-08-28,Social,CAMP_SEASONAL,Fashion,269.59,CART20,0.2,53.92,215.67
CUST_0255,TXN_01417,2026-08-15,Direct,CAMP_FLASH,Sports,128.87,NONE,0.0,0.0,128.87
CUST_0369,TXN_01418,2026-08-13,Direct,CAMP_CART,Electronics,200.18,NONE,0.0,0.0,200.18
CUST_0018,TXN_01419,2026-07-07,PPC,CAMP_LOYALTY,Sports,141.39,LOYALTY15,0.15,21.21,120.18
CUST_0193,TXN_01420,2026-08-28,Organic,CAMP_FLASH,Electronics,147.97,SEASONAL30,0.3,44.39,103.58
CUST_0154,TXN_01421,2026-06-26,Email,CAMP_SEASONAL,Beauty,176.89,NONE,0.0,0.0,176.89
CUST_0211,TXN_01422,2026-07-18,Email,CAMP_LOYALTY,Beauty,96.66,SEASONAL30,0.3,29.0,67.66
CUST_0219,TXN_01423,2026-06-14,Social,CAMP_CART,Beauty,167.36,SEASONAL30,0.3,50.21,117.15
CUST_0195,TXN_01424,2026-06-09,Organic,CAMP_CART,Electronics,122.37,NONE,0.0,0.0,122.37
CUST_0044,TXN_01425,2026-08-16,Email,CAMP_WELCOME,Sports,218.8,NONE,0.0,0.0,218.8
CUST_0210,TXN_01426,2026-08-17,Direct,CAMP_CART,Sports,212.82,SEASONAL30,0.3,63.85,148.97
CUST_0016,TXN_01427,2026-07-07,Social,CAMP_LOYALTY,Beauty,195.52,NONE,0.0,0.0,195.52
CUST_0282,TXN_01428,2026-07-16,Direct,CAMP_SEASONAL,Beauty,113.38,WELCOME10,0.1,11.34,102.04
CUST_0003,TXN_01429,2026-08-01,PPC,CAMP_FLASH,Home,164.66,NONE,0.0,0.0,164.66
CUST_0337,TXN_01430,2026-06-04,Social,CAMP_WELCOME,Beauty,130.45,FLASH25,0.25,32.61,97.84
CUST_0016,TXN_01431,2026-07-13,PPC,CAMP_CART,Home,244.59,LOYALTY15,0.15,36.69,207.9
CUST_0171,TXN_01432,2026-07-10,Social,CAMP_CART,Beauty,174.37,SEASONAL30,0.3,52.31,122.06
CUST_0026,TXN_01433,2026-06-17,Direct,CAMP_LOYALTY,Beauty,202.9,NONE,0.0,0.0,202.9
CUST_0372,TXN_01434,2026-07-31,Email,CAMP_LOYALTY,Sports,194.93,FLASH25,0.25,48.73,146.2
CUST_0060,TXN_01435,2026-07-10,Organic,CAMP_CART,Fashion,245.69,NONE,0.0,0.0,245.69
CUST_0165,TXN_01436,2026-06-10,PPC,CAMP_LOYALTY,Electronics,146.97,NONE,0.0,0.0,146.97
CUST_0316,TXN_01437,2026-08-19,PPC,CAMP_SEASONAL,Electronics,163.32,NONE,0.0,0.0,163.32
CUST_0380,TXN_01438,2026-08-06,Social,CAMP_LOYALTY,Home,124.36,CART20,0.2,24.87,99.49
CUST_0099,TXN_01439,2026-07-29,Direct,CAMP_FLASH,Electronics,20,NONE,0.0,0.0,20.0
CUST_0140,TXN_01440,2026-08-16,Email,CAMP_SEASONAL,Sports,166.57,SEASONAL30,0.3,49.97,116.6
CUST_0062,TXN_01441,2026-07-27,Social,CAMP_WELCOME,Electronics,155.26,CART20,0.2,31.05,124.21
CUST_0253,TXN_01442,2026-06-28,Email,CAMP_SEASONAL,Electronics,208.04,WELCOME10,0.1,20.8,187.24
CUST_0249,TXN_01443,2026-08-20,Social,CAMP_SEASONAL,Beauty,39.38,NONE,0.0,0.0,39.38
CUST_0160,TXN_01444,2026-08-28,Social,CAMP_CART,Sports,99.77,CART20,0.2,19.95,79.82
CUST_0016,TXN_01445,2026-07-16,Direct,CAMP_CART,Sports,95.19,CART20,0.2,19.04,76.15
CUST_0279,TXN_01446,2026-08-05,PPC,CAMP_WELCOME,Sports,206.77,WELCOME10,0.1,20.68,186.09
CUST_0011,TXN_01447,2026-08-02,Organic,CAMP_WELCOME,Fashion,142.1,LOYALTY15,0.15,21.32,120.78
CUST_0015,TXN_01448,2026-08-13,Organic,CAMP_FLASH,Beauty,121.86,NONE,0.0,0.0,121.86
CUST_0102,TXN_01449,2026-07-16,PPC,CAMP_FLASH,Beauty,174.24,NONE,0.0,0.0,174.24
CUST_0381,TXN_01450,2026-08-05,Organic,CAMP_LOYALTY,Fashion,161.33,NONE,0.0,0.0,161.33
CUST_0351,TXN_01451,2026-07-25,Direct,CAMP_WELCOME,Sports,85.13,NONE,0.0,0.0,85.13
CUST_0392,TXN_01452,2026-07-05,Direct,CAMP_SEASONAL,Sports,111.79,FLASH25,0.25,27.95,83.84
CUST_0382,TXN_01453,2026-06-11,Email,CAMP_CART,Beauty,122.69,CART20,0.2,24.54,98.15
CUST_0219,TXN_01454,2026-08-21,Direct,CAMP_LOYALTY,Electronics,155.94,NONE,0.0,0.0,155.94
CUST_0261,TXN_01455,2026-07-23,PPC,CAMP_CART,Home,188.78,FLASH25,0.25,47.19,141.59
CUST_0203,TXN_01456,2026-08-06,Organic,CAMP_LOYALTY,Electronics,174.03,NONE,0.0,0.0,174.03
CUST_0110,TXN_01457,2026-07-13,Social,CAMP_FLASH,Electronics,146.48,NONE,0.0,0.0,146.48
CUST_0004,TXN_01458,2026-06-18,Organic,CAMP_LOYALTY,Sports,136.6,FLASH25,0.25,34.15,102.45
CUST_0033,TXN_01459,2026-08-02,PPC,CAMP_LOYALTY,Electronics,147.4,SEASONAL30,0.3,44.22,103.18
CUST_0287,TXN_01460,2026-06-05,Email,CAMP_CART,Beauty,126.8,NONE,0.0,0.0,126.8
CUST_0349,TXN_01461,2026-07-20,Organic,CAMP_LOYALTY,Fashion,214.1,NONE,0.0,0.0,214.1
CUST_0025,TXN_01462,2026-07-07,Email,CAMP_WELCOME,Beauty,161.02,NONE,0.0,0.0,161.02
CUST_0087,TXN_01463,2026-07-11,Social,CAMP_CART,Electronics,78.88,SEASONAL30,0.3,23.66,55.22
CUST_0145,TXN_01464,2026-08-29,Direct,CAMP_FLASH,Fashion,235.58,NONE,0.0,0.0,235.58
CUST_0206,TXN_01465,2026-06-23,Email,CAMP_FLASH,Electronics,150.76,SEASONAL30,0.3,45.23,105.53
CUST_0035,TXN_01466,2026-07-25,Organic,CAMP_FLASH,Beauty,38.33,CART20,0.2,7.67,30.66
CUST_0040,TXN_01467,2026-06-27,PPC,CAMP_WELCOME,Beauty,159.46,CART20,0.2,31.89,127.57
CUST_0152,TXN_01468,2026-08-14,Organic,CAMP_CART,Electronics,120.01,NONE,0.0,0.0,120.01
CUST_0014,TXN_01469,2026-08-12,Email,CAMP_FLASH,Beauty,82.83,WELCOME10,0.1,8.28,74.55
CUST_0115,TXN_01470,2026-07-13,PPC,CAMP_WELCOME,Electronics,157.22,NONE,0.0,0.0,157.22
CUST_0132,TXN_01471,2026-08-24,Email,CAMP_WELCOME,Home,171.42,NONE,0.0,0.0,171.42
CUST_0038,TXN_01472,2026-07-12,Organic,CAMP_LOYALTY,Fashion,132.77,NONE,0.0,0.0,132.77
CUST_0298,TXN_01473,2026-08-13,Organic,CAMP_LOYALTY,Sports,223.62,NONE,0.0,0.0,223.62
CUST_0211,TXN_01474,2026-06-17,Direct,CAMP_SEASONAL,Home,86.71,LOYALTY15,0.15,13.01,73.7
CUST_0164,TXN_01475,2026-06-29,Social,CAMP_WELCOME,Home,78.07,NONE,0.0,0.0,78.07
CUST_0392,TXN_01476,2026-06-06,Social,CAMP_WELCOME,Electronics,133.45,LOYALTY15,0.15,20.02,113.43
CUST_0253,TXN_01477,2026-06-05,Social,CAMP_SEASONAL,Beauty,161.91,WELCOME10,0.1,16.19,145.72
CUST_0096,TXN_01478,2026-06-23,PPC,CAMP_FLASH,Home,89.97,NONE,0.0,0.0,89.97
CUST_0362,TXN_01479,2026-06-26,Email,CAMP_LOYALTY,Fashion,143.89,LOYALTY15,0.15,21.58,122.31
CUST_0186,TXN_01480,2026-08-04,Direct,CAMP_LOYALTY,Electronics,94.58,NONE,0.0,0.0,94.58
CUST_0142,TXN_01481,2026-06-17,Email,CAMP_LOYALTY,Beauty,179.75,CART20,0.2,35.95,143.8
CUST_0054,TXN_01482,2026-08-06,Organic,CAMP_WELCOME,Beauty,138.73,NONE,0.0,0.0,138.73
CUST_0338,TXN_01483,2026-07-27,Email,CAMP_CART,Electronics,99.22,CART20,0.2,19.84,79.38
CUST_0181,TXN_01484,2026-07-18,Email,CAMP_SEASONAL,Home,111.44,SEASONAL30,0.3,33.43,78.01
CUST_0189,TXN_01485,2026-07-06,Social,CAMP_FLASH,Fashion,153.12,FLASH25,0.25,38.28,114.84
CUST_0206,TXN_01486,2026-07-05,Email,CAMP_WELCOME,Fashion,159.66,SEASONAL30,0.3,47.9,111.76
CUST_0056,TXN_01487,2026-08-25,PPC,CAMP_FLASH,Fashion,179.58,WELCOME10,0.1,17.96,161.62
CUST_0033,TXN_01488,2026-06-01,Direct,CAMP_SEASONAL,Beauty,96.74,NONE,0.0,0.0,96.74
CUST_0051,TXN_01489,2026-06-27,Social,CAMP_LOYALTY,Fashion,131.15,CART20,0.2,26.23,104.92
CUST_0177,TXN_01490,2026-08-17,Social,CAMP_CART,Sports,83.87,WELCOME10,0.1,8.39,75.48
CUST_0244,TXN_01491,2026-06-02,Social,CAMP_LOYALTY,Home,74.78,NONE,0.0,0.0,74.78
CUST_0348,TXN_01492,2026-08-11,Email,CAMP_SEASONAL,Beauty,172.11,NONE,0.0,0.0,172.11
CUST_0171,TXN_01493,2026-08-20,Social,CAMP_WELCOME,Sports,154.97,CART20,0.2,30.99,123.98
CUST_0180,TXN_01494,2026-06-30,Email,CAMP_WELCOME,Electronics,211.43,LOYALTY15,0.15,31.71,179.72
CUST_0290,TXN_01495,2026-07-23,Social,CAMP_CART,Sports,126.16,NONE,0.0,0.0,126.16
CUST_0085,TXN_01496,2026-07-03,Direct,CAMP_FLASH,Sports,142.98,CART20,0.2,28.6,114.38
CUST_0131,TXN_01497,2026-07-28,Organic,CAMP_SEASONAL,Electronics,45.01,NONE,0.0,0.0,45.01
CUST_0180,TXN_01498,2026-06-29,Email,CAMP_FLASH,Sports,124.35,SEASONAL30,0.3,37.3,87.05
CUST_0372,TXN_01499,2026-07-08,Social,CAMP_LOYALTY,Home,187.03,LOYALTY15,0.15,28.05,158.98
